0 verbose cli /usr/bin/node /usr/bin/npm
1 info using npm@9.2.0
2 info using node@v22.22.1
3 timing npm:load:whichnode Completed in 1ms
4 timing config:load:defaults Completed in 2ms
5 timing config:load:file:/usr/share/nodejs/npm/npmrc Completed in 22ms
6 timing config:load:builtin Completed in 22ms
7 timing config:load:cli Completed in 3ms
8 timing config:load:env Completed in 0ms
9 timing config:load:file:/home/ubuntu/novel-master-frontend/.npmrc Completed in 0ms
10 timing config:load:project Completed in 3ms
11 timing config:load:file:/home/ubuntu/.npmrc Completed in 0ms
12 timing config:load:user Completed in 1ms
13 timing config:load:file:/etc/npmrc Completed in 0ms
14 timing config:load:global Completed in 0ms
15 timing config:load:setEnvs Completed in 1ms
16 timing config:load Completed in 32ms
17 timing npm:load:configload Completed in 32ms
18 timing npm:load:mkdirpcache Completed in 1ms
19 timing npm:load:mkdirplogs Completed in 1ms
20 verbose title npm install
21 verbose argv "install"
22 timing npm:load:setTitle Completed in 1ms
23 timing config:load:flatten Completed in 3ms
24 timing npm:load:display Completed in 4ms
25 verbose logfile logs-max:10 dir:/home/ubuntu/.npm/_logs/2026-05-25T15_33_07_550Z-
26 verbose logfile /home/ubuntu/.npm/_logs/2026-05-25T15_33_07_550Z-debug-0.log
27 timing npm:load:logFile Completed in 19ms
28 timing npm:load:timers Completed in 0ms
29 timing npm:load:configScope Completed in 0ms
30 timing npm:load Completed in 60ms
31 timing config:load:flatten Completed in 1ms
32 timing arborist:ctor Completed in 2ms
33 silly logfile done cleaning log files
34 timing arborist:ctor Completed in 0ms
35 timing idealTree:init Completed in 33ms
36 timing idealTree:userRequests Completed in 1ms
37 silly idealTree buildDeps
38 silly fetch manifest react@^18.2.0
39 http fetch GET 200 https://registry.npmjs.org/react 257ms (cache miss)
40 silly fetch manifest react-dom@^18.2.0
41 http fetch GET 200 https://registry.npmjs.org/react-dom 167ms (cache miss)
42 silly fetch manifest react-router-dom@^6.20.0
43 http fetch GET 200 https://registry.npmjs.org/react-router-dom 76ms (cache miss)
44 silly fetch manifest react-query@^3.39.3
45 http fetch GET 200 https://registry.npmjs.org/react-query 70ms (cache miss)
46 silly fetch manifest axios@^1.6.2
47 http fetch GET 200 https://registry.npmjs.org/axios 39ms (cache miss)
48 silly fetch manifest socket.io-client@^4.7.4
49 http fetch GET 200 https://registry.npmjs.org/socket.io-client 33ms (cache miss)
50 silly fetch manifest zustand@^4.4.7
51 http fetch GET 200 https://registry.npmjs.org/zustand 33ms (cache miss)
52 silly fetch manifest @types/react@^18.2.43
53 http fetch GET 200 https://registry.npmjs.org/@types%2freact 63ms (cache miss)
54 silly fetch manifest immer@>=9.0.6
55 http fetch GET 200 https://registry.npmjs.org/immer 40ms (cache miss)
56 silly fetch manifest framer-motion@^10.16.16
57 http fetch GET 200 https://registry.npmjs.org/framer-motion 93ms (cache miss)
58 silly fetch manifest lucide-react@^0.294.0
59 http fetch GET 200 https://registry.npmjs.org/lucide-react 74ms (cache miss)
60 silly fetch manifest date-fns@^2.30.0
61 http fetch GET 200 https://registry.npmjs.org/date-fns 34ms (cache miss)
62 silly fetch manifest react-hot-toast@^2.4.1
63 http fetch GET 200 https://registry.npmjs.org/react-hot-toast 26ms (cache miss)
64 silly fetch manifest tailwindcss@^3.3.6
65 http fetch GET 200 https://registry.npmjs.org/tailwindcss 141ms (cache miss)
66 silly fetch manifest autoprefixer@^10.4.16
67 http fetch GET 200 https://registry.npmjs.org/autoprefixer 37ms (cache miss)
68 silly fetch manifest postcss@^8.4.32
69 http fetch GET 200 https://registry.npmjs.org/postcss 42ms (cache miss)
70 silly fetch manifest @tailwindcss/typography@^0.5.10
71 http fetch GET 200 https://registry.npmjs.org/@tailwindcss%2ftypography 45ms (cache miss)
72 silly fetch manifest react-intersection-observer@^9.5.3
73 http fetch GET 200 https://registry.npmjs.org/react-intersection-observer 35ms (cache miss)
74 silly fetch manifest react-virtualized@^9.22.5
75 http fetch GET 200 https://registry.npmjs.org/react-virtualized 59ms (cache miss)
76 silly fetch manifest @vitejs/plugin-react@^4.2.1
77 http fetch GET 200 https://registry.npmjs.org/@vitejs%2fplugin-react 46ms (cache miss)
78 silly fetch manifest vite@^5.0.8
79 http fetch GET 200 https://registry.npmjs.org/vite 89ms (cache miss)
80 silly fetch manifest @types/node@^18.0.0 || >=20.0.0
81 http fetch GET 200 https://registry.npmjs.org/@types%2fnode 129ms (cache miss)
82 silly fetch manifest less@*
83 http fetch GET 200 https://registry.npmjs.org/less 30ms (cache miss)
84 silly fetch manifest lightningcss@^1.21.0
85 http fetch GET 200 https://registry.npmjs.org/lightningcss 24ms (cache miss)
86 silly fetch manifest sass@*
87 http fetch GET 200 https://registry.npmjs.org/sass 40ms (cache miss)
88 silly fetch manifest sass-embedded@*
89 http fetch GET 200 https://registry.npmjs.org/sass-embedded 34ms (cache miss)
90 silly fetch manifest stylus@*
91 http fetch GET 200 https://registry.npmjs.org/stylus 34ms (cache miss)
92 silly fetch manifest sugarss@*
93 http fetch GET 200 https://registry.npmjs.org/sugarss 24ms (cache miss)
94 silly fetch manifest terser@^5.4.0
95 http fetch GET 200 https://registry.npmjs.org/terser 35ms (cache miss)
96 silly fetch manifest vite-plugin-pwa@^0.17.4
97 http fetch GET 200 https://registry.npmjs.org/vite-plugin-pwa 52ms (cache miss)
98 silly fetch manifest typescript@^5.3.3
99 http fetch GET 200 https://registry.npmjs.org/typescript 224ms (cache miss)
100 silly fetch manifest @types/react-dom@^18.2.17
101 http fetch GET 200 https://registry.npmjs.org/@types%2freact-dom 71ms (cache miss)
102 silly placeDep ROOT @tailwindcss/typography@0.5.19 OK for: novel-master-frontend@1.0.0 want: ^0.5.10
103 silly placeDep ROOT tailwindcss@3.4.19 OK for: @tailwindcss/typography@0.5.19 want: >=3.0.0 || insiders || >=4.0.0-alpha.20 || >=4.0.0-beta.1
104 silly placeDep ROOT @types/react@18.3.29 OK for: novel-master-frontend@1.0.0 want: ^18.2.43
105 silly placeDep ROOT @types/react-dom@18.3.7 OK for: novel-master-frontend@1.0.0 want: ^18.2.17
106 silly placeDep ROOT @vitejs/plugin-react@4.7.0 OK for: novel-master-frontend@1.0.0 want: ^4.2.1
107 silly placeDep ROOT vite@5.4.21 OK for: @vitejs/plugin-react@4.7.0 want: ^4.2.0 || ^5.0.0 || ^6.0.0 || ^7.0.0
108 silly placeDep ROOT autoprefixer@10.5.0 OK for: novel-master-frontend@1.0.0 want: ^10.4.16
109 silly placeDep ROOT postcss@8.5.15 OK for: autoprefixer@10.5.0 want: ^8.1.0
110 silly placeDep ROOT axios@1.16.1 OK for: novel-master-frontend@1.0.0 want: ^1.6.2
111 silly placeDep ROOT date-fns@2.30.0 OK for: novel-master-frontend@1.0.0 want: ^2.30.0
112 silly placeDep ROOT framer-motion@10.18.0 OK for: novel-master-frontend@1.0.0 want: ^10.16.16
113 silly placeDep ROOT lucide-react@0.294.0 OK for: novel-master-frontend@1.0.0 want: ^0.294.0
114 silly placeDep ROOT react@18.3.1 OK for: lucide-react@0.294.0 want: ^16.5.1 || ^17.0.0 || ^18.0.0
115 silly placeDep ROOT react-dom@18.3.1 OK for: novel-master-frontend@1.0.0 want: ^18.2.0
116 silly placeDep ROOT react-hot-toast@2.6.0 OK for: novel-master-frontend@1.0.0 want: ^2.4.1
117 silly placeDep ROOT react-intersection-observer@9.16.0 OK for: novel-master-frontend@1.0.0 want: ^9.5.3
118 silly placeDep ROOT react-query@3.39.3 OK for: novel-master-frontend@1.0.0 want: ^3.39.3
119 silly placeDep ROOT react-router-dom@6.30.3 OK for: novel-master-frontend@1.0.0 want: ^6.20.0
120 silly placeDep ROOT react-virtualized@9.22.6 OK for: novel-master-frontend@1.0.0 want: ^9.22.5
121 silly placeDep ROOT socket.io-client@4.8.3 OK for: novel-master-frontend@1.0.0 want: ^4.7.4
122 silly placeDep ROOT typescript@5.9.3 OK for: novel-master-frontend@1.0.0 want: ^5.3.3
123 silly placeDep ROOT vite-plugin-pwa@0.17.5 OK for: novel-master-frontend@1.0.0 want: ^0.17.4
124 silly placeDep ROOT zustand@4.5.7 OK for: novel-master-frontend@1.0.0 want: ^4.4.7
125 silly fetch manifest postcss-selector-parser@6.0.10
126 silly fetch manifest arg@^5.0.2
127 silly fetch manifest dlv@^1.1.3
128 silly fetch manifest jiti@^1.21.7
129 silly fetch manifest is-glob@^4.0.3
130 silly fetch manifest resolve@^1.22.8
131 silly fetch manifest sucrase@^3.35.0
132 silly fetch manifest chokidar@^3.6.0
133 silly fetch manifest fast-glob@^3.3.2
134 silly fetch manifest lilconfig@^3.1.3
135 silly fetch manifest didyoumean@^1.2.2
136 silly fetch manifest micromatch@^4.0.8
137 silly fetch manifest picocolors@^1.1.1
138 silly fetch manifest postcss-js@^4.0.1
139 silly fetch manifest glob-parent@^6.0.2
140 silly fetch manifest object-hash@^3.0.0
141 silly fetch manifest normalize-path@^3.0.0
142 silly fetch manifest postcss-import@^15.1.0
143 silly fetch manifest postcss-nested@^6.2.0
144 silly fetch manifest @alloc/quick-lru@^5.2.0
145 silly fetch manifest postcss-load-config@^4.0.2 || ^5.0 || ^6.0
146 silly fetch manifest postcss-selector-parser@^6.1.2
147 silly fetch manifest csstype@^3.2.2
148 silly fetch manifest @types/prop-types@*
149 silly fetch manifest @babel/core@^7.28.0
150 silly fetch manifest react-refresh@^0.17.0
151 silly fetch manifest @types/babel__core@^7.20.5
152 silly fetch manifest @rolldown/pluginutils@1.0.0-beta.27
153 silly fetch manifest @babel/plugin-transform-react-jsx-self@^7.27.1
154 silly fetch manifest @babel/plugin-transform-react-jsx-source@^7.27.1
155 silly fetch manifest rollup@^4.20.0
156 silly fetch manifest esbuild@^0.21.3
157 silly fetch manifest fsevents@~2.3.3
158 silly fetch manifest browserslist@^4.28.2
159 silly fetch manifest caniuse-lite@^1.0.30001787
160 silly fetch manifest fraction.js@^5.3.4
161 silly fetch manifest postcss-value-parser@^4.2.0
162 silly fetch manifest nanoid@^3.3.12
163 silly fetch manifest source-map-js@^1.2.1
164 silly fetch manifest follow-redirects@^1.16.0
165 silly fetch manifest form-data@^4.0.5
166 silly fetch manifest https-proxy-agent@^5.0.1
167 silly fetch manifest proxy-from-env@^2.1.0
168 silly fetch manifest @babel/runtime@^7.21.0
169 silly fetch manifest tslib@^2.4.0
170 silly fetch manifest @emotion/is-prop-valid@^0.8.2
171 silly fetch manifest loose-envify@^1.1.0
172 silly fetch manifest scheduler@^0.23.2
173 silly fetch manifest csstype@^3.1.3
174 silly fetch manifest goober@^2.1.16
175 silly fetch manifest @babel/runtime@^7.5.5
176 silly fetch manifest broadcast-channel@^3.4.1
177 silly fetch manifest match-sorter@^6.0.2
178 silly fetch manifest react-router@6.30.3
179 silly fetch manifest @remix-run/router@1.23.2
180 silly fetch manifest clsx@^1.0.4
181 silly fetch manifest prop-types@^15.7.2
182 silly fetch manifest dom-helpers@^5.1.3
183 silly fetch manifest loose-envify@^1.4.0
184 silly fetch manifest @babel/runtime@^7.7.2
185 silly fetch manifest react-lifecycles-compat@^3.0.4
186 silly fetch manifest @socket.io/component-emitter@~3.1.0
187 silly fetch manifest debug@~4.4.1
188 silly fetch manifest engine.io-client@~6.6.1
189 silly fetch manifest socket.io-parser@~4.2.4
190 silly fetch manifest debug@^4.3.4
191 silly fetch manifest pretty-bytes@^6.1.1
192 silly fetch manifest workbox-build@^7.0.0
193 silly fetch manifest workbox-window@^7.0.0
194 silly fetch manifest use-sync-external-store@^1.2.2
195 http fetch GET 200 https://registry.npmjs.org/postcss-selector-parser 110ms (cache miss)
196 http fetch GET 200 https://registry.npmjs.org/object-hash 115ms (cache miss)
197 http fetch GET 200 https://registry.npmjs.org/is-glob 344ms (cache miss)
198 http fetch GET 200 https://registry.npmjs.org/normalize-path 340ms (cache miss)
199 http fetch GET 200 https://registry.npmjs.org/dlv 365ms (cache miss)
200 http fetch GET 200 https://registry.npmjs.org/didyoumean 374ms (cache miss)
201 http fetch GET 200 https://registry.npmjs.org/picocolors 380ms (cache miss)
202 http fetch GET 200 https://registry.npmjs.org/glob-parent 388ms (cache miss)
203 http fetch GET 200 https://registry.npmjs.org/@alloc%2fquick-lru 387ms (cache miss)
204 http fetch GET 200 https://registry.npmjs.org/arg 401ms (cache miss)
205 http fetch GET 200 https://registry.npmjs.org/@types%2fbabel__core 411ms (cache miss)
206 http fetch GET 200 https://registry.npmjs.org/postcss-js 434ms (cache miss)
207 http fetch GET 200 https://registry.npmjs.org/lilconfig 445ms (cache miss)
208 http fetch GET 200 https://registry.npmjs.org/fraction.js 440ms (cache miss)
209 http fetch GET 200 https://registry.npmjs.org/form-data 439ms (cache miss)
210 http fetch GET 200 https://registry.npmjs.org/https-proxy-agent 439ms (cache miss)
211 http fetch GET 200 https://registry.npmjs.org/follow-redirects 444ms (cache miss)
212 http fetch GET 200 https://registry.npmjs.org/source-map-js 447ms (cache miss)
213 http fetch GET 200 https://registry.npmjs.org/proxy-from-env 446ms (cache miss)
214 http fetch GET 200 https://registry.npmjs.org/prop-types 440ms (cache miss)
215 http fetch GET 200 https://registry.npmjs.org/loose-envify 440ms (cache miss)
216 http fetch GET 200 https://registry.npmjs.org/micromatch 462ms (cache miss)
217 http fetch GET 200 https://registry.npmjs.org/@socket.io%2fcomponent-emitter 446ms (cache miss)
218 http fetch GET 200 https://registry.npmjs.org/postcss-selector-parser 466ms (cache miss)
219 http fetch GET 200 https://registry.npmjs.org/@types%2fprop-types 466ms (cache miss)
220 http fetch GET 200 https://registry.npmjs.org/loose-envify 458ms (cache miss)
221 http fetch GET 200 https://registry.npmjs.org/postcss-load-config 473ms (cache miss)
222 http fetch GET 200 https://registry.npmjs.org/postcss-nested 480ms (cache miss)
223 http fetch GET 200 https://registry.npmjs.org/tslib 472ms (cache miss)
224 http fetch GET 200 https://registry.npmjs.org/clsx 469ms (cache miss)
225 http fetch GET 200 https://registry.npmjs.org/react-lifecycles-compat 468ms (cache miss)
226 http fetch GET 200 https://registry.npmjs.org/match-sorter 476ms (cache miss)
227 http fetch GET 200 https://registry.npmjs.org/pretty-bytes 471ms (cache miss)
228 http fetch GET 200 https://registry.npmjs.org/fast-glob 497ms (cache miss)
229 http fetch GET 200 https://registry.npmjs.org/postcss-import 496ms (cache miss)
230 http fetch GET 200 https://registry.npmjs.org/postcss-value-parser 491ms (cache miss)
231 http fetch GET 200 https://registry.npmjs.org/dom-helpers 486ms (cache miss)
232 http fetch GET 200 https://registry.npmjs.org/debug 484ms (cache miss)
233 http fetch GET 200 https://registry.npmjs.org/fsevents 505ms (cache miss)
234 http fetch GET 200 https://registry.npmjs.org/debug 493ms (cache miss)
235 http fetch GET 200 https://registry.npmjs.org/socket.io-parser 497ms (cache miss)
236 http fetch GET 200 https://registry.npmjs.org/workbox-window 499ms (cache miss)
237 http fetch GET 200 https://registry.npmjs.org/@emotion%2fis-prop-valid 514ms (cache miss)
238 http fetch GET 200 https://registry.npmjs.org/@rolldown%2fpluginutils 524ms (cache miss)
239 http fetch GET 200 https://registry.npmjs.org/chokidar 541ms (cache miss)
240 http fetch GET 200 https://registry.npmjs.org/csstype 528ms (cache miss)
241 http fetch GET 200 https://registry.npmjs.org/engine.io-client 525ms (cache miss)
242 http fetch GET 200 https://registry.npmjs.org/workbox-build 528ms (cache miss)
243 http fetch GET 200 https://registry.npmjs.org/@babel%2fruntime 539ms (cache miss)
244 http fetch GET 200 https://registry.npmjs.org/resolve 559ms (cache miss)
245 http fetch GET 200 https://registry.npmjs.org/@babel%2fruntime 541ms (cache miss)
246 http fetch GET 200 https://registry.npmjs.org/goober 549ms (cache miss)
247 http fetch GET 200 https://registry.npmjs.org/@babel%2fruntime 562ms (cache miss)
248 http fetch GET 200 https://registry.npmjs.org/@remix-run%2frouter 565ms (cache miss)
249 http fetch GET 200 https://registry.npmjs.org/sucrase 596ms (cache miss)
250 http fetch GET 200 https://registry.npmjs.org/@babel%2fplugin-transform-react-jsx-source 599ms (cache miss)
251 http fetch GET 200 https://registry.npmjs.org/@babel%2fplugin-transform-react-jsx-self 606ms (cache miss)
252 http fetch GET 200 https://registry.npmjs.org/broadcast-channel 600ms (cache miss)
253 http fetch GET 200 https://registry.npmjs.org/csstype 629ms (cache miss)
254 http fetch GET 200 https://registry.npmjs.org/nanoid 634ms (cache miss)
255 http fetch GET 200 https://registry.npmjs.org/browserslist 649ms (cache miss)
256 http fetch GET 200 https://registry.npmjs.org/jiti 665ms (cache miss)
257 http fetch GET 200 https://registry.npmjs.org/@babel%2fcore 667ms (cache miss)
258 http fetch GET 200 https://registry.npmjs.org/esbuild 701ms (cache miss)
259 http fetch GET 200 https://registry.npmjs.org/caniuse-lite 722ms (cache miss)
260 http fetch GET 200 https://registry.npmjs.org/react-router 728ms (cache miss)
261 http fetch GET 200 https://registry.npmjs.org/use-sync-external-store 767ms (cache miss)
262 http fetch GET 200 https://registry.npmjs.org/rollup 820ms (cache miss)
263 http fetch GET 200 https://registry.npmjs.org/scheduler 850ms (cache miss)
264 http fetch GET 200 https://registry.npmjs.org/react-refresh 899ms (cache miss)
265 timing idealTree:#root Completed in 3799ms
266 silly placeDep ROOT postcss-selector-parser@6.0.10 OK for: @tailwindcss/typography@0.5.19 want: 6.0.10
267 silly fetch manifest cssesc@^3.0.0
268 silly fetch manifest util-deprecate@^1.0.2
269 http fetch GET 200 https://registry.npmjs.org/util-deprecate 34ms (cache miss)
270 http fetch GET 200 https://registry.npmjs.org/cssesc 36ms (cache miss)
271 timing idealTree:node_modules/@tailwindcss/typography Completed in 41ms
272 silly placeDep ROOT @types/prop-types@15.7.15 OK for: @types/react@18.3.29 want: *
273 silly placeDep ROOT csstype@3.2.3 OK for: @types/react@18.3.29 want: ^3.2.2
274 timing idealTree:node_modules/@types/react Completed in 3ms
275 timing idealTree:node_modules/@types/prop-types Completed in 0ms
276 timing idealTree:node_modules/@types/react-dom Completed in 0ms
277 silly placeDep ROOT @babel/core@7.29.7 OK for: @vitejs/plugin-react@4.7.0 want: ^7.28.0
278 silly placeDep ROOT @babel/plugin-transform-react-jsx-self@7.29.7 OK for: @vitejs/plugin-react@4.7.0 want: ^7.27.1
279 silly placeDep ROOT @babel/plugin-transform-react-jsx-source@7.29.7 OK for: @vitejs/plugin-react@4.7.0 want: ^7.27.1
280 silly placeDep ROOT @rolldown/pluginutils@1.0.0-beta.27 OK for: @vitejs/plugin-react@4.7.0 want: 1.0.0-beta.27
281 silly placeDep ROOT @types/babel__core@7.20.5 OK for: @vitejs/plugin-react@4.7.0 want: ^7.20.5
282 silly placeDep ROOT react-refresh@0.17.0 OK for: @vitejs/plugin-react@4.7.0 want: ^0.17.0
283 silly fetch manifest @babel/code-frame@^7.29.7
284 silly fetch manifest @babel/generator@^7.29.7
285 silly fetch manifest @babel/helper-compilation-targets@^7.29.7
286 silly fetch manifest @babel/helper-module-transforms@^7.29.7
287 silly fetch manifest @babel/helpers@^7.29.7
288 silly fetch manifest @babel/parser@^7.29.7
289 silly fetch manifest @babel/template@^7.29.7
290 silly fetch manifest @babel/traverse@^7.29.7
291 silly fetch manifest @babel/types@^7.29.7
292 silly fetch manifest @jridgewell/remapping@^2.3.5
293 silly fetch manifest convert-source-map@^2.0.0
294 silly fetch manifest debug@^4.1.0
295 silly fetch manifest gensync@^1.0.0-beta.2
296 silly fetch manifest json5@^2.2.3
297 silly fetch manifest semver@^6.3.1
298 silly fetch manifest @babel/helper-plugin-utils@^7.29.7
299 silly fetch manifest @babel/types@^7.20.7
300 silly fetch manifest @babel/parser@^7.20.7
301 silly fetch manifest @types/babel__template@*
302 silly fetch manifest @types/babel__traverse@*
303 silly fetch manifest @types/babel__generator@*
304 http fetch GET 200 https://registry.npmjs.org/gensync 45ms (cache miss)
305 http fetch GET 200 https://registry.npmjs.org/convert-source-map 48ms (cache miss)
306 http fetch GET 200 https://registry.npmjs.org/json5 82ms (cache miss)
307 http fetch GET 200 https://registry.npmjs.org/semver 89ms (cache miss)
308 http fetch GET 200 https://registry.npmjs.org/@types%2fbabel__template 104ms (cache miss)
309 http fetch GET 200 https://registry.npmjs.org/@babel%2fcode-frame 113ms (cache miss)
310 http fetch GET 200 https://registry.npmjs.org/@jridgewell%2fremapping 112ms (cache miss)
311 http fetch GET 200 https://registry.npmjs.org/@types%2fbabel__generator 112ms (cache miss)
312 http fetch GET 200 https://registry.npmjs.org/@babel%2fhelper-compilation-targets 120ms (cache miss)
313 http fetch GET 200 https://registry.npmjs.org/@types%2fbabel__traverse 116ms (cache miss)
314 http fetch GET 200 https://registry.npmjs.org/@babel%2fhelper-plugin-utils 120ms (cache miss)
315 http fetch GET 200 https://registry.npmjs.org/@babel%2ftemplate 122ms (cache miss)
316 http fetch GET 200 https://registry.npmjs.org/@babel%2fhelper-module-transforms 126ms (cache miss)
317 http fetch GET 200 https://registry.npmjs.org/@babel%2fgenerator 130ms (cache miss)
318 http fetch GET 200 https://registry.npmjs.org/@babel%2ftraverse 134ms (cache miss)
319 http fetch GET 200 https://registry.npmjs.org/@babel%2fhelpers 138ms (cache miss)
320 http fetch GET 200 https://registry.npmjs.org/@babel%2ftypes 145ms (cache miss)
321 http fetch GET 200 https://registry.npmjs.org/@babel%2ftypes 144ms (cache miss)
322 http fetch GET 200 https://registry.npmjs.org/@babel%2fparser 150ms (cache miss)
323 http fetch GET 200 https://registry.npmjs.org/@babel%2fparser 150ms (cache miss)
324 timing idealTree:node_modules/@vitejs/plugin-react Completed in 170ms
325 silly fetch manifest @babel/core@^7.0.0
326 silly placeDep ROOT @babel/code-frame@7.29.7 OK for: @babel/core@7.29.7 want: ^7.29.7
327 silly placeDep ROOT @babel/generator@7.29.7 OK for: @babel/core@7.29.7 want: ^7.29.7
328 silly placeDep ROOT @babel/helper-compilation-targets@7.29.7 OK for: @babel/core@7.29.7 want: ^7.29.7
329 silly placeDep ROOT @babel/helper-module-transforms@7.29.7 OK for: @babel/core@7.29.7 want: ^7.29.7
330 silly placeDep ROOT @babel/helpers@7.29.7 OK for: @babel/core@7.29.7 want: ^7.29.7
331 silly placeDep ROOT @babel/parser@7.29.7 OK for: @babel/core@7.29.7 want: ^7.29.7
332 silly placeDep ROOT @babel/template@7.29.7 OK for: @babel/core@7.29.7 want: ^7.29.7
333 silly placeDep ROOT @babel/traverse@7.29.7 OK for: @babel/core@7.29.7 want: ^7.29.7
334 silly placeDep ROOT @babel/types@7.29.7 OK for: @babel/core@7.29.7 want: ^7.29.7
335 silly placeDep ROOT @jridgewell/remapping@2.3.5 OK for: @babel/core@7.29.7 want: ^2.3.5
336 silly placeDep ROOT convert-source-map@2.0.0 OK for: @babel/core@7.29.7 want: ^2.0.0
337 silly placeDep ROOT debug@4.4.3 OK for: @babel/core@7.29.7 want: ^4.1.0
338 silly placeDep ROOT gensync@1.0.0-beta.2 OK for: @babel/core@7.29.7 want: ^1.0.0-beta.2
339 silly placeDep ROOT json5@2.2.3 OK for: @babel/core@7.29.7 want: ^2.2.3
340 silly placeDep ROOT semver@6.3.1 OK for: @babel/core@7.29.7 want: ^6.3.1
341 silly fetch manifest @babel/helper-validator-identifier@^7.29.7
342 silly fetch manifest js-tokens@^4.0.0
343 silly fetch manifest @jridgewell/gen-mapping@^0.3.12
344 silly fetch manifest @jridgewell/trace-mapping@^0.3.28
345 silly fetch manifest jsesc@^3.0.2
346 silly fetch manifest @babel/compat-data@^7.29.7
347 silly fetch manifest @babel/helper-validator-option@^7.29.7
348 silly fetch manifest browserslist@^4.24.0
349 silly fetch manifest lru-cache@^5.1.1
350 silly fetch manifest @babel/helper-module-imports@^7.29.7
351 silly fetch manifest @babel/helper-globals@^7.29.7
352 silly fetch manifest @babel/helper-string-parser@^7.29.7
353 silly fetch manifest @jridgewell/gen-mapping@^0.3.5
354 silly fetch manifest @jridgewell/trace-mapping@^0.3.24
355 silly fetch manifest ms@^2.1.3
356 http fetch GET 200 https://registry.npmjs.org/js-tokens 37ms (cache miss)
357 http fetch GET 200 https://registry.npmjs.org/jsesc 37ms (cache miss)
358 http fetch GET 200 https://registry.npmjs.org/ms 34ms (cache miss)
359 http fetch GET 200 https://registry.npmjs.org/@babel%2fhelper-validator-identifier 76ms (cache miss)
360 http fetch GET 200 https://registry.npmjs.org/@babel%2fhelper-string-parser 74ms (cache miss)
361 http fetch GET 200 https://registry.npmjs.org/@jridgewell%2fgen-mapping 78ms (cache miss)
362 http fetch GET 200 https://registry.npmjs.org/@babel%2fhelper-globals 77ms (cache miss)
363 http fetch GET 200 https://registry.npmjs.org/@jridgewell%2ftrace-mapping 81ms (cache miss)
364 http fetch GET 200 https://registry.npmjs.org/@jridgewell%2fgen-mapping 78ms (cache miss)
365 http fetch GET 200 https://registry.npmjs.org/@babel%2fhelper-module-imports 81ms (cache miss)
366 http fetch GET 200 https://registry.npmjs.org/@babel%2fcompat-data 83ms (cache miss)
367 http fetch GET 200 https://registry.npmjs.org/@babel%2fhelper-validator-option 86ms (cache miss)
368 http fetch GET 200 https://registry.npmjs.org/@jridgewell%2ftrace-mapping 77ms (cache miss)
369 http fetch GET 200 https://registry.npmjs.org/lru-cache 87ms (cache miss)
370 timing idealTree:node_modules/@babel/core Completed in 124ms
371 silly placeDep ROOT @babel/helper-validator-identifier@7.29.7 OK for: @babel/code-frame@7.29.7 want: ^7.29.7
372 silly placeDep ROOT js-tokens@4.0.0 OK for: @babel/code-frame@7.29.7 want: ^4.0.0
373 silly placeDep ROOT picocolors@1.1.1 OK for: @babel/code-frame@7.29.7 want: ^1.1.1
374 timing idealTree:node_modules/@babel/code-frame Completed in 4ms
375 silly placeDep ROOT @jridgewell/gen-mapping@0.3.13 OK for: @babel/generator@7.29.7 want: ^0.3.12
376 silly placeDep ROOT @jridgewell/trace-mapping@0.3.31 OK for: @babel/generator@7.29.7 want: ^0.3.28
377 silly placeDep ROOT jsesc@3.1.0 OK for: @babel/generator@7.29.7 want: ^3.0.2
378 silly fetch manifest @jridgewell/sourcemap-codec@^1.5.0
379 silly fetch manifest @jridgewell/resolve-uri@^3.1.0
380 silly fetch manifest @jridgewell/sourcemap-codec@^1.4.14
381 http fetch GET 200 https://registry.npmjs.org/@jridgewell%2fsourcemap-codec 43ms (cache miss)
382 http fetch GET 200 https://registry.npmjs.org/@jridgewell%2fsourcemap-codec 58ms (cache miss)
383 http fetch GET 200 https://registry.npmjs.org/@jridgewell%2fresolve-uri 76ms (cache miss)
384 timing idealTree:node_modules/@babel/generator Completed in 83ms
385 silly placeDep ROOT @babel/compat-data@7.29.7 OK for: @babel/helper-compilation-targets@7.29.7 want: ^7.29.7
386 silly placeDep ROOT @babel/helper-validator-option@7.29.7 OK for: @babel/helper-compilation-targets@7.29.7 want: ^7.29.7
387 silly placeDep ROOT browserslist@4.28.2 OK for: @babel/helper-compilation-targets@7.29.7 want: ^4.24.0
388 silly placeDep ROOT lru-cache@5.1.1 OK for: @babel/helper-compilation-targets@7.29.7 want: ^5.1.1
389 silly fetch manifest baseline-browser-mapping@^2.10.12
390 silly fetch manifest caniuse-lite@^1.0.30001782
391 silly fetch manifest electron-to-chromium@^1.5.328
392 silly fetch manifest node-releases@^2.0.36
393 silly fetch manifest update-browserslist-db@^1.2.3
394 silly fetch manifest yallist@^3.0.2
395 http fetch GET 200 https://registry.npmjs.org/yallist 43ms (cache miss)
396 http fetch GET 200 https://registry.npmjs.org/update-browserslist-db 46ms (cache miss)
397 http fetch GET 200 https://registry.npmjs.org/baseline-browser-mapping 49ms (cache miss)
398 http fetch GET 200 https://registry.npmjs.org/node-releases 51ms (cache miss)
399 http fetch GET 200 https://registry.npmjs.org/electron-to-chromium 151ms (cache miss)
400 timing idealTree:node_modules/@babel/helper-compilation-targets Completed in 172ms
401 timing idealTree:node_modules/@babel/compat-data Completed in 0ms
402 silly placeDep ROOT @babel/helper-module-imports@7.29.7 OK for: @babel/helper-module-transforms@7.29.7 want: ^7.29.7
403 timing idealTree:node_modules/@babel/helper-module-transforms Completed in 2ms
404 timing idealTree:node_modules/@babel/helper-module-imports Completed in 0ms
405 timing idealTree:node_modules/@babel/helper-validator-identifier Completed in 0ms
406 timing idealTree:node_modules/@babel/helper-validator-option Completed in 0ms
407 timing idealTree:node_modules/@babel/helpers Completed in 0ms
408 timing idealTree:node_modules/@babel/parser Completed in 0ms
409 silly placeDep ROOT @babel/helper-plugin-utils@7.29.7 OK for: @babel/plugin-transform-react-jsx-self@7.29.7 want: ^7.29.7
410 timing idealTree:node_modules/@babel/plugin-transform-react-jsx-self Completed in 8ms
411 timing idealTree:node_modules/@babel/helper-plugin-utils Completed in 0ms
412 timing idealTree:node_modules/@babel/plugin-transform-react-jsx-source Completed in 0ms
413 timing idealTree:node_modules/@babel/template Completed in 0ms
414 silly placeDep ROOT @babel/helper-globals@7.29.7 OK for: @babel/traverse@7.29.7 want: ^7.29.7
415 timing idealTree:node_modules/@babel/traverse Completed in 2ms
416 timing idealTree:node_modules/@babel/helper-globals Completed in 0ms
417 silly placeDep ROOT @babel/helper-string-parser@7.29.7 OK for: @babel/types@7.29.7 want: ^7.29.7
418 timing idealTree:node_modules/@babel/types Completed in 3ms
419 timing idealTree:node_modules/@babel/helper-string-parser Completed in 0ms
420 silly placeDep ROOT @jridgewell/sourcemap-codec@1.5.5 OK for: @jridgewell/gen-mapping@0.3.13 want: ^1.5.0
421 timing idealTree:node_modules/@jridgewell/gen-mapping Completed in 1ms
422 timing idealTree:node_modules/@jridgewell/remapping Completed in 0ms
423 timing idealTree:node_modules/@jridgewell/sourcemap-codec Completed in 0ms
424 silly placeDep ROOT @jridgewell/resolve-uri@3.1.2 OK for: @jridgewell/trace-mapping@0.3.31 want: ^3.1.0
425 timing idealTree:node_modules/@jridgewell/trace-mapping Completed in 2ms
426 timing idealTree:node_modules/@jridgewell/resolve-uri Completed in 0ms
427 timing idealTree:node_modules/@rolldown/pluginutils Completed in 0ms
428 silly placeDep ROOT @types/babel__generator@7.27.0 OK for: @types/babel__core@7.20.5 want: *
429 silly placeDep ROOT @types/babel__template@7.4.4 OK for: @types/babel__core@7.20.5 want: *
430 silly placeDep ROOT @types/babel__traverse@7.28.0 OK for: @types/babel__core@7.20.5 want: *
431 timing idealTree:node_modules/@types/babel__core Completed in 4ms
432 timing idealTree:node_modules/@types/babel__generator Completed in 0ms
433 timing idealTree:node_modules/@types/babel__template Completed in 0ms
434 timing idealTree:node_modules/@types/babel__traverse Completed in 0ms
435 silly placeDep ROOT caniuse-lite@1.0.30001793 OK for: autoprefixer@10.5.0 want: ^1.0.30001787
436 silly placeDep ROOT fraction.js@5.3.4 OK for: autoprefixer@10.5.0 want: ^5.3.4
437 silly placeDep ROOT postcss-value-parser@4.2.0 OK for: autoprefixer@10.5.0 want: ^4.2.0
438 timing idealTree:node_modules/autoprefixer Completed in 4ms
439 silly placeDep ROOT follow-redirects@1.16.0 OK for: axios@1.16.1 want: ^1.16.0
440 silly placeDep ROOT form-data@4.0.5 OK for: axios@1.16.1 want: ^4.0.5
441 silly placeDep ROOT https-proxy-agent@5.0.1 OK for: axios@1.16.1 want: ^5.0.1
442 silly placeDep ROOT proxy-from-env@2.1.0 OK for: axios@1.16.1 want: ^2.1.0
443 silly fetch manifest asynckit@^0.4.0
444 silly fetch manifest combined-stream@^1.0.8
445 silly fetch manifest es-set-tostringtag@^2.1.0
446 silly fetch manifest hasown@^2.0.2
447 silly fetch manifest mime-types@^2.1.12
448 silly fetch manifest agent-base@6
449 http fetch GET 200 https://registry.npmjs.org/combined-stream 35ms (cache miss)
450 http fetch GET 200 https://registry.npmjs.org/agent-base 34ms (cache miss)
451 http fetch GET 200 https://registry.npmjs.org/asynckit 48ms (cache miss)
452 http fetch GET 200 https://registry.npmjs.org/es-set-tostringtag 48ms (cache miss)
453 http fetch GET 200 https://registry.npmjs.org/hasown 48ms (cache miss)
454 http fetch GET 200 https://registry.npmjs.org/mime-types 49ms (cache miss)
455 timing idealTree:node_modules/axios Completed in 60ms
456 silly fetch manifest browserslist@>= 4.21.0
457 silly placeDep ROOT baseline-browser-mapping@2.10.32 OK for: browserslist@4.28.2 want: ^2.10.12
458 silly placeDep ROOT electron-to-chromium@1.5.361 OK for: browserslist@4.28.2 want: ^1.5.328
459 silly placeDep ROOT node-releases@2.0.46 OK for: browserslist@4.28.2 want: ^2.0.36
460 silly placeDep ROOT update-browserslist-db@1.2.3 OK for: browserslist@4.28.2 want: ^1.2.3
461 silly fetch manifest escalade@^3.2.0
462 http fetch GET 200 https://registry.npmjs.org/escalade 36ms (cache miss)
463 timing idealTree:node_modules/browserslist Completed in 44ms
464 timing idealTree:node_modules/baseline-browser-mapping Completed in 0ms
465 timing idealTree:node_modules/caniuse-lite Completed in 0ms
466 timing idealTree:node_modules/convert-source-map Completed in 0ms
467 timing idealTree:node_modules/csstype Completed in 0ms
468 silly placeDep ROOT @babel/runtime@7.29.7 OK for: date-fns@2.30.0 want: ^7.21.0
469 timing idealTree:node_modules/date-fns Completed in 2ms
470 timing idealTree:node_modules/@babel/runtime Completed in 0ms
471 silly placeDep ROOT ms@2.1.3 OK for: debug@4.4.3 want: ^2.1.3
472 timing idealTree:node_modules/debug Completed in 2ms
473 timing idealTree:node_modules/electron-to-chromium Completed in 0ms
474 timing idealTree:node_modules/follow-redirects Completed in 0ms
475 silly placeDep ROOT asynckit@0.4.0 OK for: form-data@4.0.5 want: ^0.4.0
476 silly placeDep ROOT combined-stream@1.0.8 OK for: form-data@4.0.5 want: ^1.0.8
477 silly placeDep ROOT es-set-tostringtag@2.1.0 OK for: form-data@4.0.5 want: ^2.1.0
478 silly placeDep ROOT hasown@2.0.3 OK for: form-data@4.0.5 want: ^2.0.2
479 silly placeDep ROOT mime-types@2.1.35 OK for: form-data@4.0.5 want: ^2.1.12
480 silly fetch manifest delayed-stream@~1.0.0
481 silly fetch manifest es-errors@^1.3.0
482 silly fetch manifest get-intrinsic@^1.2.6
483 silly fetch manifest has-tostringtag@^1.0.2
484 silly fetch manifest function-bind@^1.1.2
485 silly fetch manifest mime-db@1.52.0
486 http fetch GET 200 https://registry.npmjs.org/function-bind 25ms (cache miss)
487 http fetch GET 200 https://registry.npmjs.org/get-intrinsic 34ms (cache miss)
488 http fetch GET 200 https://registry.npmjs.org/delayed-stream 36ms (cache miss)
489 http fetch GET 200 https://registry.npmjs.org/has-tostringtag 35ms (cache miss)
490 http fetch GET 200 https://registry.npmjs.org/mime-db 35ms (cache miss)
491 http fetch GET 200 https://registry.npmjs.org/es-errors 40ms (cache miss)
492 timing idealTree:node_modules/form-data Completed in 48ms
493 timing idealTree:node_modules/asynckit Completed in 0ms
494 silly placeDep ROOT delayed-stream@1.0.0 OK for: combined-stream@1.0.8 want: ~1.0.0
495 timing idealTree:node_modules/combined-stream Completed in 1ms
496 timing idealTree:node_modules/delayed-stream Completed in 0ms
497 silly placeDep ROOT es-errors@1.3.0 OK for: es-set-tostringtag@2.1.0 want: ^1.3.0
498 silly placeDep ROOT get-intrinsic@1.3.0 OK for: es-set-tostringtag@2.1.0 want: ^1.2.6
499 silly placeDep ROOT has-tostringtag@1.0.2 OK for: es-set-tostringtag@2.1.0 want: ^1.0.2
500 silly fetch manifest gopd@^1.2.0
501 silly fetch manifest get-proto@^1.0.1
502 silly fetch manifest has-symbols@^1.1.0
503 silly fetch manifest es-object-atoms@^1.1.1
504 silly fetch manifest math-intrinsics@^1.1.0
505 silly fetch manifest es-define-property@^1.0.1
506 silly fetch manifest call-bind-apply-helpers@^1.0.2
507 silly fetch manifest has-symbols@^1.0.3
508 http fetch GET 200 https://registry.npmjs.org/es-define-property 34ms (cache miss)
509 http fetch GET 200 https://registry.npmjs.org/has-symbols 39ms (cache miss)
510 http fetch GET 200 https://registry.npmjs.org/call-bind-apply-helpers 40ms (cache miss)
511 http fetch GET 200 https://registry.npmjs.org/math-intrinsics 42ms (cache miss)
512 http fetch GET 200 https://registry.npmjs.org/has-symbols 45ms (cache miss)
513 http fetch GET 200 https://registry.npmjs.org/es-object-atoms 45ms (cache miss)
514 http fetch GET 200 https://registry.npmjs.org/gopd 47ms (cache miss)
515 http fetch GET 200 https://registry.npmjs.org/get-proto 48ms (cache miss)
516 timing idealTree:node_modules/es-set-tostringtag Completed in 52ms
517 timing idealTree:node_modules/es-errors Completed in 0ms
518 timing idealTree:node_modules/fraction.js Completed in 0ms
519 silly placeDep ROOT @emotion/is-prop-valid@0.8.8 OK for: framer-motion@10.18.0 want: ^0.8.2
520 silly placeDep ROOT tslib@2.8.1 OK for: framer-motion@10.18.0 want: ^2.4.0
521 silly fetch manifest @emotion/memoize@0.7.4
522 http fetch GET 200 https://registry.npmjs.org/@emotion%2fmemoize 53ms (cache miss)
523 timing idealTree:node_modules/framer-motion Completed in 58ms
524 silly placeDep ROOT @emotion/memoize@0.7.4 OK for: @emotion/is-prop-valid@0.8.8 want: 0.7.4
525 timing idealTree:node_modules/@emotion/is-prop-valid Completed in 2ms
526 timing idealTree:node_modules/@emotion/memoize Completed in 0ms
527 timing idealTree:node_modules/gensync Completed in 0ms
528 silly placeDep ROOT call-bind-apply-helpers@1.0.2 OK for: get-intrinsic@1.3.0 want: ^1.0.2
529 silly placeDep ROOT es-define-property@1.0.1 OK for: get-intrinsic@1.3.0 want: ^1.0.1
530 silly placeDep ROOT es-object-atoms@1.1.2 OK for: get-intrinsic@1.3.0 want: ^1.1.1
531 silly placeDep ROOT function-bind@1.1.2 OK for: get-intrinsic@1.3.0 want: ^1.1.2
532 silly placeDep ROOT get-proto@1.0.1 OK for: get-intrinsic@1.3.0 want: ^1.0.1
533 silly placeDep ROOT gopd@1.2.0 OK for: get-intrinsic@1.3.0 want: ^1.2.0
534 silly placeDep ROOT has-symbols@1.1.0 OK for: get-intrinsic@1.3.0 want: ^1.1.0
535 silly placeDep ROOT math-intrinsics@1.1.0 OK for: get-intrinsic@1.3.0 want: ^1.1.0
536 silly fetch manifest dunder-proto@^1.0.1
537 http fetch GET 200 https://registry.npmjs.org/dunder-proto 48ms (cache miss)
538 timing idealTree:node_modules/get-intrinsic Completed in 62ms
539 timing idealTree:node_modules/call-bind-apply-helpers Completed in 0ms
540 timing idealTree:node_modules/es-define-property Completed in 0ms
541 timing idealTree:node_modules/es-object-atoms Completed in 0ms
542 timing idealTree:node_modules/function-bind Completed in 0ms
543 silly placeDep ROOT dunder-proto@1.0.1 OK for: get-proto@1.0.1 want: ^1.0.1
544 timing idealTree:node_modules/get-proto Completed in 3ms
545 timing idealTree:node_modules/dunder-proto Completed in 0ms
546 timing idealTree:node_modules/gopd Completed in 0ms
547 timing idealTree:node_modules/has-symbols Completed in 0ms
548 timing idealTree:node_modules/has-tostringtag Completed in 0ms
549 timing idealTree:node_modules/hasown Completed in 0ms
550 silly placeDep ROOT agent-base@6.0.2 OK for: https-proxy-agent@5.0.1 want: 6
551 timing idealTree:node_modules/https-proxy-agent Completed in 1ms
552 timing idealTree:node_modules/agent-base Completed in 0ms
553 timing idealTree:node_modules/js-tokens Completed in 0ms
554 timing idealTree:node_modules/jsesc Completed in 0ms
555 timing idealTree:node_modules/json5 Completed in 0ms
556 silly placeDep ROOT yallist@3.1.1 OK for: lru-cache@5.1.1 want: ^3.0.2
557 timing idealTree:node_modules/lru-cache Completed in 2ms
558 timing idealTree:node_modules/lucide-react Completed in 0ms
559 timing idealTree:node_modules/math-intrinsics Completed in 0ms
560 silly placeDep ROOT mime-db@1.52.0 OK for: mime-types@2.1.35 want: 1.52.0
561 timing idealTree:node_modules/mime-types Completed in 2ms
562 timing idealTree:node_modules/mime-db Completed in 0ms
563 timing idealTree:node_modules/ms Completed in 0ms
564 timing idealTree:node_modules/node-releases Completed in 0ms
565 timing idealTree:node_modules/picocolors Completed in 0ms
566 silly placeDep ROOT nanoid@3.3.12 OK for: postcss@8.5.15 want: ^3.3.12
567 silly placeDep ROOT source-map-js@1.2.1 OK for: postcss@8.5.15 want: ^1.2.1
568 timing idealTree:node_modules/postcss Completed in 3ms
569 timing idealTree:node_modules/nanoid Completed in 0ms
570 silly placeDep ROOT cssesc@3.0.0 OK for: postcss-selector-parser@6.0.10 want: ^3.0.0
571 silly placeDep ROOT util-deprecate@1.0.2 OK for: postcss-selector-parser@6.0.10 want: ^1.0.2
572 timing idealTree:node_modules/postcss-selector-parser Completed in 3ms
573 timing idealTree:node_modules/cssesc Completed in 0ms
574 timing idealTree:node_modules/postcss-value-parser Completed in 0ms
575 timing idealTree:node_modules/proxy-from-env Completed in 0ms
576 silly placeDep ROOT loose-envify@1.4.0 OK for: react@18.3.1 want: ^1.1.0
577 timing idealTree:node_modules/react Completed in 2ms
578 timing idealTree:node_modules/loose-envify Completed in 0ms
579 silly placeDep ROOT scheduler@0.23.2 OK for: react-dom@18.3.1 want: ^0.23.2
580 timing idealTree:node_modules/react-dom Completed in 3ms
581 silly placeDep ROOT goober@2.1.19 OK for: react-hot-toast@2.6.0 want: ^2.1.16
582 timing idealTree:node_modules/react-hot-toast Completed in 4ms
583 timing idealTree:node_modules/goober Completed in 0ms
584 timing idealTree:node_modules/react-intersection-observer Completed in 0ms
585 silly placeDep ROOT broadcast-channel@3.7.0 OK for: react-query@3.39.3 want: ^3.4.1
586 silly placeDep ROOT match-sorter@6.3.4 OK for: react-query@3.39.3 want: ^6.0.2
587 silly fetch manifest rimraf@3.0.2
588 silly fetch manifest unload@2.2.0
589 silly fetch manifest js-sha3@0.8.0
590 silly fetch manifest nano-time@1.0.0
591 silly fetch manifest detect-node@^2.1.0
592 silly fetch manifest microseconds@0.2.0
593 silly fetch manifest oblivious-set@1.0.0
594 silly fetch manifest remove-accents@0.5.0
595 http fetch GET 200 https://registry.npmjs.org/oblivious-set 31ms (cache miss)
596 http fetch GET 200 https://registry.npmjs.org/detect-node 32ms (cache miss)
597 http fetch GET 200 https://registry.npmjs.org/microseconds 42ms (cache miss)
598 http fetch GET 200 https://registry.npmjs.org/js-sha3 48ms (cache miss)
599 http fetch GET 200 https://registry.npmjs.org/remove-accents 48ms (cache miss)
600 http fetch GET 200 https://registry.npmjs.org/nano-time 50ms (cache miss)
601 http fetch GET 200 https://registry.npmjs.org/rimraf 51ms (cache miss)
602 http fetch GET 200 https://registry.npmjs.org/unload 53ms (cache miss)
603 timing idealTree:node_modules/react-query Completed in 57ms
604 silly placeDep ROOT detect-node@2.1.0 OK for: broadcast-channel@3.7.0 want: ^2.1.0
605 silly placeDep ROOT js-sha3@0.8.0 OK for: broadcast-channel@3.7.0 want: 0.8.0
606 silly placeDep ROOT microseconds@0.2.0 OK for: broadcast-channel@3.7.0 want: 0.2.0
607 silly placeDep ROOT nano-time@1.0.0 OK for: broadcast-channel@3.7.0 want: 1.0.0
608 silly placeDep ROOT oblivious-set@1.0.0 OK for: broadcast-channel@3.7.0 want: 1.0.0
609 silly placeDep ROOT rimraf@3.0.2 OK for: broadcast-channel@3.7.0 want: 3.0.2
610 silly placeDep ROOT unload@2.2.0 OK for: broadcast-channel@3.7.0 want: 2.2.0
611 silly fetch manifest big-integer@^1.6.16
612 silly fetch manifest glob@^7.1.3
613 http fetch GET 200 https://registry.npmjs.org/big-integer 26ms (cache miss)
614 http fetch GET 200 https://registry.npmjs.org/glob 43ms (cache miss)
615 timing idealTree:node_modules/broadcast-channel Completed in 54ms
616 timing idealTree:node_modules/detect-node Completed in 1ms
617 timing idealTree:node_modules/js-sha3 Completed in 0ms
618 silly placeDep ROOT remove-accents@0.5.0 OK for: match-sorter@6.3.4 want: 0.5.0
619 timing idealTree:node_modules/match-sorter Completed in 2ms
620 timing idealTree:node_modules/microseconds Completed in 0ms
621 silly placeDep ROOT big-integer@1.6.52 OK for: nano-time@1.0.0 want: ^1.6.16
622 timing idealTree:node_modules/nano-time Completed in 2ms
623 timing idealTree:node_modules/big-integer Completed in 0ms
624 timing idealTree:node_modules/oblivious-set Completed in 0ms
625 timing idealTree:node_modules/react-refresh Completed in 0ms
626 silly fetch manifest react@>=16.8
627 silly placeDep ROOT @remix-run/router@1.23.2 OK for: react-router-dom@6.30.3 want: 1.23.2
628 silly placeDep ROOT react-router@6.30.3 OK for: react-router-dom@6.30.3 want: 6.30.3
629 timing idealTree:node_modules/react-router-dom Completed in 7ms
630 timing idealTree:node_modules/@remix-run/router Completed in 0ms
631 timing idealTree:node_modules/react-router Completed in 0ms
632 silly placeDep ROOT clsx@1.2.1 OK for: react-virtualized@9.22.6 want: ^1.0.4
633 silly placeDep ROOT dom-helpers@5.2.1 OK for: react-virtualized@9.22.6 want: ^5.1.3
634 silly placeDep ROOT prop-types@15.8.1 OK for: react-virtualized@9.22.6 want: ^15.7.2
635 silly placeDep ROOT react-lifecycles-compat@3.0.4 OK for: react-virtualized@9.22.6 want: ^3.0.4
636 silly fetch manifest object-assign@^4.1.1
637 silly fetch manifest react-is@^16.13.1
638 http fetch GET 200 https://registry.npmjs.org/object-assign 31ms (cache miss)
639 http fetch GET 200 https://registry.npmjs.org/react-is 136ms (cache miss)
640 timing idealTree:node_modules/react-virtualized Completed in 181ms
641 timing idealTree:node_modules/clsx Completed in 0ms
642 timing idealTree:node_modules/dom-helpers Completed in 0ms
643 silly placeDep ROOT object-assign@4.1.1 OK for: prop-types@15.8.1 want: ^4.1.1
644 silly placeDep ROOT react-is@16.13.1 OK for: prop-types@15.8.1 want: ^16.13.1
645 timing idealTree:node_modules/prop-types Completed in 7ms
646 timing idealTree:node_modules/object-assign Completed in 0ms
647 timing idealTree:node_modules/react-is Completed in 0ms
648 timing idealTree:node_modules/react-lifecycles-compat Completed in 0ms
649 timing idealTree:node_modules/remove-accents Completed in 0ms
650 silly placeDep ROOT glob@7.2.3 OK for: rimraf@3.0.2 want: ^7.1.3
651 silly fetch manifest once@^1.3.0
652 silly fetch manifest inflight@^1.0.4
653 silly fetch manifest inherits@2
654 silly fetch manifest minimatch@^3.1.1
655 silly fetch manifest fs.realpath@^1.0.0
656 silly fetch manifest path-is-absolute@^1.0.0
657 http fetch GET 200 https://registry.npmjs.org/path-is-absolute 30ms (cache miss)
658 http fetch GET 200 https://registry.npmjs.org/fs.realpath 31ms (cache miss)
659 http fetch GET 200 https://registry.npmjs.org/once 32ms (cache miss)
660 http fetch GET 200 https://registry.npmjs.org/inherits 46ms (cache miss)
661 http fetch GET 200 https://registry.npmjs.org/minimatch 49ms (cache miss)
662 http fetch GET 200 https://registry.npmjs.org/inflight 54ms (cache miss)
663 timing idealTree:node_modules/rimraf Completed in 56ms
664 silly placeDep ROOT fs.realpath@1.0.0 OK for: glob@7.2.3 want: ^1.0.0
665 silly placeDep ROOT inflight@1.0.6 OK for: glob@7.2.3 want: ^1.0.4
666 silly placeDep ROOT inherits@2.0.4 OK for: glob@7.2.3 want: 2
667 silly placeDep ROOT minimatch@3.1.5 OK for: glob@7.2.3 want: ^3.1.1
668 silly placeDep ROOT once@1.4.0 OK for: glob@7.2.3 want: ^1.3.0
669 silly placeDep ROOT path-is-absolute@1.0.1 OK for: glob@7.2.3 want: ^1.0.0
670 silly fetch manifest wrappy@1
671 silly fetch manifest brace-expansion@^1.1.7
672 http fetch GET 200 https://registry.npmjs.org/brace-expansion 30ms (cache miss)
673 http fetch GET 200 https://registry.npmjs.org/wrappy 153ms (cache miss)
674 timing idealTree:node_modules/glob Completed in 162ms
675 timing idealTree:node_modules/fs.realpath Completed in 0ms
676 silly placeDep ROOT wrappy@1.0.2 OK for: inflight@1.0.6 want: 1
677 timing idealTree:node_modules/inflight Completed in 2ms
678 timing idealTree:node_modules/inherits Completed in 0ms
679 silly placeDep ROOT brace-expansion@1.1.14 OK for: minimatch@3.1.5 want: ^1.1.7
680 silly fetch manifest concat-map@0.0.1
681 silly fetch manifest balanced-match@^1.0.0
682 http fetch GET 200 https://registry.npmjs.org/balanced-match 29ms (cache miss)
683 http fetch GET 200 https://registry.npmjs.org/concat-map 43ms (cache miss)
684 timing idealTree:node_modules/minimatch Completed in 45ms
685 silly placeDep ROOT balanced-match@1.0.2 OK for: brace-expansion@1.1.14 want: ^1.0.0
686 silly placeDep ROOT concat-map@0.0.1 OK for: brace-expansion@1.1.14 want: 0.0.1
687 timing idealTree:node_modules/brace-expansion Completed in 4ms
688 timing idealTree:node_modules/balanced-match Completed in 0ms
689 timing idealTree:node_modules/concat-map Completed in 0ms
690 timing idealTree:node_modules/once Completed in 0ms
691 timing idealTree:node_modules/path-is-absolute Completed in 0ms
692 timing idealTree:node_modules/scheduler Completed in 0ms
693 timing idealTree:node_modules/semver Completed in 1ms
694 silly placeDep ROOT @socket.io/component-emitter@3.1.2 OK for: socket.io-client@4.8.3 want: ~3.1.0
695 silly placeDep ROOT engine.io-client@6.6.5 OK for: socket.io-client@4.8.3 want: ~6.6.1
696 silly placeDep ROOT socket.io-parser@4.2.6 OK for: socket.io-client@4.8.3 want: ~4.2.4
697 silly fetch manifest engine.io-parser@~5.2.1
698 silly fetch manifest ws@~8.20.1
699 silly fetch manifest xmlhttprequest-ssl@~2.1.1
700 http fetch GET 200 https://registry.npmjs.org/xmlhttprequest-ssl 44ms (cache miss)
701 http fetch GET 200 https://registry.npmjs.org/ws 46ms (cache miss)
702 http fetch GET 200 https://registry.npmjs.org/engine.io-parser 51ms (cache miss)
703 timing idealTree:node_modules/socket.io-client Completed in 61ms
704 timing idealTree:node_modules/@socket.io/component-emitter Completed in 0ms
705 silly fetch manifest bufferutil@^4.0.1
706 http fetch GET 200 https://registry.npmjs.org/bufferutil 37ms (cache miss)
707 silly fetch manifest utf-8-validate@>=5.0.2
708 http fetch GET 200 https://registry.npmjs.org/utf-8-validate 63ms (cache miss)
709 silly placeDep ROOT engine.io-parser@5.2.3 OK for: engine.io-client@6.6.5 want: ~5.2.1
710 silly placeDep ROOT ws@8.20.1 OK for: engine.io-client@6.6.5 want: ~8.20.1
711 silly placeDep ROOT xmlhttprequest-ssl@2.1.2 OK for: engine.io-client@6.6.5 want: ~2.1.1
712 timing idealTree:node_modules/engine.io-client Completed in 109ms
713 timing idealTree:node_modules/engine.io-parser Completed in 0ms
714 timing idealTree:node_modules/socket.io-parser Completed in 0ms
715 timing idealTree:node_modules/source-map-js Completed in 0ms
716 silly fetch manifest postcss@^8.4.47
717 silly fetch manifest tsx@^4.8.1
718 http fetch GET 200 https://registry.npmjs.org/tsx 59ms (cache miss)
719 silly fetch manifest yaml@^2.4.2
720 http fetch GET 200 https://registry.npmjs.org/yaml 56ms (cache miss)
721 silly placeDep ROOT @alloc/quick-lru@5.2.0 OK for: tailwindcss@3.4.19 want: ^5.2.0
722 silly placeDep ROOT arg@5.0.2 OK for: tailwindcss@3.4.19 want: ^5.0.2
723 silly placeDep ROOT chokidar@3.6.0 OK for: tailwindcss@3.4.19 want: ^3.6.0
724 silly placeDep ROOT didyoumean@1.2.2 OK for: tailwindcss@3.4.19 want: ^1.2.2
725 silly placeDep ROOT dlv@1.1.3 OK for: tailwindcss@3.4.19 want: ^1.1.3
726 silly placeDep ROOT fast-glob@3.3.3 OK for: tailwindcss@3.4.19 want: ^3.3.2
727 silly placeDep ROOT glob-parent@6.0.2 OK for: tailwindcss@3.4.19 want: ^6.0.2
728 silly placeDep ROOT is-glob@4.0.3 OK for: tailwindcss@3.4.19 want: ^4.0.3
729 silly placeDep ROOT jiti@1.21.7 OK for: tailwindcss@3.4.19 want: ^1.21.7
730 silly placeDep ROOT lilconfig@3.1.3 OK for: tailwindcss@3.4.19 want: ^3.1.3
731 silly placeDep ROOT micromatch@4.0.8 OK for: tailwindcss@3.4.19 want: ^4.0.8
732 silly placeDep ROOT normalize-path@3.0.0 OK for: tailwindcss@3.4.19 want: ^3.0.0
733 silly placeDep ROOT object-hash@3.0.0 OK for: tailwindcss@3.4.19 want: ^3.0.0
734 silly placeDep ROOT postcss-import@15.1.0 OK for: tailwindcss@3.4.19 want: ^15.1.0
735 silly placeDep ROOT postcss-js@4.1.0 OK for: tailwindcss@3.4.19 want: ^4.0.1
736 silly placeDep ROOT postcss-load-config@6.0.1 OK for: tailwindcss@3.4.19 want: ^4.0.2 || ^5.0 || ^6.0
737 silly placeDep ROOT postcss-nested@6.2.0 OK for: tailwindcss@3.4.19 want: ^6.2.0
738 silly placeDep node_modules/tailwindcss postcss-selector-parser@6.1.2 OK for: tailwindcss@3.4.19 want: ^6.1.2
739 silly placeDep ROOT resolve@1.22.12 OK for: tailwindcss@3.4.19 want: ^1.22.8
740 silly placeDep ROOT sucrase@3.35.1 OK for: tailwindcss@3.4.19 want: ^3.35.0
741 silly fetch manifest braces@~3.0.2
742 silly fetch manifest anymatch@~3.1.2
743 silly fetch manifest readdirp@~3.6.0
744 silly fetch manifest glob-parent@~5.1.2
745 silly fetch manifest is-binary-path@~2.1.0
746 silly fetch manifest fsevents@~2.3.2
747 silly fetch manifest @nodelib/fs.stat@^2.0.2
748 silly fetch manifest @nodelib/fs.walk@^1.2.3
749 silly fetch manifest glob-parent@^5.1.2
750 silly fetch manifest merge2@^1.3.0
751 silly fetch manifest is-extglob@^2.1.1
752 silly fetch manifest braces@^3.0.3
753 silly fetch manifest picomatch@^2.3.1
754 silly fetch manifest read-cache@^1.0.0
755 silly fetch manifest camelcase-css@^2.0.1
756 silly fetch manifest postcss-selector-parser@^6.1.1
757 silly fetch manifest path-parse@^1.0.7
758 silly fetch manifest is-core-module@^2.16.1
759 silly fetch manifest supports-preserve-symlinks-flag@^1.0.0
760 silly fetch manifest commander@^4.0.0
761 silly fetch manifest lines-and-columns@^1.1.6
762 silly fetch manifest mz@^2.7.0
763 silly fetch manifest pirates@^4.0.1
764 silly fetch manifest tinyglobby@^0.2.11
765 silly fetch manifest ts-interface-checker@^0.1.9
766 http fetch GET 200 https://registry.npmjs.org/camelcase-css 55ms (cache miss)
767 http fetch GET 200 https://registry.npmjs.org/is-extglob 77ms (cache miss)
768 http fetch GET 200 https://registry.npmjs.org/is-core-module 81ms (cache miss)
769 http fetch GET 200 https://registry.npmjs.org/supports-preserve-symlinks-flag 82ms (cache miss)
770 http fetch GET 200 https://registry.npmjs.org/@nodelib%2ffs.stat 88ms (cache miss)
771 http fetch GET 200 https://registry.npmjs.org/braces 87ms (cache miss)
772 http fetch GET 200 https://registry.npmjs.org/path-parse 85ms (cache miss)
773 http fetch GET 200 https://registry.npmjs.org/readdirp 92ms (cache miss)
774 http fetch GET 200 https://registry.npmjs.org/is-binary-path 92ms (cache miss)
775 http fetch GET 200 https://registry.npmjs.org/merge2 91ms (cache miss)
776 http fetch GET 200 https://registry.npmjs.org/picomatch 90ms (cache miss)
777 http fetch GET 200 https://registry.npmjs.org/braces 96ms (cache miss)
778 http fetch GET 200 https://registry.npmjs.org/mz 88ms (cache miss)
779 http fetch GET 200 https://registry.npmjs.org/read-cache 92ms (cache miss)
780 http fetch GET 200 https://registry.npmjs.org/anymatch 97ms (cache miss)
781 http fetch GET 200 https://registry.npmjs.org/tinyglobby 90ms (cache miss)
782 http fetch GET 200 https://registry.npmjs.org/@nodelib%2ffs.walk 97ms (cache miss)
783 http fetch GET 200 https://registry.npmjs.org/lines-and-columns 92ms (cache miss)
784 http fetch GET 200 https://registry.npmjs.org/pirates 93ms (cache miss)
785 http fetch GET 200 https://registry.npmjs.org/ts-interface-checker 94ms (cache miss)
786 http fetch GET 200 https://registry.npmjs.org/commander 95ms (cache miss)
787 timing idealTree:node_modules/tailwindcss Completed in 287ms
788 timing idealTree:node_modules/@alloc/quick-lru Completed in 0ms
789 timing idealTree:node_modules/arg Completed in 0ms
790 silly placeDep ROOT anymatch@3.1.3 OK for: chokidar@3.6.0 want: ~3.1.2
791 silly placeDep ROOT braces@3.0.3 OK for: chokidar@3.6.0 want: ~3.0.2
792 silly placeDep ROOT fsevents@2.3.3 OK for: chokidar@3.6.0 want: ~2.3.2
793 silly placeDep node_modules/chokidar glob-parent@5.1.2 OK for: chokidar@3.6.0 want: ~5.1.2
794 silly placeDep ROOT is-binary-path@2.1.0 OK for: chokidar@3.6.0 want: ~2.1.0
795 silly placeDep ROOT readdirp@3.6.0 OK for: chokidar@3.6.0 want: ~3.6.0
796 silly fetch manifest picomatch@^2.0.4
797 silly fetch manifest fill-range@^7.1.1
798 silly fetch manifest binary-extensions@^2.0.0
799 silly fetch manifest picomatch@^2.2.1
800 http fetch GET 200 https://registry.npmjs.org/binary-extensions 58ms (cache miss)
801 http fetch GET 200 https://registry.npmjs.org/fill-range 62ms (cache miss)
802 timing idealTree:node_modules/chokidar Completed in 73ms
803 silly placeDep ROOT picomatch@2.3.2 OK for: anymatch@3.1.3 want: ^2.0.4
804 timing idealTree:node_modules/anymatch Completed in 9ms
805 silly placeDep ROOT fill-range@7.1.1 OK for: braces@3.0.3 want: ^7.1.1
806 silly fetch manifest to-regex-range@^5.0.1
807 http fetch GET 200 https://registry.npmjs.org/to-regex-range 38ms (cache miss)
808 timing idealTree:node_modules/braces Completed in 45ms
809 timing idealTree:node_modules/didyoumean Completed in 0ms
810 timing idealTree:node_modules/dlv Completed in 0ms
811 silly placeDep ROOT @nodelib/fs.stat@2.0.5 OK for: fast-glob@3.3.3 want: ^2.0.2
812 silly placeDep ROOT @nodelib/fs.walk@1.2.8 OK for: fast-glob@3.3.3 want: ^1.2.3
813 silly placeDep node_modules/fast-glob glob-parent@5.1.2 OK for: fast-glob@3.3.3 want: ^5.1.2
814 silly placeDep ROOT merge2@1.4.1 OK for: fast-glob@3.3.3 want: ^1.3.0
815 silly fetch manifest fastq@^1.6.0
816 silly fetch manifest @nodelib/fs.scandir@2.1.5
817 http fetch GET 200 https://registry.npmjs.org/fastq 35ms (cache miss)
818 http fetch GET 200 https://registry.npmjs.org/@nodelib%2ffs.scandir 65ms (cache miss)
819 timing idealTree:node_modules/fast-glob Completed in 72ms
820 timing idealTree:node_modules/@nodelib/fs.stat Completed in 0ms
821 silly placeDep ROOT @nodelib/fs.scandir@2.1.5 OK for: @nodelib/fs.walk@1.2.8 want: 2.1.5
822 silly placeDep ROOT fastq@1.20.1 OK for: @nodelib/fs.walk@1.2.8 want: ^1.6.0
823 silly fetch manifest run-parallel@^1.1.9
824 silly fetch manifest reusify@^1.0.4
825 http fetch GET 200 https://registry.npmjs.org/run-parallel 27ms (cache miss)
826 http fetch GET 200 https://registry.npmjs.org/reusify 33ms (cache miss)
827 timing idealTree:node_modules/@nodelib/fs.walk Completed in 37ms
828 silly placeDep ROOT run-parallel@1.2.0 OK for: @nodelib/fs.scandir@2.1.5 want: ^1.1.9
829 silly fetch manifest queue-microtask@^1.2.2
830 http fetch GET 200 https://registry.npmjs.org/queue-microtask 30ms (cache miss)
831 timing idealTree:node_modules/@nodelib/fs.scandir Completed in 33ms
832 silly placeDep ROOT reusify@1.1.0 OK for: fastq@1.20.1 want: ^1.0.4
833 timing idealTree:node_modules/fastq Completed in 4ms
834 silly placeDep ROOT to-regex-range@5.0.1 OK for: fill-range@7.1.1 want: ^5.0.1
835 silly fetch manifest is-number@^7.0.0
836 http fetch GET 200 https://registry.npmjs.org/is-number 29ms (cache miss)
837 timing idealTree:node_modules/fill-range Completed in 33ms
838 timing idealTree:node_modules/fsevents Completed in 0ms
839 timing idealTree:node_modules/glob-parent Completed in 0ms
840 silly placeDep ROOT binary-extensions@2.3.0 OK for: is-binary-path@2.1.0 want: ^2.0.0
841 timing idealTree:node_modules/is-binary-path Completed in 2ms
842 timing idealTree:node_modules/binary-extensions Completed in 0ms
843 silly placeDep ROOT is-extglob@2.1.1 OK for: is-glob@4.0.3 want: ^2.1.1
844 timing idealTree:node_modules/is-glob Completed in 1ms
845 timing idealTree:node_modules/is-extglob Completed in 0ms
846 timing idealTree:node_modules/jiti Completed in 0ms
847 timing idealTree:node_modules/lilconfig Completed in 0ms
848 timing idealTree:node_modules/merge2 Completed in 0ms
849 timing idealTree:node_modules/micromatch Completed in 0ms
850 timing idealTree:node_modules/normalize-path Completed in 0ms
851 timing idealTree:node_modules/object-hash Completed in 0ms
852 timing idealTree:node_modules/picomatch Completed in 0ms
853 silly placeDep ROOT read-cache@1.0.0 OK for: postcss-import@15.1.0 want: ^1.0.0
854 silly fetch manifest pify@^2.3.0
855 http fetch GET 200 https://registry.npmjs.org/pify 30ms (cache miss)
856 timing idealTree:node_modules/postcss-import Completed in 33ms
857 silly placeDep ROOT camelcase-css@2.0.1 OK for: postcss-js@4.1.0 want: ^2.0.1
858 timing idealTree:node_modules/postcss-js Completed in 1ms
859 timing idealTree:node_modules/camelcase-css Completed in 0ms
860 timing idealTree:node_modules/postcss-load-config Completed in 0ms
861 silly placeDep node_modules/postcss-nested postcss-selector-parser@6.1.2 OK for: postcss-nested@6.2.0 want: ^6.1.1
862 timing idealTree:node_modules/postcss-nested Completed in 2ms
863 silly placeDep ROOT pify@2.3.0 OK for: read-cache@1.0.0 want: ^2.3.0
864 timing idealTree:node_modules/read-cache Completed in 1ms
865 timing idealTree:node_modules/pify Completed in 0ms
866 timing idealTree:node_modules/readdirp Completed in 0ms
867 silly placeDep ROOT is-core-module@2.16.2 OK for: resolve@1.22.12 want: ^2.16.1
868 silly placeDep ROOT path-parse@1.0.7 OK for: resolve@1.22.12 want: ^1.0.7
869 silly placeDep ROOT supports-preserve-symlinks-flag@1.0.0 OK for: resolve@1.22.12 want: ^1.0.0
870 timing idealTree:node_modules/resolve Completed in 4ms
871 timing idealTree:node_modules/is-core-module Completed in 0ms
872 timing idealTree:node_modules/path-parse Completed in 0ms
873 timing idealTree:node_modules/reusify Completed in 0ms
874 silly placeDep ROOT queue-microtask@1.2.3 OK for: run-parallel@1.2.0 want: ^1.2.2
875 timing idealTree:node_modules/run-parallel Completed in 1ms
876 timing idealTree:node_modules/queue-microtask Completed in 0ms
877 silly placeDep ROOT commander@4.1.1 OK for: sucrase@3.35.1 want: ^4.0.0
878 silly placeDep ROOT lines-and-columns@1.2.4 OK for: sucrase@3.35.1 want: ^1.1.6
879 silly placeDep ROOT mz@2.7.0 OK for: sucrase@3.35.1 want: ^2.7.0
880 silly placeDep ROOT pirates@4.0.7 OK for: sucrase@3.35.1 want: ^4.0.1
881 silly placeDep ROOT tinyglobby@0.2.16 OK for: sucrase@3.35.1 want: ^0.2.11
882 silly placeDep ROOT ts-interface-checker@0.1.13 OK for: sucrase@3.35.1 want: ^0.1.9
883 silly fetch manifest any-promise@^1.0.0
884 silly fetch manifest thenify-all@^1.0.0
885 silly fetch manifest fdir@^6.5.0
886 silly fetch manifest picomatch@^4.0.4
887 http fetch GET 200 https://registry.npmjs.org/fdir 24ms (cache miss)
888 http fetch GET 200 https://registry.npmjs.org/thenify-all 29ms (cache miss)
889 http fetch GET 200 https://registry.npmjs.org/any-promise 36ms (cache miss)
890 timing idealTree:node_modules/sucrase Completed in 46ms
891 timing idealTree:node_modules/commander Completed in 0ms
892 timing idealTree:node_modules/lines-and-columns Completed in 0ms
893 silly placeDep ROOT any-promise@1.3.0 OK for: mz@2.7.0 want: ^1.0.0
894 silly placeDep ROOT thenify-all@1.6.0 OK for: mz@2.7.0 want: ^1.0.0
895 silly fetch manifest thenify@>= 3.1.0 < 4
896 http fetch GET 200 https://registry.npmjs.org/thenify 29ms (cache miss)
897 timing idealTree:node_modules/mz Completed in 33ms
898 timing idealTree:node_modules/any-promise Completed in 0ms
899 timing idealTree:node_modules/pirates Completed in 0ms
900 timing idealTree:node_modules/supports-preserve-symlinks-flag Completed in 0ms
901 silly placeDep ROOT thenify@3.3.1 OK for: thenify-all@1.6.0 want: >= 3.1.0 < 4
902 timing idealTree:node_modules/thenify-all Completed in 3ms
903 timing idealTree:node_modules/thenify Completed in 0ms
904 silly placeDep node_modules/tinyglobby fdir@6.5.0 OK for: tinyglobby@0.2.16 want: ^6.5.0
905 silly placeDep node_modules/tinyglobby picomatch@4.0.4 OK for: fdir@6.5.0 want: ^3 || ^4
906 timing idealTree:node_modules/tinyglobby Completed in 4ms
907 silly placeDep ROOT is-number@7.0.0 OK for: to-regex-range@5.0.1 want: ^7.0.0
908 timing idealTree:node_modules/to-regex-range Completed in 1ms
909 timing idealTree:node_modules/is-number Completed in 0ms
910 timing idealTree:node_modules/ts-interface-checker Completed in 0ms
911 timing idealTree:node_modules/tslib Completed in 0ms
912 timing idealTree:node_modules/typescript Completed in 0ms
913 timing idealTree:node_modules/unload Completed in 0ms
914 silly placeDep ROOT escalade@3.2.0 OK for: update-browserslist-db@1.2.3 want: ^3.2.0
915 timing idealTree:node_modules/update-browserslist-db Completed in 1ms
916 timing idealTree:node_modules/escalade Completed in 0ms
917 timing idealTree:node_modules/util-deprecate Completed in 0ms
918 silly placeDep ROOT esbuild@0.21.5 OK for: vite@5.4.21 want: ^0.21.3
919 silly placeDep ROOT rollup@4.60.4 OK for: vite@5.4.21 want: ^4.20.0
920 silly fetch manifest @esbuild/aix-ppc64@0.21.5
921 silly fetch manifest @esbuild/linux-arm@0.21.5
922 silly fetch manifest @esbuild/linux-x64@0.21.5
923 silly fetch manifest @esbuild/sunos-x64@0.21.5
924 silly fetch manifest @esbuild/win32-x64@0.21.5
925 silly fetch manifest @esbuild/darwin-x64@0.21.5
926 silly fetch manifest @esbuild/linux-ia32@0.21.5
927 silly fetch manifest @esbuild/netbsd-x64@0.21.5
928 silly fetch manifest @esbuild/win32-ia32@0.21.5
929 silly fetch manifest @esbuild/android-arm@0.21.5
930 silly fetch manifest @esbuild/android-x64@0.21.5
931 silly fetch manifest @esbuild/freebsd-x64@0.21.5
932 silly fetch manifest @esbuild/linux-arm64@0.21.5
933 silly fetch manifest @esbuild/linux-ppc64@0.21.5
934 silly fetch manifest @esbuild/linux-s390x@0.21.5
935 silly fetch manifest @esbuild/openbsd-x64@0.21.5
936 silly fetch manifest @esbuild/win32-arm64@0.21.5
937 silly fetch manifest @esbuild/darwin-arm64@0.21.5
938 silly fetch manifest @esbuild/android-arm64@0.21.5
939 silly fetch manifest @esbuild/freebsd-arm64@0.21.5
940 silly fetch manifest @esbuild/linux-loong64@0.21.5
941 silly fetch manifest @esbuild/linux-riscv64@0.21.5
942 silly fetch manifest @esbuild/linux-mips64el@0.21.5
943 silly fetch manifest @types/estree@1.0.8
944 silly fetch manifest @rollup/rollup-darwin-arm64@4.60.4
945 silly fetch manifest @rollup/rollup-android-arm64@4.60.4
946 silly fetch manifest @rollup/rollup-win32-arm64-msvc@4.60.4
947 silly fetch manifest @rollup/rollup-freebsd-arm64@4.60.4
948 silly fetch manifest @rollup/rollup-linux-arm64-gnu@4.60.4
949 silly fetch manifest @rollup/rollup-linux-arm64-musl@4.60.4
950 silly fetch manifest @rollup/rollup-android-arm-eabi@4.60.4
951 silly fetch manifest @rollup/rollup-linux-arm-gnueabihf@4.60.4
952 silly fetch manifest @rollup/rollup-linux-arm-musleabihf@4.60.4
953 silly fetch manifest @rollup/rollup-win32-ia32-msvc@4.60.4
954 silly fetch manifest @rollup/rollup-linux-loong64-gnu@4.60.4
955 silly fetch manifest @rollup/rollup-linux-loong64-musl@4.60.4
956 silly fetch manifest @rollup/rollup-linux-riscv64-gnu@4.60.4
957 silly fetch manifest @rollup/rollup-linux-riscv64-musl@4.60.4
958 silly fetch manifest @rollup/rollup-linux-ppc64-gnu@4.60.4
959 silly fetch manifest @rollup/rollup-linux-ppc64-musl@4.60.4
960 silly fetch manifest @rollup/rollup-linux-s390x-gnu@4.60.4
961 silly fetch manifest @rollup/rollup-darwin-x64@4.60.4
962 silly fetch manifest @rollup/rollup-win32-x64-gnu@4.60.4
963 silly fetch manifest @rollup/rollup-win32-x64-msvc@4.60.4
964 silly fetch manifest @rollup/rollup-freebsd-x64@4.60.4
965 silly fetch manifest @rollup/rollup-linux-x64-gnu@4.60.4
966 silly fetch manifest @rollup/rollup-linux-x64-musl@4.60.4
967 silly fetch manifest @rollup/rollup-openbsd-x64@4.60.4
968 silly fetch manifest @rollup/rollup-openharmony-arm64@4.60.4
969 http fetch GET 200 https://registry.npmjs.org/@esbuild%2flinux-x64 161ms (cache miss)
970 http fetch GET 200 https://registry.npmjs.org/@esbuild%2faix-ppc64 163ms (cache miss)
971 http fetch GET 200 https://registry.npmjs.org/@esbuild%2fnetbsd-x64 162ms (cache miss)
972 http fetch GET 200 https://registry.npmjs.org/@esbuild%2flinux-arm 172ms (cache miss)
973 http fetch GET 200 https://registry.npmjs.org/@esbuild%2flinux-ia32 177ms (cache miss)
974 http fetch GET 200 https://registry.npmjs.org/@esbuild%2ffreebsd-x64 178ms (cache miss)
975 http fetch GET 200 https://registry.npmjs.org/@esbuild%2fwin32-ia32 180ms (cache miss)
976 http fetch GET 200 https://registry.npmjs.org/@esbuild%2fdarwin-x64 183ms (cache miss)
977 http fetch GET 200 https://registry.npmjs.org/@esbuild%2fandroid-arm 188ms (cache miss)
978 http fetch GET 200 https://registry.npmjs.org/@esbuild%2fsunos-x64 190ms (cache miss)
979 http fetch GET 200 https://registry.npmjs.org/@esbuild%2flinux-s390x 189ms (cache miss)
980 http fetch GET 200 https://registry.npmjs.org/@esbuild%2fwin32-x64 193ms (cache miss)
981 http fetch GET 200 https://registry.npmjs.org/@types%2festree 191ms (cache miss)
982 http fetch GET 200 https://registry.npmjs.org/@esbuild%2flinux-ppc64 205ms (cache miss)
983 http fetch GET 200 https://registry.npmjs.org/@esbuild%2flinux-arm64 218ms (cache miss)
984 http fetch GET 200 https://registry.npmjs.org/@esbuild%2fdarwin-arm64 221ms (cache miss)
985 http fetch GET 200 https://registry.npmjs.org/@esbuild%2fopenbsd-x64 223ms (cache miss)
986 http fetch GET 200 https://registry.npmjs.org/@esbuild%2fandroid-x64 226ms (cache miss)
987 http fetch GET 200 https://registry.npmjs.org/@rollup%2frollup-freebsd-arm64 227ms (cache miss)
988 http fetch GET 200 https://registry.npmjs.org/@esbuild%2fwin32-arm64 232ms (cache miss)
989 http fetch GET 200 https://registry.npmjs.org/@rollup%2frollup-linux-loong64-musl 230ms (cache miss)
990 http fetch GET 200 https://registry.npmjs.org/@esbuild%2flinux-riscv64 236ms (cache miss)
991 http fetch GET 200 https://registry.npmjs.org/@esbuild%2flinux-mips64el 237ms (cache miss)
992 http fetch GET 200 https://registry.npmjs.org/@esbuild%2fandroid-arm64 239ms (cache miss)
993 http fetch GET 200 https://registry.npmjs.org/@rollup%2frollup-linux-ppc64-musl 237ms (cache miss)
994 http fetch GET 200 https://registry.npmjs.org/@rollup%2frollup-android-arm64 244ms (cache miss)
995 http fetch GET 200 https://registry.npmjs.org/@rollup%2frollup-linux-riscv64-musl 245ms (cache miss)
996 http fetch GET 200 https://registry.npmjs.org/@esbuild%2ffreebsd-arm64 251ms (cache miss)
997 http fetch GET 200 https://registry.npmjs.org/@rollup%2frollup-darwin-arm64 252ms (cache miss)
998 http fetch GET 200 https://registry.npmjs.org/@esbuild%2flinux-loong64 256ms (cache miss)
999 http fetch GET 200 https://registry.npmjs.org/@rollup%2frollup-linux-loong64-gnu 254ms (cache miss)
1000 http fetch GET 200 https://registry.npmjs.org/@rollup%2frollup-linux-ppc64-gnu 254ms (cache miss)
1001 http fetch GET 200 https://registry.npmjs.org/@rollup%2frollup-linux-arm-musleabihf 257ms (cache miss)
1002 http fetch GET 200 https://registry.npmjs.org/@rollup%2frollup-win32-x64-gnu 257ms (cache miss)
1003 http fetch GET 200 https://registry.npmjs.org/@rollup%2frollup-openbsd-x64 257ms (cache miss)
1004 http fetch GET 200 https://registry.npmjs.org/@rollup%2frollup-linux-s390x-gnu 259ms (cache miss)
1005 http fetch GET 200 https://registry.npmjs.org/@rollup%2frollup-win32-arm64-msvc 263ms (cache miss)
1006 http fetch GET 200 https://registry.npmjs.org/@rollup%2frollup-linux-arm64-musl 265ms (cache miss)
1007 http fetch GET 200 https://registry.npmjs.org/@rollup%2frollup-linux-riscv64-gnu 264ms (cache miss)
1008 http fetch GET 200 https://registry.npmjs.org/@rollup%2frollup-openharmony-arm64 263ms (cache miss)
1009 http fetch GET 200 https://registry.npmjs.org/@rollup%2frollup-freebsd-x64 264ms (cache miss)
1010 http fetch GET 200 https://registry.npmjs.org/@rollup%2frollup-linux-arm64-gnu 268ms (cache miss)
1011 http fetch GET 200 https://registry.npmjs.org/@rollup%2frollup-android-arm-eabi 268ms (cache miss)
1012 http fetch GET 200 https://registry.npmjs.org/@rollup%2frollup-linux-arm-gnueabihf 270ms (cache miss)
1013 http fetch GET 200 https://registry.npmjs.org/@rollup%2frollup-win32-ia32-msvc 276ms (cache miss)
1014 http fetch GET 200 https://registry.npmjs.org/@rollup%2frollup-darwin-x64 276ms (cache miss)
1015 http fetch GET 200 https://registry.npmjs.org/@rollup%2frollup-linux-x64-gnu 276ms (cache miss)
1016 http fetch GET 200 https://registry.npmjs.org/@rollup%2frollup-linux-x64-musl 278ms (cache miss)
1017 http fetch GET 200 https://registry.npmjs.org/@rollup%2frollup-win32-x64-msvc 281ms (cache miss)
1018 timing idealTree:node_modules/vite Completed in 294ms
1019 silly placeDep ROOT @esbuild/aix-ppc64@0.21.5 OK for: esbuild@0.21.5 want: 0.21.5
1020 silly placeDep ROOT @esbuild/android-arm@0.21.5 OK for: esbuild@0.21.5 want: 0.21.5
1021 silly placeDep ROOT @esbuild/android-arm64@0.21.5 OK for: esbuild@0.21.5 want: 0.21.5
1022 silly placeDep ROOT @esbuild/android-x64@0.21.5 OK for: esbuild@0.21.5 want: 0.21.5
1023 silly placeDep ROOT @esbuild/darwin-arm64@0.21.5 OK for: esbuild@0.21.5 want: 0.21.5
1024 silly placeDep ROOT @esbuild/darwin-x64@0.21.5 OK for: esbuild@0.21.5 want: 0.21.5
1025 silly placeDep ROOT @esbuild/freebsd-arm64@0.21.5 OK for: esbuild@0.21.5 want: 0.21.5
1026 silly placeDep ROOT @esbuild/freebsd-x64@0.21.5 OK for: esbuild@0.21.5 want: 0.21.5
1027 silly placeDep ROOT @esbuild/linux-arm@0.21.5 OK for: esbuild@0.21.5 want: 0.21.5
1028 silly placeDep ROOT @esbuild/linux-arm64@0.21.5 OK for: esbuild@0.21.5 want: 0.21.5
1029 silly placeDep ROOT @esbuild/linux-ia32@0.21.5 OK for: esbuild@0.21.5 want: 0.21.5
1030 silly placeDep ROOT @esbuild/linux-loong64@0.21.5 OK for: esbuild@0.21.5 want: 0.21.5
1031 silly placeDep ROOT @esbuild/linux-mips64el@0.21.5 OK for: esbuild@0.21.5 want: 0.21.5
1032 silly placeDep ROOT @esbuild/linux-ppc64@0.21.5 OK for: esbuild@0.21.5 want: 0.21.5
1033 silly placeDep ROOT @esbuild/linux-riscv64@0.21.5 OK for: esbuild@0.21.5 want: 0.21.5
1034 silly placeDep ROOT @esbuild/linux-s390x@0.21.5 OK for: esbuild@0.21.5 want: 0.21.5
1035 silly placeDep ROOT @esbuild/linux-x64@0.21.5 OK for: esbuild@0.21.5 want: 0.21.5
1036 silly placeDep ROOT @esbuild/netbsd-x64@0.21.5 OK for: esbuild@0.21.5 want: 0.21.5
1037 silly placeDep ROOT @esbuild/openbsd-x64@0.21.5 OK for: esbuild@0.21.5 want: 0.21.5
1038 silly placeDep ROOT @esbuild/sunos-x64@0.21.5 OK for: esbuild@0.21.5 want: 0.21.5
1039 silly placeDep ROOT @esbuild/win32-arm64@0.21.5 OK for: esbuild@0.21.5 want: 0.21.5
1040 silly placeDep ROOT @esbuild/win32-ia32@0.21.5 OK for: esbuild@0.21.5 want: 0.21.5
1041 silly placeDep ROOT @esbuild/win32-x64@0.21.5 OK for: esbuild@0.21.5 want: 0.21.5
1042 timing idealTree:node_modules/esbuild Completed in 23ms
1043 timing idealTree:node_modules/@esbuild/aix-ppc64 Completed in 0ms
1044 timing idealTree:node_modules/@esbuild/android-arm Completed in 0ms
1045 timing idealTree:node_modules/@esbuild/android-arm64 Completed in 0ms
1046 timing idealTree:node_modules/@esbuild/android-x64 Completed in 0ms
1047 timing idealTree:node_modules/@esbuild/darwin-arm64 Completed in 0ms
1048 timing idealTree:node_modules/@esbuild/darwin-x64 Completed in 1ms
1049 timing idealTree:node_modules/@esbuild/freebsd-arm64 Completed in 0ms
1050 timing idealTree:node_modules/@esbuild/freebsd-x64 Completed in 0ms
1051 timing idealTree:node_modules/@esbuild/linux-arm Completed in 0ms
1052 timing idealTree:node_modules/@esbuild/linux-arm64 Completed in 0ms
1053 timing idealTree:node_modules/@esbuild/linux-ia32 Completed in 0ms
1054 timing idealTree:node_modules/@esbuild/linux-loong64 Completed in 0ms
1055 timing idealTree:node_modules/@esbuild/linux-mips64el Completed in 0ms
1056 timing idealTree:node_modules/@esbuild/linux-ppc64 Completed in 0ms
1057 timing idealTree:node_modules/@esbuild/linux-riscv64 Completed in 0ms
1058 timing idealTree:node_modules/@esbuild/linux-s390x Completed in 0ms
1059 timing idealTree:node_modules/@esbuild/linux-x64 Completed in 0ms
1060 timing idealTree:node_modules/@esbuild/netbsd-x64 Completed in 0ms
1061 timing idealTree:node_modules/@esbuild/openbsd-x64 Completed in 0ms
1062 timing idealTree:node_modules/@esbuild/sunos-x64 Completed in 0ms
1063 timing idealTree:node_modules/@esbuild/win32-arm64 Completed in 0ms
1064 timing idealTree:node_modules/@esbuild/win32-ia32 Completed in 0ms
1065 timing idealTree:node_modules/@esbuild/win32-x64 Completed in 0ms
1066 silly placeDep ROOT @rollup/rollup-android-arm-eabi@4.60.4 OK for: rollup@4.60.4 want: 4.60.4
1067 silly placeDep ROOT @rollup/rollup-android-arm64@4.60.4 OK for: rollup@4.60.4 want: 4.60.4
1068 silly placeDep ROOT @rollup/rollup-darwin-arm64@4.60.4 OK for: rollup@4.60.4 want: 4.60.4
1069 silly placeDep ROOT @rollup/rollup-darwin-x64@4.60.4 OK for: rollup@4.60.4 want: 4.60.4
1070 silly placeDep ROOT @rollup/rollup-freebsd-arm64@4.60.4 OK for: rollup@4.60.4 want: 4.60.4
1071 silly placeDep ROOT @rollup/rollup-freebsd-x64@4.60.4 OK for: rollup@4.60.4 want: 4.60.4
1072 silly placeDep ROOT @rollup/rollup-linux-arm-gnueabihf@4.60.4 OK for: rollup@4.60.4 want: 4.60.4
1073 silly placeDep ROOT @rollup/rollup-linux-arm-musleabihf@4.60.4 OK for: rollup@4.60.4 want: 4.60.4
1074 silly placeDep ROOT @rollup/rollup-linux-arm64-gnu@4.60.4 OK for: rollup@4.60.4 want: 4.60.4
1075 silly placeDep ROOT @rollup/rollup-linux-arm64-musl@4.60.4 OK for: rollup@4.60.4 want: 4.60.4
1076 silly placeDep ROOT @rollup/rollup-linux-loong64-gnu@4.60.4 OK for: rollup@4.60.4 want: 4.60.4
1077 silly placeDep ROOT @rollup/rollup-linux-loong64-musl@4.60.4 OK for: rollup@4.60.4 want: 4.60.4
1078 silly placeDep ROOT @rollup/rollup-linux-ppc64-gnu@4.60.4 OK for: rollup@4.60.4 want: 4.60.4
1079 silly placeDep ROOT @rollup/rollup-linux-ppc64-musl@4.60.4 OK for: rollup@4.60.4 want: 4.60.4
1080 silly placeDep ROOT @rollup/rollup-linux-riscv64-gnu@4.60.4 OK for: rollup@4.60.4 want: 4.60.4
1081 silly placeDep ROOT @rollup/rollup-linux-riscv64-musl@4.60.4 OK for: rollup@4.60.4 want: 4.60.4
1082 silly placeDep ROOT @rollup/rollup-linux-s390x-gnu@4.60.4 OK for: rollup@4.60.4 want: 4.60.4
1083 silly placeDep ROOT @rollup/rollup-linux-x64-gnu@4.60.4 OK for: rollup@4.60.4 want: 4.60.4
1084 silly placeDep ROOT @rollup/rollup-linux-x64-musl@4.60.4 OK for: rollup@4.60.4 want: 4.60.4
1085 silly placeDep ROOT @rollup/rollup-openbsd-x64@4.60.4 OK for: rollup@4.60.4 want: 4.60.4
1086 silly placeDep ROOT @rollup/rollup-openharmony-arm64@4.60.4 OK for: rollup@4.60.4 want: 4.60.4
1087 silly placeDep ROOT @rollup/rollup-win32-arm64-msvc@4.60.4 OK for: rollup@4.60.4 want: 4.60.4
1088 silly placeDep ROOT @rollup/rollup-win32-ia32-msvc@4.60.4 OK for: rollup@4.60.4 want: 4.60.4
1089 silly placeDep ROOT @rollup/rollup-win32-x64-gnu@4.60.4 OK for: rollup@4.60.4 want: 4.60.4
1090 silly placeDep ROOT @rollup/rollup-win32-x64-msvc@4.60.4 OK for: rollup@4.60.4 want: 4.60.4
1091 silly placeDep ROOT @types/estree@1.0.8 OK for: rollup@4.60.4 want: 1.0.8
1092 timing idealTree:node_modules/rollup Completed in 33ms
1093 timing idealTree:node_modules/@rollup/rollup-android-arm-eabi Completed in 0ms
1094 timing idealTree:node_modules/@rollup/rollup-android-arm64 Completed in 0ms
1095 timing idealTree:node_modules/@rollup/rollup-darwin-arm64 Completed in 0ms
1096 timing idealTree:node_modules/@rollup/rollup-darwin-x64 Completed in 0ms
1097 timing idealTree:node_modules/@rollup/rollup-freebsd-arm64 Completed in 0ms
1098 timing idealTree:node_modules/@rollup/rollup-freebsd-x64 Completed in 0ms
1099 timing idealTree:node_modules/@rollup/rollup-linux-arm-gnueabihf Completed in 0ms
1100 timing idealTree:node_modules/@rollup/rollup-linux-arm-musleabihf Completed in 0ms
1101 timing idealTree:node_modules/@rollup/rollup-linux-arm64-gnu Completed in 0ms
1102 timing idealTree:node_modules/@rollup/rollup-linux-arm64-musl Completed in 0ms
1103 timing idealTree:node_modules/@rollup/rollup-linux-loong64-gnu Completed in 0ms
1104 timing idealTree:node_modules/@rollup/rollup-linux-loong64-musl Completed in 0ms
1105 timing idealTree:node_modules/@rollup/rollup-linux-ppc64-gnu Completed in 0ms
1106 timing idealTree:node_modules/@rollup/rollup-linux-ppc64-musl Completed in 0ms
1107 timing idealTree:node_modules/@rollup/rollup-linux-riscv64-gnu Completed in 0ms
1108 timing idealTree:node_modules/@rollup/rollup-linux-riscv64-musl Completed in 0ms
1109 timing idealTree:node_modules/@rollup/rollup-linux-s390x-gnu Completed in 0ms
1110 timing idealTree:node_modules/@rollup/rollup-linux-x64-gnu Completed in 0ms
1111 timing idealTree:node_modules/@rollup/rollup-linux-x64-musl Completed in 0ms
1112 timing idealTree:node_modules/@rollup/rollup-openbsd-x64 Completed in 0ms
1113 timing idealTree:node_modules/@rollup/rollup-openharmony-arm64 Completed in 0ms
1114 timing idealTree:node_modules/@rollup/rollup-win32-arm64-msvc Completed in 0ms
1115 timing idealTree:node_modules/@rollup/rollup-win32-ia32-msvc Completed in 0ms
1116 timing idealTree:node_modules/@rollup/rollup-win32-x64-gnu Completed in 0ms
1117 timing idealTree:node_modules/@rollup/rollup-win32-x64-msvc Completed in 0ms
1118 timing idealTree:node_modules/@types/estree Completed in 0ms
1119 silly placeDep ROOT pretty-bytes@6.1.1 OK for: vite-plugin-pwa@0.17.5 want: ^6.1.1
1120 silly placeDep ROOT workbox-build@7.4.1 OK for: vite-plugin-pwa@0.17.5 want: ^7.0.0
1121 silly placeDep ROOT workbox-window@7.4.1 OK for: vite-plugin-pwa@0.17.5 want: ^7.0.0
1122 silly fetch manifest @apideck/better-ajv-errors@^0.3.1
1123 silly fetch manifest @babel/preset-env@^7.11.0
1124 silly fetch manifest @rollup/plugin-babel@^6.1.0
1125 silly fetch manifest @rollup/plugin-node-resolve@^16.0.3
1126 silly fetch manifest @rollup/plugin-replace@^6.0.3
1127 silly fetch manifest @rollup/plugin-terser@^1.0.0
1128 silly fetch manifest @trickfilm400/rollup-plugin-off-main-thread@^3.0.0-pre1
1129 silly fetch manifest ajv@^8.6.0
1130 silly fetch manifest common-tags@^1.8.0
1131 silly fetch manifest eta@^4.5.1
1132 silly fetch manifest fast-json-stable-stringify@^2.1.0
1133 silly fetch manifest fs-extra@^9.0.1
1134 silly fetch manifest glob@^11.0.1
1135 silly fetch manifest pretty-bytes@^5.3.0
1136 silly fetch manifest source-map@^0.8.0-beta.0
1137 silly fetch manifest stringify-object@^3.3.0
1138 silly fetch manifest strip-comments@^2.0.1
1139 silly fetch manifest tempy@^0.6.0
1140 silly fetch manifest upath@^1.2.0
1141 silly fetch manifest workbox-background-sync@7.4.1
1142 silly fetch manifest workbox-broadcast-update@7.4.1
1143 silly fetch manifest workbox-cacheable-response@7.4.1
1144 silly fetch manifest workbox-core@7.4.1
1145 silly fetch manifest workbox-expiration@7.4.1
1146 silly fetch manifest workbox-google-analytics@7.4.1
1147 silly fetch manifest workbox-navigation-preload@7.4.1
1148 silly fetch manifest workbox-precaching@7.4.1
1149 silly fetch manifest workbox-range-requests@7.4.1
1150 silly fetch manifest workbox-recipes@7.4.1
1151 silly fetch manifest workbox-routing@7.4.1
1152 silly fetch manifest workbox-strategies@7.4.1
1153 silly fetch manifest workbox-streams@7.4.1
1154 silly fetch manifest workbox-sw@7.4.1
1155 silly fetch manifest @types/trusted-types@^2.0.2
1156 http fetch GET 200 https://registry.npmjs.org/fast-json-stable-stringify 84ms (cache miss)
1157 http fetch GET 200 https://registry.npmjs.org/common-tags 106ms (cache miss)
1158 http fetch GET 200 https://registry.npmjs.org/@trickfilm400%2frollup-plugin-off-main-thread 109ms (cache miss)
1159 http fetch GET 200 https://registry.npmjs.org/@apideck%2fbetter-ajv-errors 114ms (cache miss)
1160 http fetch GET 200 https://registry.npmjs.org/stringify-object 114ms (cache miss)
1161 http fetch GET 200 https://registry.npmjs.org/source-map 118ms (cache miss)
1162 http fetch GET 200 https://registry.npmjs.org/@rollup%2fplugin-terser 121ms (cache miss)
1163 http fetch GET 200 https://registry.npmjs.org/strip-comments 119ms (cache miss)
1164 http fetch GET 200 https://registry.npmjs.org/tempy 119ms (cache miss)
1165 http fetch GET 200 https://registry.npmjs.org/@rollup%2fplugin-replace 128ms (cache miss)
1166 http fetch GET 200 https://registry.npmjs.org/upath 126ms (cache miss)
1167 http fetch GET 200 https://registry.npmjs.org/fs-extra 131ms (cache miss)
1168 http fetch GET 200 https://registry.npmjs.org/eta 136ms (cache miss)
1169 http fetch GET 200 https://registry.npmjs.org/@rollup%2fplugin-node-resolve 144ms (cache miss)
1170 http fetch GET 200 https://registry.npmjs.org/@rollup%2fplugin-babel 146ms (cache miss)
1171 http fetch GET 200 https://registry.npmjs.org/workbox-core 143ms (cache miss)
1172 http fetch GET 200 https://registry.npmjs.org/workbox-expiration 145ms (cache miss)
1173 http fetch GET 200 https://registry.npmjs.org/workbox-background-sync 148ms (cache miss)
1174 http fetch GET 200 https://registry.npmjs.org/workbox-navigation-preload 147ms (cache miss)
1175 http fetch GET 200 https://registry.npmjs.org/@types%2ftrusted-types 147ms (cache miss)
1176 http fetch GET 200 https://registry.npmjs.org/workbox-broadcast-update 150ms (cache miss)
1177 http fetch GET 200 https://registry.npmjs.org/workbox-routing 150ms (cache miss)
1178 http fetch GET 200 https://registry.npmjs.org/workbox-streams 150ms (cache miss)
1179 http fetch GET 200 https://registry.npmjs.org/workbox-precaching 153ms (cache miss)
1180 http fetch GET 200 https://registry.npmjs.org/workbox-cacheable-response 154ms (cache miss)
1181 http fetch GET 200 https://registry.npmjs.org/workbox-recipes 154ms (cache miss)
1182 http fetch GET 200 https://registry.npmjs.org/workbox-google-analytics 157ms (cache miss)
1183 http fetch GET 200 https://registry.npmjs.org/workbox-strategies 156ms (cache miss)
1184 http fetch GET 200 https://registry.npmjs.org/workbox-range-requests 158ms (cache miss)
1185 http fetch GET 200 https://registry.npmjs.org/workbox-sw 163ms (cache miss)
1186 http fetch GET 200 https://registry.npmjs.org/ajv 173ms (cache miss)
1187 http fetch GET 200 https://registry.npmjs.org/@babel%2fpreset-env 182ms (cache miss)
1188 timing idealTree:node_modules/vite-plugin-pwa Completed in 196ms
1189 timing idealTree:node_modules/pretty-bytes Completed in 0ms
1190 silly fetch manifest @babel/core@^7.24.4
1191 silly fetch manifest @types/babel__core@^7.1.9
1192 silly fetch manifest rollup@^4.53.3
1193 silly placeDep ROOT @apideck/better-ajv-errors@0.3.7 OK for: workbox-build@7.4.1 want: ^0.3.1
1194 silly placeDep ROOT ajv@8.20.0 OK for: @apideck/better-ajv-errors@0.3.7 want: >=8
1195 silly placeDep ROOT @babel/preset-env@7.29.7 OK for: workbox-build@7.4.1 want: ^7.11.0
1196 silly placeDep ROOT @rollup/plugin-babel@6.1.0 OK for: workbox-build@7.4.1 want: ^6.1.0
1197 silly placeDep ROOT @rollup/plugin-node-resolve@16.0.3 OK for: workbox-build@7.4.1 want: ^16.0.3
1198 silly placeDep ROOT @rollup/plugin-replace@6.0.3 OK for: workbox-build@7.4.1 want: ^6.0.3
1199 silly placeDep ROOT @rollup/plugin-terser@1.0.0 OK for: workbox-build@7.4.1 want: ^1.0.0
1200 silly placeDep ROOT @trickfilm400/rollup-plugin-off-main-thread@3.0.0-pre1 OK for: workbox-build@7.4.1 want: ^3.0.0-pre1
1201 silly placeDep ROOT common-tags@1.8.2 OK for: workbox-build@7.4.1 want: ^1.8.0
1202 silly placeDep ROOT eta@4.6.0 OK for: workbox-build@7.4.1 want: ^4.5.1
1203 silly placeDep ROOT fast-json-stable-stringify@2.1.0 OK for: workbox-build@7.4.1 want: ^2.1.0
1204 silly placeDep ROOT fs-extra@9.1.0 OK for: workbox-build@7.4.1 want: ^9.0.1
1205 silly placeDep node_modules/workbox-build glob@11.1.0 OK for: workbox-build@7.4.1 want: ^11.0.1
1206 silly placeDep node_modules/workbox-build pretty-bytes@5.6.0 OK for: workbox-build@7.4.1 want: ^5.3.0
1207 silly placeDep ROOT source-map@0.8.0-beta.0 OK for: workbox-build@7.4.1 want: ^0.8.0-beta.0
1208 silly placeDep ROOT stringify-object@3.3.0 OK for: workbox-build@7.4.1 want: ^3.3.0
1209 silly placeDep ROOT strip-comments@2.0.1 OK for: workbox-build@7.4.1 want: ^2.0.1
1210 silly placeDep ROOT tempy@0.6.0 OK for: workbox-build@7.4.1 want: ^0.6.0
1211 silly placeDep ROOT upath@1.2.0 OK for: workbox-build@7.4.1 want: ^1.2.0
1212 silly placeDep ROOT workbox-background-sync@7.4.1 OK for: workbox-build@7.4.1 want: 7.4.1
1213 silly placeDep ROOT workbox-broadcast-update@7.4.1 OK for: workbox-build@7.4.1 want: 7.4.1
1214 silly placeDep ROOT workbox-cacheable-response@7.4.1 OK for: workbox-build@7.4.1 want: 7.4.1
1215 silly placeDep ROOT workbox-core@7.4.1 OK for: workbox-build@7.4.1 want: 7.4.1
1216 silly placeDep ROOT workbox-expiration@7.4.1 OK for: workbox-build@7.4.1 want: 7.4.1
1217 silly placeDep ROOT workbox-google-analytics@7.4.1 OK for: workbox-build@7.4.1 want: 7.4.1
1218 silly placeDep ROOT workbox-navigation-preload@7.4.1 OK for: workbox-build@7.4.1 want: 7.4.1
1219 silly placeDep ROOT workbox-precaching@7.4.1 OK for: workbox-build@7.4.1 want: 7.4.1
1220 silly placeDep ROOT workbox-range-requests@7.4.1 OK for: workbox-build@7.4.1 want: 7.4.1
1221 silly placeDep ROOT workbox-recipes@7.4.1 OK for: workbox-build@7.4.1 want: 7.4.1
1222 silly placeDep ROOT workbox-routing@7.4.1 OK for: workbox-build@7.4.1 want: 7.4.1
1223 silly placeDep ROOT workbox-strategies@7.4.1 OK for: workbox-build@7.4.1 want: 7.4.1
1224 silly placeDep ROOT workbox-streams@7.4.1 OK for: workbox-build@7.4.1 want: 7.4.1
1225 silly placeDep ROOT workbox-sw@7.4.1 OK for: workbox-build@7.4.1 want: 7.4.1
1226 silly fetch manifest jsonpointer@^5.0.1
1227 silly fetch manifest leven@^3.1.0
1228 silly fetch manifest fast-deep-equal@^3.1.3
1229 silly fetch manifest fast-uri@^3.0.1
1230 silly fetch manifest json-schema-traverse@^1.0.0
1231 silly fetch manifest require-from-string@^2.0.2
1232 silly fetch manifest @babel/plugin-bugfix-firefox-class-in-computed-class-key@^7.29.7
1233 silly fetch manifest @babel/plugin-bugfix-safari-class-field-initializer-scope@^7.29.7
1234 silly fetch manifest @babel/plugin-bugfix-safari-id-destructuring-collision-in-function-expression@^7.29.7
1235 silly fetch manifest @babel/plugin-bugfix-safari-rest-destructuring-rhs-array@^7.29.7
1236 silly fetch manifest @babel/plugin-bugfix-v8-spread-parameters-in-optional-chaining@^7.29.7
1237 silly fetch manifest @babel/plugin-bugfix-v8-static-class-fields-redefine-readonly@^7.29.7
1238 silly fetch manifest @babel/plugin-proposal-private-property-in-object@7.21.0-placeholder-for-preset-env.2
1239 silly fetch manifest @babel/plugin-syntax-import-assertions@^7.29.7
1240 silly fetch manifest @babel/plugin-syntax-import-attributes@^7.29.7
1241 silly fetch manifest @babel/plugin-syntax-unicode-sets-regex@^7.18.6
1242 silly fetch manifest @babel/plugin-transform-arrow-functions@^7.29.7
1243 silly fetch manifest @babel/plugin-transform-async-generator-functions@^7.29.7
1244 silly fetch manifest @babel/plugin-transform-async-to-generator@^7.29.7
1245 silly fetch manifest @babel/plugin-transform-block-scoped-functions@^7.29.7
1246 silly fetch manifest @babel/plugin-transform-block-scoping@^7.29.7
1247 silly fetch manifest @babel/plugin-transform-class-properties@^7.29.7
1248 silly fetch manifest @babel/plugin-transform-class-static-block@^7.29.7
1249 silly fetch manifest @babel/plugin-transform-classes@^7.29.7
1250 silly fetch manifest @babel/plugin-transform-computed-properties@^7.29.7
1251 silly fetch manifest @babel/plugin-transform-destructuring@^7.29.7
1252 silly fetch manifest @babel/plugin-transform-dotall-regex@^7.29.7
1253 silly fetch manifest @babel/plugin-transform-duplicate-keys@^7.29.7
1254 silly fetch manifest @babel/plugin-transform-duplicate-named-capturing-groups-regex@^7.29.7
1255 silly fetch manifest @babel/plugin-transform-dynamic-import@^7.29.7
1256 silly fetch manifest @babel/plugin-transform-explicit-resource-management@^7.29.7
1257 silly fetch manifest @babel/plugin-transform-exponentiation-operator@^7.29.7
1258 silly fetch manifest @babel/plugin-transform-export-namespace-from@^7.29.7
1259 silly fetch manifest @babel/plugin-transform-for-of@^7.29.7
1260 silly fetch manifest @babel/plugin-transform-function-name@^7.29.7
1261 silly fetch manifest @babel/plugin-transform-json-strings@^7.29.7
1262 silly fetch manifest @babel/plugin-transform-literals@^7.29.7
1263 silly fetch manifest @babel/plugin-transform-logical-assignment-operators@^7.29.7
1264 silly fetch manifest @babel/plugin-transform-member-expression-literals@^7.29.7
1265 silly fetch manifest @babel/plugin-transform-modules-amd@^7.29.7
1266 silly fetch manifest @babel/plugin-transform-modules-commonjs@^7.29.7
1267 silly fetch manifest @babel/plugin-transform-modules-systemjs@^7.29.7
1268 silly fetch manifest @babel/plugin-transform-modules-umd@^7.29.7
1269 silly fetch manifest @babel/plugin-transform-named-capturing-groups-regex@^7.29.7
1270 silly fetch manifest @babel/plugin-transform-new-target@^7.29.7
1271 silly fetch manifest @babel/plugin-transform-nullish-coalescing-operator@^7.29.7
1272 silly fetch manifest @babel/plugin-transform-numeric-separator@^7.29.7
1273 silly fetch manifest @babel/plugin-transform-object-rest-spread@^7.29.7
1274 silly fetch manifest @babel/plugin-transform-object-super@^7.29.7
1275 silly fetch manifest @babel/plugin-transform-optional-catch-binding@^7.29.7
1276 silly fetch manifest @babel/plugin-transform-optional-chaining@^7.29.7
1277 silly fetch manifest @babel/plugin-transform-parameters@^7.29.7
1278 silly fetch manifest @babel/plugin-transform-private-methods@^7.29.7
1279 silly fetch manifest @babel/plugin-transform-private-property-in-object@^7.29.7
1280 silly fetch manifest @babel/plugin-transform-property-literals@^7.29.7
1281 silly fetch manifest @babel/plugin-transform-regenerator@^7.29.7
1282 silly fetch manifest @babel/plugin-transform-regexp-modifiers@^7.29.7
1283 silly fetch manifest @babel/plugin-transform-reserved-words@^7.29.7
1284 silly fetch manifest @babel/plugin-transform-shorthand-properties@^7.29.7
1285 silly fetch manifest @babel/plugin-transform-spread@^7.29.7
1286 silly fetch manifest @babel/plugin-transform-sticky-regex@^7.29.7
1287 silly fetch manifest @babel/plugin-transform-template-literals@^7.29.7
1288 silly fetch manifest @babel/plugin-transform-typeof-symbol@^7.29.7
1289 silly fetch manifest @babel/plugin-transform-unicode-escapes@^7.29.7
1290 silly fetch manifest @babel/plugin-transform-unicode-property-regex@^7.29.7
1291 silly fetch manifest @babel/plugin-transform-unicode-regex@^7.29.7
1292 silly fetch manifest @babel/plugin-transform-unicode-sets-regex@^7.29.7
1293 silly fetch manifest @babel/preset-modules@0.1.6-no-external-plugins
1294 silly fetch manifest babel-plugin-polyfill-corejs2@^0.4.15
1295 silly fetch manifest babel-plugin-polyfill-corejs3@^0.14.0
1296 silly fetch manifest babel-plugin-polyfill-regenerator@^0.6.6
1297 silly fetch manifest core-js-compat@^3.48.0
1298 silly fetch manifest @rollup/pluginutils@^5.0.1
1299 silly fetch manifest @types/resolve@1.20.2
1300 silly fetch manifest deepmerge@^4.2.2
1301 silly fetch manifest is-module@^1.0.0
1302 silly fetch manifest magic-string@^0.30.3
1303 silly fetch manifest serialize-javascript@^7.0.3
1304 silly fetch manifest smob@^1.0.0
1305 silly fetch manifest terser@^5.17.4
1306 silly fetch manifest ejs@^3.1.10
1307 silly fetch manifest magic-string@^0.30.21
1308 silly fetch manifest string.prototype.matchall@^4.0.12
1309 silly fetch manifest jsonfile@^6.0.1
1310 silly fetch manifest graceful-fs@^4.2.0
1311 silly fetch manifest universalify@^2.0.0
1312 silly fetch manifest at-least-node@^1.0.0
1313 silly fetch manifest minipass@^7.1.2
1314 silly fetch manifest jackspeak@^4.1.1
1315 silly fetch manifest minimatch@^10.1.1
1316 silly fetch manifest path-scurry@^2.0.0
1317 silly fetch manifest foreground-child@^3.3.1
1318 silly fetch manifest package-json-from-dist@^1.0.0
1319 silly fetch manifest whatwg-url@^7.0.0
1320 silly fetch manifest is-obj@^1.0.1
1321 silly fetch manifest is-regexp@^1.0.0
1322 silly fetch manifest get-own-enumerable-property-symbols@^3.0.0
1323 silly fetch manifest temp-dir@^2.0.0
1324 silly fetch manifest is-stream@^2.0.0
1325 silly fetch manifest type-fest@^0.16.0
1326 silly fetch manifest unique-string@^2.0.0
1327 silly fetch manifest idb@^7.0.1
1328 http fetch GET 200 https://registry.npmjs.org/fast-uri 123ms (cache miss)
1329 http fetch GET 200 https://registry.npmjs.org/json-schema-traverse 126ms (cache miss)
1330 http fetch GET 200 https://registry.npmjs.org/@babel%2fplugin-bugfix-safari-rest-destructuring-rhs-array 125ms (cache miss)
1331 http fetch GET 200 https://registry.npmjs.org/require-from-string 128ms (cache miss)
1332 http fetch GET 200 https://registry.npmjs.org/leven 135ms (cache miss)
1333 http fetch GET 200 https://registry.npmjs.org/@babel%2fplugin-proposal-private-property-in-object 132ms (cache miss)
1334 http fetch GET 200 https://registry.npmjs.org/@babel%2fplugin-bugfix-safari-class-field-initializer-scope 135ms (cache miss)
1335 http fetch GET 200 https://registry.npmjs.org/fast-deep-equal 138ms (cache miss)
1336 http fetch GET 200 https://registry.npmjs.org/@babel%2fplugin-syntax-import-attributes 140ms (cache miss)
1337 http fetch GET 200 https://registry.npmjs.org/jsonpointer 146ms (cache miss)
1338 http fetch GET 200 https://registry.npmjs.org/@babel%2fplugin-bugfix-firefox-class-in-computed-class-key 151ms (cache miss)
1339 http fetch GET 200 https://registry.npmjs.org/@babel%2fplugin-syntax-import-assertions 150ms (cache miss)
1340 http fetch GET 200 https://registry.npmjs.org/@babel%2fplugin-bugfix-safari-id-destructuring-collision-in-function-expression 158ms (cache miss)
1341 http fetch GET 200 https://registry.npmjs.org/@babel%2fplugin-bugfix-v8-spread-parameters-in-optional-chaining 167ms (cache miss)
1342 http fetch GET 200 https://registry.npmjs.org/@babel%2fplugin-syntax-unicode-sets-regex 174ms (cache miss)
1343 http fetch GET 200 https://registry.npmjs.org/@babel%2fplugin-bugfix-v8-static-class-fields-redefine-readonly 176ms (cache miss)
1344 http fetch GET 200 https://registry.npmjs.org/@babel%2fplugin-transform-async-generator-functions 200ms (cache miss)
1345 http fetch GET 200 https://registry.npmjs.org/@babel%2fplugin-transform-duplicate-named-capturing-groups-regex 232ms (cache miss)
1346 http fetch GET 200 https://registry.npmjs.org/@babel%2fplugin-transform-class-static-block 247ms (cache miss)
1347 http fetch GET 200 https://registry.npmjs.org/@babel%2fplugin-transform-dynamic-import 248ms (cache miss)
1348 http fetch GET 200 https://registry.npmjs.org/@babel%2fplugin-transform-export-namespace-from 267ms (cache miss)
1349 http fetch GET 200 https://registry.npmjs.org/@babel%2fplugin-transform-arrow-functions 290ms (cache miss)
1350 http fetch GET 200 https://registry.npmjs.org/@babel%2fplugin-transform-class-properties 291ms (cache miss)
1351 http fetch GET 200 https://registry.npmjs.org/@babel%2fplugin-transform-block-scoped-functions 357ms (cache miss)
1352 http fetch GET 200 https://registry.npmjs.org/@babel%2fplugin-transform-async-to-generator 409ms (cache miss)
1353 http fetch GET 200 https://registry.npmjs.org/@babel%2fplugin-transform-dotall-regex 409ms (cache miss)
1354 http fetch GET 200 https://registry.npmjs.org/@babel%2fplugin-transform-computed-properties 424ms (cache miss)
1355 http fetch GET 200 https://registry.npmjs.org/@babel%2fplugin-transform-logical-assignment-operators 423ms (cache miss)
1356 http fetch GET 200 https://registry.npmjs.org/@babel%2fplugin-transform-json-strings 424ms (cache miss)
1357 http fetch GET 200 https://registry.npmjs.org/@babel%2fplugin-transform-exponentiation-operator 432ms (cache miss)
1358 http fetch GET 200 https://registry.npmjs.org/@babel%2fplugin-transform-duplicate-keys 443ms (cache miss)
1359 http fetch GET 200 https://registry.npmjs.org/@babel%2fplugin-transform-block-scoping 455ms (cache miss)
1360 http fetch GET 200 https://registry.npmjs.org/@babel%2fplugin-transform-member-expression-literals 453ms (cache miss)
1361 http fetch GET 200 https://registry.npmjs.org/@babel%2fplugin-transform-function-name 462ms (cache miss)
1362 http fetch GET 200 https://registry.npmjs.org/@babel%2fplugin-transform-nullish-coalescing-operator 460ms (cache miss)
1363 http fetch GET 200 https://registry.npmjs.org/@babel%2fplugin-transform-object-rest-spread 461ms (cache miss)
1364 http fetch GET 200 https://registry.npmjs.org/@babel%2fplugin-transform-literals 468ms (cache miss)
1365 http fetch GET 200 https://registry.npmjs.org/@babel%2fplugin-transform-named-capturing-groups-regex 468ms (cache miss)
1366 http fetch GET 200 https://registry.npmjs.org/@babel%2fplugin-transform-explicit-resource-management 471ms (cache miss)
1367 http fetch GET 200 https://registry.npmjs.org/@babel%2fplugin-transform-numeric-separator 469ms (cache miss)
1368 http fetch GET 200 https://registry.npmjs.org/@babel%2fplugin-transform-private-methods 468ms (cache miss)
1369 http fetch GET 200 https://registry.npmjs.org/@babel%2fplugin-transform-for-of 476ms (cache miss)
1370 http fetch GET 200 https://registry.npmjs.org/@babel%2fplugin-transform-destructuring 478ms (cache miss)
1371 http fetch GET 200 https://registry.npmjs.org/@babel%2fplugin-transform-modules-amd 478ms (cache miss)
1372 http fetch GET 200 https://registry.npmjs.org/@babel%2fplugin-transform-new-target 478ms (cache miss)
1373 http fetch GET 200 https://registry.npmjs.org/@babel%2fplugin-transform-private-property-in-object 477ms (cache miss)
1374 http fetch GET 200 https://registry.npmjs.org/@babel%2fplugin-transform-regexp-modifiers 477ms (cache miss)
1375 http fetch GET 200 https://registry.npmjs.org/@babel%2fplugin-transform-optional-catch-binding 483ms (cache miss)
1376 http fetch GET 200 https://registry.npmjs.org/@babel%2fplugin-transform-classes 492ms (cache miss)
1377 http fetch GET 200 https://registry.npmjs.org/is-module 476ms (cache miss)
1378 http fetch GET 200 https://registry.npmjs.org/@babel%2fplugin-transform-optional-chaining 500ms (cache miss)
1379 http fetch GET 200 https://registry.npmjs.org/smob 487ms (cache miss)
1380 http fetch GET 200 https://registry.npmjs.org/at-least-node 486ms (cache miss)
1381 http fetch GET 200 https://registry.npmjs.org/@babel%2fplugin-transform-modules-umd 506ms (cache miss)
1382 http fetch GET 200 https://registry.npmjs.org/@babel%2fplugin-transform-object-super 507ms (cache miss)
1383 http fetch GET 200 https://registry.npmjs.org/@babel%2fplugin-transform-unicode-escapes 504ms (cache miss)
1384 http fetch GET 200 https://registry.npmjs.org/@babel%2fpreset-modules 503ms (cache miss)
1385 http fetch GET 200 https://registry.npmjs.org/@babel%2fplugin-transform-unicode-property-regex 506ms (cache miss)
1386 http fetch GET 200 https://registry.npmjs.org/temp-dir 491ms (cache miss)
1387 http fetch GET 200 https://registry.npmjs.org/is-stream 492ms (cache miss)
1388 http fetch GET 200 https://registry.npmjs.org/is-obj 494ms (cache miss)
1389 http fetch GET 200 https://registry.npmjs.org/package-json-from-dist 496ms (cache miss)
1390 http fetch GET 200 https://registry.npmjs.org/@babel%2fplugin-transform-property-literals 514ms (cache miss)
1391 http fetch GET 200 https://registry.npmjs.org/@babel%2fplugin-transform-shorthand-properties 514ms (cache miss)
1392 http fetch GET 200 https://registry.npmjs.org/babel-plugin-polyfill-regenerator 505ms (cache miss)
1393 http fetch GET 200 https://registry.npmjs.org/serialize-javascript 504ms (cache miss)
1394 http fetch GET 200 https://registry.npmjs.org/@rollup%2fpluginutils 506ms (cache miss)
1395 http fetch GET 200 https://registry.npmjs.org/@types%2fresolve 506ms (cache miss)
1396 http fetch GET 200 https://registry.npmjs.org/path-scurry 502ms (cache miss)
1397 http fetch GET 200 https://registry.npmjs.org/universalify 504ms (cache miss)
1398 http fetch GET 200 https://registry.npmjs.org/get-own-enumerable-property-symbols 503ms (cache miss)
1399 http fetch GET 200 https://registry.npmjs.org/string.prototype.matchall 507ms (cache miss)
1400 http fetch GET 200 https://registry.npmjs.org/graceful-fs 508ms (cache miss)
1401 http fetch GET 200 https://registry.npmjs.org/is-regexp 506ms (cache miss)
1402 http fetch GET 200 https://registry.npmjs.org/@babel%2fplugin-transform-modules-systemjs 528ms (cache miss)
1403 http fetch GET 200 https://registry.npmjs.org/unique-string 507ms (cache miss)
1404 http fetch GET 200 https://registry.npmjs.org/@babel%2fplugin-transform-modules-commonjs 530ms (cache miss)
1405 http fetch GET 200 https://registry.npmjs.org/@babel%2fplugin-transform-parameters 529ms (cache miss)
1406 http fetch GET 200 https://registry.npmjs.org/@babel%2fplugin-transform-reserved-words 529ms (cache miss)
1407 http fetch GET 200 https://registry.npmjs.org/@babel%2fplugin-transform-unicode-regex 528ms (cache miss)
1408 http fetch GET 200 https://registry.npmjs.org/@babel%2fplugin-transform-unicode-sets-regex 529ms (cache miss)
1409 http fetch GET 200 https://registry.npmjs.org/babel-plugin-polyfill-corejs2 529ms (cache miss)
1410 http fetch GET 200 https://registry.npmjs.org/deepmerge 523ms (cache miss)
1411 http fetch GET 200 https://registry.npmjs.org/@babel%2fplugin-transform-sticky-regex 542ms (cache miss)
1412 http fetch GET 200 https://registry.npmjs.org/@babel%2fplugin-transform-template-literals 544ms (cache miss)
1413 http fetch GET 200 https://registry.npmjs.org/@babel%2fplugin-transform-regenerator 547ms (cache miss)
1414 http fetch GET 200 https://registry.npmjs.org/@babel%2fplugin-transform-typeof-symbol 545ms (cache miss)
1415 http fetch GET 200 https://registry.npmjs.org/ejs 536ms (cache miss)
1416 http fetch GET 200 https://registry.npmjs.org/jackspeak 535ms (cache miss)
1417 http fetch GET 200 https://registry.npmjs.org/foreground-child 535ms (cache miss)
1418 http fetch GET 200 https://registry.npmjs.org/jsonfile 538ms (cache miss)
1419 http fetch GET 200 https://registry.npmjs.org/@babel%2fplugin-transform-spread 552ms (cache miss)
1420 http fetch GET 200 https://registry.npmjs.org/babel-plugin-polyfill-corejs3 545ms (cache miss)
1421 http fetch GET 200 https://registry.npmjs.org/magic-string 544ms (cache miss)
1422 http fetch GET 200 https://registry.npmjs.org/whatwg-url 541ms (cache miss)
1423 http fetch GET 200 https://registry.npmjs.org/minipass 544ms (cache miss)
1424 http fetch GET 200 https://registry.npmjs.org/magic-string 547ms (cache miss)
1425 http fetch GET 200 https://registry.npmjs.org/idb 543ms (cache miss)
1426 http fetch GET 200 https://registry.npmjs.org/core-js-compat 554ms (cache miss)
1427 http fetch GET 200 https://registry.npmjs.org/type-fest 553ms (cache miss)
1428 timing idealTree:node_modules/workbox-build Completed in 649ms
1429 silly placeDep ROOT jsonpointer@5.0.1 OK for: @apideck/better-ajv-errors@0.3.7 want: ^5.0.1
1430 silly placeDep ROOT leven@3.1.0 OK for: @apideck/better-ajv-errors@0.3.7 want: ^3.1.0
1431 timing idealTree:node_modules/@apideck/better-ajv-errors Completed in 4ms
1432 silly fetch manifest @babel/core@^7.0.0-0
1433 silly placeDep ROOT @babel/plugin-bugfix-firefox-class-in-computed-class-key@7.29.7 OK for: @babel/preset-env@7.29.7 want: ^7.29.7
1434 silly placeDep ROOT @babel/plugin-bugfix-safari-class-field-initializer-scope@7.29.7 OK for: @babel/preset-env@7.29.7 want: ^7.29.7
1435 silly placeDep ROOT @babel/plugin-bugfix-safari-id-destructuring-collision-in-function-expression@7.29.7 OK for: @babel/preset-env@7.29.7 want: ^7.29.7
1436 silly placeDep ROOT @babel/plugin-bugfix-safari-rest-destructuring-rhs-array@7.29.7 OK for: @babel/preset-env@7.29.7 want: ^7.29.7
1437 silly placeDep ROOT @babel/plugin-bugfix-v8-spread-parameters-in-optional-chaining@7.29.7 OK for: @babel/preset-env@7.29.7 want: ^7.29.7
1438 silly placeDep ROOT @babel/plugin-bugfix-v8-static-class-fields-redefine-readonly@7.29.7 OK for: @babel/preset-env@7.29.7 want: ^7.29.7
1439 silly placeDep ROOT @babel/plugin-proposal-private-property-in-object@7.21.0-placeholder-for-preset-env.2 OK for: @babel/preset-env@7.29.7 want: 7.21.0-placeholder-for-preset-env.2
1440 silly placeDep ROOT @babel/plugin-syntax-import-assertions@7.29.7 OK for: @babel/preset-env@7.29.7 want: ^7.29.7
1441 silly placeDep ROOT @babel/plugin-syntax-import-attributes@7.29.7 OK for: @babel/preset-env@7.29.7 want: ^7.29.7
1442 silly placeDep ROOT @babel/plugin-syntax-unicode-sets-regex@7.18.6 OK for: @babel/preset-env@7.29.7 want: ^7.18.6
1443 silly placeDep ROOT @babel/plugin-transform-arrow-functions@7.29.7 OK for: @babel/preset-env@7.29.7 want: ^7.29.7
1444 silly placeDep ROOT @babel/plugin-transform-async-generator-functions@7.29.7 OK for: @babel/preset-env@7.29.7 want: ^7.29.7
1445 silly placeDep ROOT @babel/plugin-transform-async-to-generator@7.29.7 OK for: @babel/preset-env@7.29.7 want: ^7.29.7
1446 silly placeDep ROOT @babel/plugin-transform-block-scoped-functions@7.29.7 OK for: @babel/preset-env@7.29.7 want: ^7.29.7
1447 silly placeDep ROOT @babel/plugin-transform-block-scoping@7.29.7 OK for: @babel/preset-env@7.29.7 want: ^7.29.7
1448 silly placeDep ROOT @babel/plugin-transform-class-properties@7.29.7 OK for: @babel/preset-env@7.29.7 want: ^7.29.7
1449 silly placeDep ROOT @babel/plugin-transform-class-static-block@7.29.7 OK for: @babel/preset-env@7.29.7 want: ^7.29.7
1450 silly placeDep ROOT @babel/plugin-transform-classes@7.29.7 OK for: @babel/preset-env@7.29.7 want: ^7.29.7
1451 silly placeDep ROOT @babel/plugin-transform-computed-properties@7.29.7 OK for: @babel/preset-env@7.29.7 want: ^7.29.7
1452 silly placeDep ROOT @babel/plugin-transform-destructuring@7.29.7 OK for: @babel/preset-env@7.29.7 want: ^7.29.7
1453 silly placeDep ROOT @babel/plugin-transform-dotall-regex@7.29.7 OK for: @babel/preset-env@7.29.7 want: ^7.29.7
1454 silly placeDep ROOT @babel/plugin-transform-duplicate-keys@7.29.7 OK for: @babel/preset-env@7.29.7 want: ^7.29.7
1455 silly placeDep ROOT @babel/plugin-transform-duplicate-named-capturing-groups-regex@7.29.7 OK for: @babel/preset-env@7.29.7 want: ^7.29.7
1456 silly placeDep ROOT @babel/plugin-transform-dynamic-import@7.29.7 OK for: @babel/preset-env@7.29.7 want: ^7.29.7
1457 silly placeDep ROOT @babel/plugin-transform-explicit-resource-management@7.29.7 OK for: @babel/preset-env@7.29.7 want: ^7.29.7
1458 silly placeDep ROOT @babel/plugin-transform-exponentiation-operator@7.29.7 OK for: @babel/preset-env@7.29.7 want: ^7.29.7
1459 silly placeDep ROOT @babel/plugin-transform-export-namespace-from@7.29.7 OK for: @babel/preset-env@7.29.7 want: ^7.29.7
1460 silly placeDep ROOT @babel/plugin-transform-for-of@7.29.7 OK for: @babel/preset-env@7.29.7 want: ^7.29.7
1461 silly placeDep ROOT @babel/plugin-transform-function-name@7.29.7 OK for: @babel/preset-env@7.29.7 want: ^7.29.7
1462 silly placeDep ROOT @babel/plugin-transform-json-strings@7.29.7 OK for: @babel/preset-env@7.29.7 want: ^7.29.7
1463 silly placeDep ROOT @babel/plugin-transform-literals@7.29.7 OK for: @babel/preset-env@7.29.7 want: ^7.29.7
1464 silly placeDep ROOT @babel/plugin-transform-logical-assignment-operators@7.29.7 OK for: @babel/preset-env@7.29.7 want: ^7.29.7
1465 silly placeDep ROOT @babel/plugin-transform-member-expression-literals@7.29.7 OK for: @babel/preset-env@7.29.7 want: ^7.29.7
1466 silly placeDep ROOT @babel/plugin-transform-modules-amd@7.29.7 OK for: @babel/preset-env@7.29.7 want: ^7.29.7
1467 silly placeDep ROOT @babel/plugin-transform-modules-commonjs@7.29.7 OK for: @babel/preset-env@7.29.7 want: ^7.29.7
1468 silly placeDep ROOT @babel/plugin-transform-modules-systemjs@7.29.7 OK for: @babel/preset-env@7.29.7 want: ^7.29.7
1469 silly placeDep ROOT @babel/plugin-transform-modules-umd@7.29.7 OK for: @babel/preset-env@7.29.7 want: ^7.29.7
1470 silly placeDep ROOT @babel/plugin-transform-named-capturing-groups-regex@7.29.7 OK for: @babel/preset-env@7.29.7 want: ^7.29.7
1471 silly placeDep ROOT @babel/plugin-transform-new-target@7.29.7 OK for: @babel/preset-env@7.29.7 want: ^7.29.7
1472 silly placeDep ROOT @babel/plugin-transform-nullish-coalescing-operator@7.29.7 OK for: @babel/preset-env@7.29.7 want: ^7.29.7
1473 silly placeDep ROOT @babel/plugin-transform-numeric-separator@7.29.7 OK for: @babel/preset-env@7.29.7 want: ^7.29.7
1474 silly placeDep ROOT @babel/plugin-transform-object-rest-spread@7.29.7 OK for: @babel/preset-env@7.29.7 want: ^7.29.7
1475 silly placeDep ROOT @babel/plugin-transform-object-super@7.29.7 OK for: @babel/preset-env@7.29.7 want: ^7.29.7
1476 silly placeDep ROOT @babel/plugin-transform-optional-catch-binding@7.29.7 OK for: @babel/preset-env@7.29.7 want: ^7.29.7
1477 silly placeDep ROOT @babel/plugin-transform-optional-chaining@7.29.7 OK for: @babel/preset-env@7.29.7 want: ^7.29.7
1478 silly placeDep ROOT @babel/plugin-transform-parameters@7.29.7 OK for: @babel/preset-env@7.29.7 want: ^7.29.7
1479 silly placeDep ROOT @babel/plugin-transform-private-methods@7.29.7 OK for: @babel/preset-env@7.29.7 want: ^7.29.7
1480 silly placeDep ROOT @babel/plugin-transform-private-property-in-object@7.29.7 OK for: @babel/preset-env@7.29.7 want: ^7.29.7
1481 silly placeDep ROOT @babel/plugin-transform-property-literals@7.29.7 OK for: @babel/preset-env@7.29.7 want: ^7.29.7
1482 silly placeDep ROOT @babel/plugin-transform-regenerator@7.29.7 OK for: @babel/preset-env@7.29.7 want: ^7.29.7
1483 silly placeDep ROOT @babel/plugin-transform-regexp-modifiers@7.29.7 OK for: @babel/preset-env@7.29.7 want: ^7.29.7
1484 silly placeDep ROOT @babel/plugin-transform-reserved-words@7.29.7 OK for: @babel/preset-env@7.29.7 want: ^7.29.7
1485 silly placeDep ROOT @babel/plugin-transform-shorthand-properties@7.29.7 OK for: @babel/preset-env@7.29.7 want: ^7.29.7
1486 silly placeDep ROOT @babel/plugin-transform-spread@7.29.7 OK for: @babel/preset-env@7.29.7 want: ^7.29.7
1487 silly placeDep ROOT @babel/plugin-transform-sticky-regex@7.29.7 OK for: @babel/preset-env@7.29.7 want: ^7.29.7
1488 silly placeDep ROOT @babel/plugin-transform-template-literals@7.29.7 OK for: @babel/preset-env@7.29.7 want: ^7.29.7
1489 silly placeDep ROOT @babel/plugin-transform-typeof-symbol@7.29.7 OK for: @babel/preset-env@7.29.7 want: ^7.29.7
1490 silly placeDep ROOT @babel/plugin-transform-unicode-escapes@7.29.7 OK for: @babel/preset-env@7.29.7 want: ^7.29.7
1491 silly placeDep ROOT @babel/plugin-transform-unicode-property-regex@7.29.7 OK for: @babel/preset-env@7.29.7 want: ^7.29.7
1492 silly placeDep ROOT @babel/plugin-transform-unicode-regex@7.29.7 OK for: @babel/preset-env@7.29.7 want: ^7.29.7
1493 silly placeDep ROOT @babel/plugin-transform-unicode-sets-regex@7.29.7 OK for: @babel/preset-env@7.29.7 want: ^7.29.7
1494 silly placeDep ROOT @babel/preset-modules@0.1.6-no-external-plugins OK for: @babel/preset-env@7.29.7 want: 0.1.6-no-external-plugins
1495 silly placeDep ROOT babel-plugin-polyfill-corejs2@0.4.17 OK for: @babel/preset-env@7.29.7 want: ^0.4.15
1496 silly placeDep ROOT babel-plugin-polyfill-corejs3@0.14.2 OK for: @babel/preset-env@7.29.7 want: ^0.14.0
1497 silly placeDep ROOT babel-plugin-polyfill-regenerator@0.6.8 OK for: @babel/preset-env@7.29.7 want: ^0.6.6
1498 silly placeDep ROOT core-js-compat@3.49.0 OK for: @babel/preset-env@7.29.7 want: ^3.48.0
1499 silly fetch manifest @babel/helper-skip-transparent-expression-wrappers@^7.29.7
1500 silly fetch manifest @babel/helper-create-regexp-features-plugin@^7.18.6
1501 silly fetch manifest @babel/helper-remap-async-to-generator@^7.29.7
1502 silly fetch manifest @babel/helper-create-class-features-plugin@^7.29.7
1503 silly fetch manifest @babel/helper-annotate-as-pure@^7.29.7
1504 silly fetch manifest @babel/helper-replace-supers@^7.29.7
1505 silly fetch manifest @babel/helper-create-regexp-features-plugin@^7.29.7
1506 silly fetch manifest esutils@^2.0.2
1507 silly fetch manifest @babel/helper-define-polyfill-provider@^0.6.8
1508 http fetch GET 200 https://registry.npmjs.org/esutils 28ms (cache miss)
1509 http fetch GET 200 https://registry.npmjs.org/@babel%2fhelper-skip-transparent-expression-wrappers 53ms (cache miss)
1510 http fetch GET 200 https://registry.npmjs.org/@babel%2fhelper-create-regexp-features-plugin 53ms (cache miss)
1511 http fetch GET 200 https://registry.npmjs.org/@babel%2fhelper-remap-async-to-generator 59ms (cache miss)
1512 http fetch GET 200 https://registry.npmjs.org/@babel%2fhelper-replace-supers 61ms (cache miss)
1513 http fetch GET 200 https://registry.npmjs.org/@babel%2fhelper-define-polyfill-provider 61ms (cache miss)
1514 http fetch GET 200 https://registry.npmjs.org/@babel%2fhelper-create-regexp-features-plugin 67ms (cache miss)
1515 http fetch GET 200 https://registry.npmjs.org/@babel%2fhelper-annotate-as-pure 69ms (cache miss)
1516 http fetch GET 200 https://registry.npmjs.org/@babel%2fhelper-create-class-features-plugin 71ms (cache miss)
1517 timing idealTree:node_modules/@babel/preset-env Completed in 258ms
1518 timing idealTree:node_modules/@babel/plugin-bugfix-firefox-class-in-computed-class-key Completed in 0ms
1519 timing idealTree:node_modules/@babel/plugin-bugfix-safari-class-field-initializer-scope Completed in 0ms
1520 timing idealTree:node_modules/@babel/plugin-bugfix-safari-id-destructuring-collision-in-function-expression Completed in 0ms
1521 silly placeDep ROOT @babel/helper-skip-transparent-expression-wrappers@7.29.7 OK for: @babel/plugin-bugfix-safari-rest-destructuring-rhs-array@7.29.7 want: ^7.29.7
1522 timing idealTree:node_modules/@babel/plugin-bugfix-safari-rest-destructuring-rhs-array Completed in 3ms
1523 timing idealTree:node_modules/@babel/helper-skip-transparent-expression-wrappers Completed in 1ms
1524 timing idealTree:node_modules/@babel/plugin-bugfix-v8-spread-parameters-in-optional-chaining Completed in 0ms
1525 timing idealTree:node_modules/@babel/plugin-bugfix-v8-static-class-fields-redefine-readonly Completed in 0ms
1526 timing idealTree:node_modules/@babel/plugin-proposal-private-property-in-object Completed in 0ms
1527 timing idealTree:node_modules/@babel/plugin-syntax-import-assertions Completed in 0ms
1528 timing idealTree:node_modules/@babel/plugin-syntax-import-attributes Completed in 0ms
1529 silly placeDep ROOT @babel/helper-create-regexp-features-plugin@7.29.7 OK for: @babel/plugin-syntax-unicode-sets-regex@7.18.6 want: ^7.18.6
1530 silly fetch manifest regexpu-core@^6.3.1
1531 http fetch GET 200 https://registry.npmjs.org/regexpu-core 40ms (cache miss)
1532 timing idealTree:node_modules/@babel/plugin-syntax-unicode-sets-regex Completed in 46ms
1533 silly placeDep ROOT @babel/helper-annotate-as-pure@7.29.7 OK for: @babel/helper-create-regexp-features-plugin@7.29.7 want: ^7.29.7
1534 silly placeDep ROOT regexpu-core@6.4.0 OK for: @babel/helper-create-regexp-features-plugin@7.29.7 want: ^6.3.1
1535 silly fetch manifest regenerate@^1.4.2
1536 silly fetch manifest regenerate-unicode-properties@^10.2.2
1537 silly fetch manifest regjsgen@^0.8.0
1538 silly fetch manifest regjsparser@^0.13.0
1539 silly fetch manifest unicode-match-property-ecmascript@^2.0.0
1540 silly fetch manifest unicode-match-property-value-ecmascript@^2.2.1
1541 http fetch GET 200 https://registry.npmjs.org/unicode-match-property-value-ecmascript 25ms (cache miss)
1542 http fetch GET 200 https://registry.npmjs.org/unicode-match-property-ecmascript 30ms (cache miss)
1543 http fetch GET 200 https://registry.npmjs.org/regenerate 40ms (cache miss)
1544 http fetch GET 200 https://registry.npmjs.org/regjsgen 40ms (cache miss)
1545 http fetch GET 200 https://registry.npmjs.org/regjsparser 41ms (cache miss)
1546 http fetch GET 200 https://registry.npmjs.org/regenerate-unicode-properties 59ms (cache miss)
1547 timing idealTree:node_modules/@babel/helper-create-regexp-features-plugin Completed in 64ms
1548 timing idealTree:node_modules/@babel/helper-annotate-as-pure Completed in 0ms
1549 timing idealTree:node_modules/@babel/plugin-transform-arrow-functions Completed in 0ms
1550 silly placeDep ROOT @babel/helper-remap-async-to-generator@7.29.7 OK for: @babel/plugin-transform-async-generator-functions@7.29.7 want: ^7.29.7
1551 silly fetch manifest @babel/helper-wrap-function@^7.29.7
1552 http fetch GET 200 https://registry.npmjs.org/@babel%2fhelper-wrap-function 55ms (cache miss)
1553 timing idealTree:node_modules/@babel/plugin-transform-async-generator-functions Completed in 59ms
1554 silly placeDep ROOT @babel/helper-wrap-function@7.29.7 OK for: @babel/helper-remap-async-to-generator@7.29.7 want: ^7.29.7
1555 timing idealTree:node_modules/@babel/helper-remap-async-to-generator Completed in 2ms
1556 timing idealTree:node_modules/@babel/helper-wrap-function Completed in 0ms
1557 timing idealTree:node_modules/@babel/plugin-transform-async-to-generator Completed in 0ms
1558 timing idealTree:node_modules/@babel/plugin-transform-block-scoped-functions Completed in 0ms
1559 timing idealTree:node_modules/@babel/plugin-transform-block-scoping Completed in 0ms
1560 silly placeDep ROOT @babel/helper-create-class-features-plugin@7.29.7 OK for: @babel/plugin-transform-class-properties@7.29.7 want: ^7.29.7
1561 silly fetch manifest @babel/helper-member-expression-to-functions@^7.29.7
1562 silly fetch manifest @babel/helper-optimise-call-expression@^7.29.7
1563 http fetch GET 200 https://registry.npmjs.org/@babel%2fhelper-optimise-call-expression 51ms (cache miss)
1564 http fetch GET 200 https://registry.npmjs.org/@babel%2fhelper-member-expression-to-functions 52ms (cache miss)
1565 timing idealTree:node_modules/@babel/plugin-transform-class-properties Completed in 57ms
1566 silly placeDep ROOT @babel/helper-member-expression-to-functions@7.29.7 OK for: @babel/helper-create-class-features-plugin@7.29.7 want: ^7.29.7
1567 silly placeDep ROOT @babel/helper-optimise-call-expression@7.29.7 OK for: @babel/helper-create-class-features-plugin@7.29.7 want: ^7.29.7
1568 silly placeDep ROOT @babel/helper-replace-supers@7.29.7 OK for: @babel/helper-create-class-features-plugin@7.29.7 want: ^7.29.7
1569 timing idealTree:node_modules/@babel/helper-create-class-features-plugin Completed in 5ms
1570 timing idealTree:node_modules/@babel/helper-member-expression-to-functions Completed in 0ms
1571 timing idealTree:node_modules/@babel/helper-optimise-call-expression Completed in 0ms
1572 timing idealTree:node_modules/@babel/helper-replace-supers Completed in 0ms
1573 timing idealTree:node_modules/@babel/plugin-transform-class-static-block Completed in 0ms
1574 timing idealTree:node_modules/@babel/plugin-transform-classes Completed in 0ms
1575 timing idealTree:node_modules/@babel/plugin-transform-computed-properties Completed in 0ms
1576 timing idealTree:node_modules/@babel/plugin-transform-destructuring Completed in 0ms
1577 timing idealTree:node_modules/@babel/plugin-transform-dotall-regex Completed in 0ms
1578 timing idealTree:node_modules/@babel/plugin-transform-duplicate-keys Completed in 0ms
1579 timing idealTree:node_modules/@babel/plugin-transform-duplicate-named-capturing-groups-regex Completed in 0ms
1580 timing idealTree:node_modules/@babel/plugin-transform-dynamic-import Completed in 0ms
1581 timing idealTree:node_modules/@babel/plugin-transform-explicit-resource-management Completed in 0ms
1582 timing idealTree:node_modules/@babel/plugin-transform-exponentiation-operator Completed in 0ms
1583 timing idealTree:node_modules/@babel/plugin-transform-export-namespace-from Completed in 0ms
1584 timing idealTree:node_modules/@babel/plugin-transform-for-of Completed in 0ms
1585 timing idealTree:node_modules/@babel/plugin-transform-function-name Completed in 0ms
1586 timing idealTree:node_modules/@babel/plugin-transform-json-strings Completed in 0ms
1587 timing idealTree:node_modules/@babel/plugin-transform-literals Completed in 0ms
1588 timing idealTree:node_modules/@babel/plugin-transform-logical-assignment-operators Completed in 0ms
1589 timing idealTree:node_modules/@babel/plugin-transform-member-expression-literals Completed in 0ms
1590 timing idealTree:node_modules/@babel/plugin-transform-modules-amd Completed in 0ms
1591 timing idealTree:node_modules/@babel/plugin-transform-modules-commonjs Completed in 0ms
1592 timing idealTree:node_modules/@babel/plugin-transform-modules-systemjs Completed in 0ms
1593 timing idealTree:node_modules/@babel/plugin-transform-modules-umd Completed in 0ms
1594 timing idealTree:node_modules/@babel/plugin-transform-named-capturing-groups-regex Completed in 0ms
1595 timing idealTree:node_modules/@babel/plugin-transform-new-target Completed in 0ms
1596 timing idealTree:node_modules/@babel/plugin-transform-nullish-coalescing-operator Completed in 0ms
1597 timing idealTree:node_modules/@babel/plugin-transform-numeric-separator Completed in 0ms
1598 timing idealTree:node_modules/@babel/plugin-transform-object-rest-spread Completed in 0ms
1599 timing idealTree:node_modules/@babel/plugin-transform-object-super Completed in 0ms
1600 timing idealTree:node_modules/@babel/plugin-transform-optional-catch-binding Completed in 0ms
1601 timing idealTree:node_modules/@babel/plugin-transform-optional-chaining Completed in 0ms
1602 timing idealTree:node_modules/@babel/plugin-transform-parameters Completed in 0ms
1603 timing idealTree:node_modules/@babel/plugin-transform-private-methods Completed in 0ms
1604 timing idealTree:node_modules/@babel/plugin-transform-private-property-in-object Completed in 0ms
1605 timing idealTree:node_modules/@babel/plugin-transform-property-literals Completed in 0ms
1606 timing idealTree:node_modules/@babel/plugin-transform-regenerator Completed in 0ms
1607 timing idealTree:node_modules/@babel/plugin-transform-regexp-modifiers Completed in 1ms
1608 timing idealTree:node_modules/@babel/plugin-transform-reserved-words Completed in 0ms
1609 timing idealTree:node_modules/@babel/plugin-transform-shorthand-properties Completed in 0ms
1610 timing idealTree:node_modules/@babel/plugin-transform-spread Completed in 0ms
1611 timing idealTree:node_modules/@babel/plugin-transform-sticky-regex Completed in 0ms
1612 timing idealTree:node_modules/@babel/plugin-transform-template-literals Completed in 0ms
1613 timing idealTree:node_modules/@babel/plugin-transform-typeof-symbol Completed in 0ms
1614 timing idealTree:node_modules/@babel/plugin-transform-unicode-escapes Completed in 0ms
1615 timing idealTree:node_modules/@babel/plugin-transform-unicode-property-regex Completed in 0ms
1616 timing idealTree:node_modules/@babel/plugin-transform-unicode-regex Completed in 0ms
1617 timing idealTree:node_modules/@babel/plugin-transform-unicode-sets-regex Completed in 0ms
1618 silly placeDep ROOT esutils@2.0.3 OK for: @babel/preset-modules@0.1.6-no-external-plugins want: ^2.0.2
1619 timing idealTree:node_modules/@babel/preset-modules Completed in 2ms
1620 silly fetch manifest rollup@^1.20.0||^2.0.0||^3.0.0||^4.0.0
1621 silly placeDep ROOT @rollup/pluginutils@5.3.0 OK for: @rollup/plugin-babel@6.1.0 want: ^5.0.1
1622 silly fetch manifest estree-walker@^2.0.2
1623 silly fetch manifest picomatch@^4.0.2
1624 http fetch GET 200 https://registry.npmjs.org/estree-walker 34ms (cache miss)
1625 timing idealTree:node_modules/@rollup/plugin-babel Completed in 38ms
1626 silly placeDep ROOT @types/resolve@1.20.2 OK for: @rollup/plugin-node-resolve@16.0.3 want: 1.20.2
1627 silly placeDep ROOT deepmerge@4.3.1 OK for: @rollup/plugin-node-resolve@16.0.3 want: ^4.2.2
1628 silly placeDep ROOT is-module@1.0.0 OK for: @rollup/plugin-node-resolve@16.0.3 want: ^1.0.0
1629 timing idealTree:node_modules/@rollup/plugin-node-resolve Completed in 4ms
1630 silly placeDep ROOT magic-string@0.30.21 OK for: @rollup/plugin-replace@6.0.3 want: ^0.30.3
1631 timing idealTree:node_modules/@rollup/plugin-replace Completed in 2ms
1632 silly placeDep ROOT serialize-javascript@7.0.5 OK for: @rollup/plugin-terser@1.0.0 want: ^7.0.3
1633 silly placeDep ROOT smob@1.6.2 OK for: @rollup/plugin-terser@1.0.0 want: ^1.0.0
1634 silly placeDep ROOT terser@5.48.0 OK for: @rollup/plugin-terser@1.0.0 want: ^5.17.4
1635 silly fetch manifest @jridgewell/source-map@^0.3.3
1636 silly fetch manifest acorn@^8.15.0
1637 silly fetch manifest commander@^2.20.0
1638 silly fetch manifest source-map-support@~0.5.20
1639 http fetch GET 200 https://registry.npmjs.org/source-map-support 31ms (cache miss)
1640 http fetch GET 200 https://registry.npmjs.org/acorn 39ms (cache miss)
1641 http fetch GET 200 https://registry.npmjs.org/@jridgewell%2fsource-map 52ms (cache miss)
1642 timing idealTree:node_modules/@rollup/plugin-terser Completed in 56ms
1643 silly placeDep ROOT estree-walker@2.0.2 OK for: @rollup/pluginutils@5.3.0 want: ^2.0.2
1644 silly placeDep node_modules/@rollup/pluginutils picomatch@4.0.4 OK for: @rollup/pluginutils@5.3.0 want: ^4.0.2
1645 timing idealTree:node_modules/@rollup/pluginutils Completed in 2ms
1646 silly placeDep ROOT ejs@3.1.10 OK for: @trickfilm400/rollup-plugin-off-main-thread@3.0.0-pre1 want: ^3.1.10
1647 silly placeDep ROOT string.prototype.matchall@4.0.12 OK for: @trickfilm400/rollup-plugin-off-main-thread@3.0.0-pre1 want: ^4.0.12
1648 silly fetch manifest jake@^10.8.5
1649 silly fetch manifest call-bind@^1.0.8
1650 silly fetch manifest call-bound@^1.0.3
1651 silly fetch manifest define-properties@^1.2.1
1652 silly fetch manifest es-abstract@^1.23.6
1653 silly fetch manifest internal-slot@^1.1.0
1654 silly fetch manifest regexp.prototype.flags@^1.5.3
1655 silly fetch manifest set-function-name@^2.0.2
1656 silly fetch manifest side-channel@^1.1.0
1657 http fetch GET 200 https://registry.npmjs.org/set-function-name 35ms (cache miss)
1658 http fetch GET 200 https://registry.npmjs.org/side-channel 37ms (cache miss)
1659 http fetch GET 200 https://registry.npmjs.org/internal-slot 41ms (cache miss)
1660 http fetch GET 200 https://registry.npmjs.org/regexp.prototype.flags 42ms (cache miss)
1661 http fetch GET 200 https://registry.npmjs.org/define-properties 44ms (cache miss)
1662 http fetch GET 200 https://registry.npmjs.org/call-bound 48ms (cache miss)
1663 http fetch GET 200 https://registry.npmjs.org/call-bind 49ms (cache miss)
1664 http fetch GET 200 https://registry.npmjs.org/es-abstract 49ms (cache miss)
1665 http fetch GET 200 https://registry.npmjs.org/jake 54ms (cache miss)
1666 timing idealTree:node_modules/@trickfilm400/rollup-plugin-off-main-thread Completed in 66ms
1667 timing idealTree:node_modules/@types/resolve Completed in 0ms
1668 silly placeDep ROOT fast-deep-equal@3.1.3 OK for: ajv@8.20.0 want: ^3.1.3
1669 silly placeDep ROOT fast-uri@3.1.2 OK for: ajv@8.20.0 want: ^3.0.1
1670 silly placeDep ROOT json-schema-traverse@1.0.0 OK for: ajv@8.20.0 want: ^1.0.0
1671 silly placeDep ROOT require-from-string@2.0.2 OK for: ajv@8.20.0 want: ^2.0.2
1672 timing idealTree:node_modules/ajv Completed in 6ms
1673 silly fetch manifest @babel/core@^7.4.0 || ^8.0.0-0 <8.0.0
1674 silly placeDep ROOT @babel/helper-define-polyfill-provider@0.6.8 OK for: babel-plugin-polyfill-corejs2@0.4.17 want: ^0.6.8
1675 silly fetch manifest lodash.debounce@^4.0.8
1676 http fetch GET 200 https://registry.npmjs.org/lodash.debounce 31ms (cache miss)
1677 timing idealTree:node_modules/babel-plugin-polyfill-corejs2 Completed in 34ms
1678 silly placeDep ROOT lodash.debounce@4.0.8 OK for: @babel/helper-define-polyfill-provider@0.6.8 want: ^4.0.8
1679 timing idealTree:node_modules/@babel/helper-define-polyfill-provider Completed in 2ms
1680 timing idealTree:node_modules/babel-plugin-polyfill-corejs3 Completed in 0ms
1681 timing idealTree:node_modules/babel-plugin-polyfill-regenerator Completed in 0ms
1682 timing idealTree:node_modules/common-tags Completed in 0ms
1683 timing idealTree:node_modules/core-js-compat Completed in 0ms
1684 timing idealTree:node_modules/deepmerge Completed in 0ms
1685 silly placeDep ROOT jake@10.9.4 OK for: ejs@3.1.10 want: ^10.8.5
1686 silly fetch manifest async@^3.2.6
1687 silly fetch manifest filelist@^1.0.4
1688 http fetch GET 200 https://registry.npmjs.org/filelist 30ms (cache miss)
1689 http fetch GET 200 https://registry.npmjs.org/async 32ms (cache miss)
1690 timing idealTree:node_modules/ejs Completed in 35ms
1691 timing idealTree:node_modules/estree-walker Completed in 0ms
1692 timing idealTree:node_modules/esutils Completed in 0ms
1693 timing idealTree:node_modules/eta Completed in 0ms
1694 timing idealTree:node_modules/fast-deep-equal Completed in 0ms
1695 timing idealTree:node_modules/fast-json-stable-stringify Completed in 0ms
1696 timing idealTree:node_modules/fast-uri Completed in 0ms
1697 silly placeDep ROOT at-least-node@1.0.0 OK for: fs-extra@9.1.0 want: ^1.0.0
1698 silly placeDep ROOT graceful-fs@4.2.11 OK for: fs-extra@9.1.0 want: ^4.2.0
1699 silly placeDep ROOT jsonfile@6.2.1 OK for: fs-extra@9.1.0 want: ^6.0.1
1700 silly placeDep ROOT universalify@2.0.1 OK for: fs-extra@9.1.0 want: ^2.0.0
1701 timing idealTree:node_modules/fs-extra Completed in 5ms
1702 timing idealTree:node_modules/at-least-node Completed in 0ms
1703 timing idealTree:node_modules/graceful-fs Completed in 0ms
1704 timing idealTree:node_modules/is-module Completed in 0ms
1705 silly placeDep ROOT async@3.2.6 OK for: jake@10.9.4 want: ^3.2.6
1706 silly placeDep ROOT filelist@1.0.6 OK for: jake@10.9.4 want: ^1.0.4
1707 silly fetch manifest minimatch@^5.0.1
1708 timing idealTree:node_modules/jake Completed in 4ms
1709 timing idealTree:node_modules/async Completed in 0ms
1710 silly placeDep node_modules/filelist minimatch@5.1.9 OK for: filelist@1.0.6 want: ^5.0.1
1711 silly fetch manifest brace-expansion@^2.0.1
1712 timing idealTree:node_modules/filelist Completed in 5ms
1713 timing idealTree:node_modules/json-schema-traverse Completed in 0ms
1714 timing idealTree:node_modules/jsonfile Completed in 0ms
1715 timing idealTree:node_modules/jsonpointer Completed in 0ms
1716 timing idealTree:node_modules/leven Completed in 0ms
1717 timing idealTree:node_modules/lodash.debounce Completed in 0ms
1718 timing idealTree:node_modules/magic-string Completed in 0ms
1719 silly placeDep ROOT regenerate@1.4.2 OK for: regexpu-core@6.4.0 want: ^1.4.2
1720 silly placeDep ROOT regenerate-unicode-properties@10.2.2 OK for: regexpu-core@6.4.0 want: ^10.2.2
1721 silly placeDep ROOT regjsgen@0.8.0 OK for: regexpu-core@6.4.0 want: ^0.8.0
1722 silly placeDep ROOT regjsparser@0.13.1 OK for: regexpu-core@6.4.0 want: ^0.13.0
1723 silly placeDep ROOT unicode-match-property-ecmascript@2.0.0 OK for: regexpu-core@6.4.0 want: ^2.0.0
1724 silly placeDep ROOT unicode-match-property-value-ecmascript@2.2.1 OK for: regexpu-core@6.4.0 want: ^2.2.1
1725 silly fetch manifest unicode-canonical-property-names-ecmascript@^2.0.0
1726 silly fetch manifest unicode-property-aliases-ecmascript@^2.0.0
1727 http fetch GET 200 https://registry.npmjs.org/unicode-canonical-property-names-ecmascript 35ms (cache miss)
1728 http fetch GET 200 https://registry.npmjs.org/unicode-property-aliases-ecmascript 35ms (cache miss)
1729 timing idealTree:node_modules/regexpu-core Completed in 45ms
1730 timing idealTree:node_modules/regenerate Completed in 0ms
1731 timing idealTree:node_modules/regenerate-unicode-properties Completed in 0ms
1732 timing idealTree:node_modules/regjsgen Completed in 0ms
1733 timing idealTree:node_modules/regjsparser Completed in 1ms
1734 timing idealTree:node_modules/require-from-string Completed in 0ms
1735 timing idealTree:node_modules/serialize-javascript Completed in 0ms
1736 timing idealTree:node_modules/smob Completed in 0ms
1737 silly placeDep ROOT whatwg-url@7.1.0 OK for: source-map@0.8.0-beta.0 want: ^7.0.0
1738 silly fetch manifest tr46@^1.0.1
1739 silly fetch manifest lodash.sortby@^4.7.0
1740 silly fetch manifest webidl-conversions@^4.0.2
1741 http fetch GET 200 https://registry.npmjs.org/webidl-conversions 34ms (cache miss)
1742 http fetch GET 200 https://registry.npmjs.org/lodash.sortby 34ms (cache miss)
1743 http fetch GET 200 https://registry.npmjs.org/tr46 36ms (cache miss)
1744 timing idealTree:node_modules/source-map Completed in 38ms
1745 silly placeDep ROOT call-bind@1.0.9 OK for: string.prototype.matchall@4.0.12 want: ^1.0.8
1746 silly placeDep ROOT call-bound@1.0.4 OK for: string.prototype.matchall@4.0.12 want: ^1.0.3
1747 silly placeDep ROOT define-properties@1.2.1 OK for: string.prototype.matchall@4.0.12 want: ^1.2.1
1748 silly placeDep ROOT es-abstract@1.24.2 OK for: string.prototype.matchall@4.0.12 want: ^1.23.6
1749 silly placeDep ROOT internal-slot@1.1.0 OK for: string.prototype.matchall@4.0.12 want: ^1.1.0
1750 silly placeDep ROOT regexp.prototype.flags@1.5.4 OK for: string.prototype.matchall@4.0.12 want: ^1.5.3
1751 silly placeDep ROOT set-function-name@2.0.2 OK for: string.prototype.matchall@4.0.12 want: ^2.0.2
1752 silly placeDep ROOT side-channel@1.1.0 OK for: string.prototype.matchall@4.0.12 want: ^1.1.0
1753 silly fetch manifest set-function-length@^1.2.2
1754 silly fetch manifest define-data-property@^1.0.1
1755 silly fetch manifest has-property-descriptors@^1.0.0
1756 silly fetch manifest object-keys@^1.1.1
1757 silly fetch manifest array-buffer-byte-length@^1.0.2
1758 silly fetch manifest arraybuffer.prototype.slice@^1.0.4
1759 silly fetch manifest available-typed-arrays@^1.0.7
1760 silly fetch manifest data-view-buffer@^1.0.2
1761 silly fetch manifest data-view-byte-length@^1.0.2
1762 silly fetch manifest data-view-byte-offset@^1.0.1
1763 silly fetch manifest es-to-primitive@^1.3.0
1764 silly fetch manifest function.prototype.name@^1.1.8
1765 silly fetch manifest get-symbol-description@^1.1.0
1766 silly fetch manifest globalthis@^1.0.4
1767 silly fetch manifest has-property-descriptors@^1.0.2
1768 silly fetch manifest has-proto@^1.2.0
1769 silly fetch manifest is-array-buffer@^3.0.5
1770 silly fetch manifest is-callable@^1.2.7
1771 silly fetch manifest is-data-view@^1.0.2
1772 silly fetch manifest is-negative-zero@^2.0.3
1773 silly fetch manifest is-regex@^1.2.1
1774 silly fetch manifest is-set@^2.0.3
1775 silly fetch manifest is-shared-array-buffer@^1.0.4
1776 silly fetch manifest is-string@^1.1.1
1777 silly fetch manifest is-typed-array@^1.1.15
1778 silly fetch manifest is-weakref@^1.1.1
1779 silly fetch manifest object-inspect@^1.13.4
1780 silly fetch manifest object.assign@^4.1.7
1781 silly fetch manifest own-keys@^1.0.1
1782 silly fetch manifest safe-array-concat@^1.1.3
1783 silly fetch manifest safe-push-apply@^1.0.0
1784 silly fetch manifest safe-regex-test@^1.1.0
1785 silly fetch manifest set-proto@^1.0.0
1786 silly fetch manifest stop-iteration-iterator@^1.1.0
1787 silly fetch manifest string.prototype.trim@^1.2.10
1788 silly fetch manifest string.prototype.trimend@^1.0.9
1789 silly fetch manifest string.prototype.trimstart@^1.0.8
1790 silly fetch manifest typed-array-buffer@^1.0.3
1791 silly fetch manifest typed-array-byte-length@^1.0.3
1792 silly fetch manifest typed-array-byte-offset@^1.0.4
1793 silly fetch manifest typed-array-length@^1.0.7
1794 silly fetch manifest unbox-primitive@^1.1.0
1795 silly fetch manifest which-typed-array@^1.1.19
1796 silly fetch manifest define-data-property@^1.1.4
1797 silly fetch manifest functions-have-names@^1.2.3
1798 silly fetch manifest object-inspect@^1.13.3
1799 silly fetch manifest side-channel-list@^1.0.0
1800 silly fetch manifest side-channel-map@^1.0.1
1801 silly fetch manifest side-channel-weakmap@^1.0.2
1802 http fetch GET 200 https://registry.npmjs.org/arraybuffer.prototype.slice 77ms (cache miss)
1803 http fetch GET 200 https://registry.npmjs.org/es-to-primitive 84ms (cache miss)
1804 http fetch GET 200 https://registry.npmjs.org/data-view-byte-offset 92ms (cache miss)
1805 http fetch GET 200 https://registry.npmjs.org/get-symbol-description 91ms (cache miss)
1806 http fetch GET 200 https://registry.npmjs.org/object-keys 102ms (cache miss)
1807 http fetch GET 200 https://registry.npmjs.org/data-view-buffer 102ms (cache miss)
1808 http fetch GET 200 https://registry.npmjs.org/data-view-byte-length 102ms (cache miss)
1809 http fetch GET 200 https://registry.npmjs.org/globalthis 102ms (cache miss)
1810 http fetch GET 200 https://registry.npmjs.org/set-function-length 116ms (cache miss)
1811 http fetch GET 200 https://registry.npmjs.org/available-typed-arrays 115ms (cache miss)
1812 http fetch GET 200 https://registry.npmjs.org/function.prototype.name 114ms (cache miss)
1813 http fetch GET 200 https://registry.npmjs.org/define-data-property 127ms (cache miss)
1814 http fetch GET 200 https://registry.npmjs.org/has-property-descriptors 127ms (cache miss)
1815 http fetch GET 200 https://registry.npmjs.org/has-property-descriptors 132ms (cache miss)
1816 http fetch GET 200 https://registry.npmjs.org/is-negative-zero 131ms (cache miss)
1817 http fetch GET 200 https://registry.npmjs.org/is-callable 136ms (cache miss)
1818 http fetch GET 200 https://registry.npmjs.org/array-buffer-byte-length 142ms (cache miss)
1819 http fetch GET 200 https://registry.npmjs.org/is-shared-array-buffer 138ms (cache miss)
1820 http fetch GET 200 https://registry.npmjs.org/is-array-buffer 144ms (cache miss)
1821 http fetch GET 200 https://registry.npmjs.org/is-set 142ms (cache miss)
1822 http fetch GET 200 https://registry.npmjs.org/is-data-view 145ms (cache miss)
1823 http fetch GET 200 https://registry.npmjs.org/has-proto 148ms (cache miss)
1824 http fetch GET 200 https://registry.npmjs.org/is-regex 148ms (cache miss)
1825 http fetch GET 200 https://registry.npmjs.org/is-string 147ms (cache miss)
1826 http fetch GET 200 https://registry.npmjs.org/object-inspect 148ms (cache miss)
1827 http fetch GET 200 https://registry.npmjs.org/is-weakref 149ms (cache miss)
1828 http fetch GET 200 https://registry.npmjs.org/is-typed-array 150ms (cache miss)
1829 http fetch GET 200 https://registry.npmjs.org/own-keys 149ms (cache miss)
1830 http fetch GET 200 https://registry.npmjs.org/safe-regex-test 149ms (cache miss)
1831 http fetch GET 200 https://registry.npmjs.org/safe-push-apply 149ms (cache miss)
1832 http fetch GET 200 https://registry.npmjs.org/safe-array-concat 152ms (cache miss)
1833 http fetch GET 200 https://registry.npmjs.org/set-proto 156ms (cache miss)
1834 http fetch GET 200 https://registry.npmjs.org/string.prototype.trim 155ms (cache miss)
1835 http fetch GET 200 https://registry.npmjs.org/object.assign 159ms (cache miss)
1836 http fetch GET 200 https://registry.npmjs.org/typed-array-buffer 156ms (cache miss)
1837 http fetch GET 200 https://registry.npmjs.org/typed-array-byte-length 156ms (cache miss)
1838 http fetch GET 200 https://registry.npmjs.org/stop-iteration-iterator 158ms (cache miss)
1839 http fetch GET 200 https://registry.npmjs.org/string.prototype.trimend 158ms (cache miss)
1840 http fetch GET 200 https://registry.npmjs.org/typed-array-byte-offset 158ms (cache miss)
1841 http fetch GET 200 https://registry.npmjs.org/functions-have-names 158ms (cache miss)
1842 http fetch GET 200 https://registry.npmjs.org/side-channel-map 157ms (cache miss)
1843 http fetch GET 200 https://registry.npmjs.org/string.prototype.trimstart 160ms (cache miss)
1844 http fetch GET 200 https://registry.npmjs.org/typed-array-length 160ms (cache miss)
1845 http fetch GET 200 https://registry.npmjs.org/side-channel-list 158ms (cache miss)
1846 http fetch GET 200 https://registry.npmjs.org/define-data-property 160ms (cache miss)
1847 http fetch GET 200 https://registry.npmjs.org/which-typed-array 160ms (cache miss)
1848 http fetch GET 200 https://registry.npmjs.org/unbox-primitive 162ms (cache miss)
1849 http fetch GET 200 https://registry.npmjs.org/side-channel-weakmap 161ms (cache miss)
1850 http fetch GET 200 https://registry.npmjs.org/object-inspect 162ms (cache miss)
1851 timing idealTree:node_modules/string.prototype.matchall Completed in 188ms
1852 silly placeDep ROOT set-function-length@1.2.2 OK for: call-bind@1.0.9 want: ^1.2.2
1853 timing idealTree:node_modules/call-bind Completed in 3ms
1854 timing idealTree:node_modules/call-bound Completed in 0ms
1855 silly placeDep ROOT define-data-property@1.1.4 OK for: define-properties@1.2.1 want: ^1.0.1
1856 silly placeDep ROOT has-property-descriptors@1.0.2 OK for: define-properties@1.2.1 want: ^1.0.0
1857 silly placeDep ROOT object-keys@1.1.1 OK for: define-properties@1.2.1 want: ^1.1.1
1858 timing idealTree:node_modules/define-properties Completed in 4ms
1859 timing idealTree:node_modules/define-data-property Completed in 0ms
1860 silly placeDep ROOT array-buffer-byte-length@1.0.2 OK for: es-abstract@1.24.2 want: ^1.0.2
1861 silly placeDep ROOT arraybuffer.prototype.slice@1.0.4 OK for: es-abstract@1.24.2 want: ^1.0.4
1862 silly placeDep ROOT available-typed-arrays@1.0.7 OK for: es-abstract@1.24.2 want: ^1.0.7
1863 silly placeDep ROOT data-view-buffer@1.0.2 OK for: es-abstract@1.24.2 want: ^1.0.2
1864 silly placeDep ROOT data-view-byte-length@1.0.2 OK for: es-abstract@1.24.2 want: ^1.0.2
1865 silly placeDep ROOT data-view-byte-offset@1.0.1 OK for: es-abstract@1.24.2 want: ^1.0.1
1866 silly placeDep ROOT es-to-primitive@1.3.0 OK for: es-abstract@1.24.2 want: ^1.3.0
1867 silly placeDep ROOT function.prototype.name@1.1.8 OK for: es-abstract@1.24.2 want: ^1.1.8
1868 silly placeDep ROOT get-symbol-description@1.1.0 OK for: es-abstract@1.24.2 want: ^1.1.0
1869 silly placeDep ROOT globalthis@1.0.4 OK for: es-abstract@1.24.2 want: ^1.0.4
1870 silly placeDep ROOT has-proto@1.2.0 OK for: es-abstract@1.24.2 want: ^1.2.0
1871 silly placeDep ROOT is-array-buffer@3.0.5 OK for: es-abstract@1.24.2 want: ^3.0.5
1872 silly placeDep ROOT is-callable@1.2.7 OK for: es-abstract@1.24.2 want: ^1.2.7
1873 silly placeDep ROOT is-data-view@1.0.2 OK for: es-abstract@1.24.2 want: ^1.0.2
1874 silly placeDep ROOT is-negative-zero@2.0.3 OK for: es-abstract@1.24.2 want: ^2.0.3
1875 silly placeDep ROOT is-regex@1.2.1 OK for: es-abstract@1.24.2 want: ^1.2.1
1876 silly placeDep ROOT is-set@2.0.3 OK for: es-abstract@1.24.2 want: ^2.0.3
1877 silly placeDep ROOT is-shared-array-buffer@1.0.4 OK for: es-abstract@1.24.2 want: ^1.0.4
1878 silly placeDep ROOT is-string@1.1.1 OK for: es-abstract@1.24.2 want: ^1.1.1
1879 silly placeDep ROOT is-typed-array@1.1.15 OK for: es-abstract@1.24.2 want: ^1.1.15
1880 silly placeDep ROOT is-weakref@1.1.1 OK for: es-abstract@1.24.2 want: ^1.1.1
1881 silly placeDep ROOT object-inspect@1.13.4 OK for: es-abstract@1.24.2 want: ^1.13.4
1882 silly placeDep ROOT object.assign@4.1.7 OK for: es-abstract@1.24.2 want: ^4.1.7
1883 silly placeDep ROOT own-keys@1.0.1 OK for: es-abstract@1.24.2 want: ^1.0.1
1884 silly placeDep ROOT safe-array-concat@1.1.4 OK for: es-abstract@1.24.2 want: ^1.1.3
1885 silly placeDep ROOT safe-push-apply@1.0.0 OK for: es-abstract@1.24.2 want: ^1.0.0
1886 silly placeDep ROOT safe-regex-test@1.1.0 OK for: es-abstract@1.24.2 want: ^1.1.0
1887 silly placeDep ROOT set-proto@1.0.0 OK for: es-abstract@1.24.2 want: ^1.0.0
1888 silly placeDep ROOT stop-iteration-iterator@1.1.0 OK for: es-abstract@1.24.2 want: ^1.1.0
1889 silly placeDep ROOT string.prototype.trim@1.2.10 OK for: es-abstract@1.24.2 want: ^1.2.10
1890 silly placeDep ROOT string.prototype.trimend@1.0.9 OK for: es-abstract@1.24.2 want: ^1.0.9
1891 silly placeDep ROOT string.prototype.trimstart@1.0.8 OK for: es-abstract@1.24.2 want: ^1.0.8
1892 silly placeDep ROOT typed-array-buffer@1.0.3 OK for: es-abstract@1.24.2 want: ^1.0.3
1893 silly placeDep ROOT typed-array-byte-length@1.0.3 OK for: es-abstract@1.24.2 want: ^1.0.3
1894 silly placeDep ROOT typed-array-byte-offset@1.0.4 OK for: es-abstract@1.24.2 want: ^1.0.4
1895 silly placeDep ROOT typed-array-length@1.0.7 OK for: es-abstract@1.24.2 want: ^1.0.7
1896 silly placeDep ROOT unbox-primitive@1.1.0 OK for: es-abstract@1.24.2 want: ^1.1.0
1897 silly placeDep ROOT which-typed-array@1.1.20 OK for: es-abstract@1.24.2 want: ^1.1.19
1898 silly fetch manifest possible-typed-array-names@^1.0.0
1899 silly fetch manifest is-date-object@^1.0.5
1900 silly fetch manifest is-symbol@^1.0.4
1901 silly fetch manifest isarray@^2.0.5
1902 silly fetch manifest for-each@^0.3.3
1903 silly fetch manifest reflect.getprototypeof@^1.0.9
1904 silly fetch manifest reflect.getprototypeof@^1.0.6
1905 silly fetch manifest has-bigints@^1.0.2
1906 silly fetch manifest which-boxed-primitive@^1.1.1
1907 silly fetch manifest for-each@^0.3.5
1908 http fetch GET 200 https://registry.npmjs.org/is-date-object 39ms (cache miss)
1909 http fetch GET 200 https://registry.npmjs.org/isarray 40ms (cache miss)
1910 http fetch GET 200 https://registry.npmjs.org/reflect.getprototypeof 41ms (cache miss)
1911 http fetch GET 200 https://registry.npmjs.org/has-bigints 43ms (cache miss)
1912 http fetch GET 200 https://registry.npmjs.org/for-each 43ms (cache miss)
1913 http fetch GET 200 https://registry.npmjs.org/reflect.getprototypeof 44ms (cache miss)
1914 http fetch GET 200 https://registry.npmjs.org/is-symbol 47ms (cache miss)
1915 http fetch GET 200 https://registry.npmjs.org/possible-typed-array-names 47ms (cache miss)
1916 http fetch GET 200 https://registry.npmjs.org/which-boxed-primitive 46ms (cache miss)
1917 http fetch GET 200 https://registry.npmjs.org/for-each 47ms (cache miss)
1918 timing idealTree:node_modules/es-abstract Completed in 107ms
1919 timing idealTree:node_modules/array-buffer-byte-length Completed in 0ms
1920 timing idealTree:node_modules/arraybuffer.prototype.slice Completed in 0ms
1921 silly placeDep ROOT possible-typed-array-names@1.1.0 OK for: available-typed-arrays@1.0.7 want: ^1.0.0
1922 timing idealTree:node_modules/available-typed-arrays Completed in 1ms
1923 timing idealTree:node_modules/data-view-buffer Completed in 0ms
1924 timing idealTree:node_modules/data-view-byte-length Completed in 0ms
1925 timing idealTree:node_modules/data-view-byte-offset Completed in 0ms
1926 silly placeDep ROOT is-date-object@1.1.0 OK for: es-to-primitive@1.3.0 want: ^1.0.5
1927 silly placeDep ROOT is-symbol@1.1.1 OK for: es-to-primitive@1.3.0 want: ^1.0.4
1928 timing idealTree:node_modules/es-to-primitive Completed in 3ms
1929 silly placeDep ROOT functions-have-names@1.2.3 OK for: function.prototype.name@1.1.8 want: ^1.2.3
1930 timing idealTree:node_modules/function.prototype.name Completed in 1ms
1931 timing idealTree:node_modules/functions-have-names Completed in 0ms
1932 timing idealTree:node_modules/get-symbol-description Completed in 0ms
1933 timing idealTree:node_modules/globalthis Completed in 0ms
1934 timing idealTree:node_modules/has-property-descriptors Completed in 0ms
1935 timing idealTree:node_modules/has-proto Completed in 0ms
1936 timing idealTree:node_modules/internal-slot Completed in 0ms
1937 timing idealTree:node_modules/is-array-buffer Completed in 0ms
1938 timing idealTree:node_modules/is-callable Completed in 0ms
1939 timing idealTree:node_modules/is-data-view Completed in 0ms
1940 timing idealTree:node_modules/is-date-object Completed in 0ms
1941 timing idealTree:node_modules/is-negative-zero Completed in 0ms
1942 timing idealTree:node_modules/is-regex Completed in 0ms
1943 timing idealTree:node_modules/is-set Completed in 0ms
1944 timing idealTree:node_modules/is-shared-array-buffer Completed in 0ms
1945 timing idealTree:node_modules/is-string Completed in 0ms
1946 timing idealTree:node_modules/is-symbol Completed in 0ms
1947 timing idealTree:node_modules/is-typed-array Completed in 0ms
1948 timing idealTree:node_modules/is-weakref Completed in 0ms
1949 timing idealTree:node_modules/object-inspect Completed in 0ms
1950 timing idealTree:node_modules/object-keys Completed in 0ms
1951 timing idealTree:node_modules/object.assign Completed in 0ms
1952 timing idealTree:node_modules/own-keys Completed in 0ms
1953 timing idealTree:node_modules/possible-typed-array-names Completed in 0ms
1954 timing idealTree:node_modules/regexp.prototype.flags Completed in 0ms
1955 silly placeDep ROOT isarray@2.0.5 OK for: safe-array-concat@1.1.4 want: ^2.0.5
1956 timing idealTree:node_modules/safe-array-concat Completed in 2ms
1957 timing idealTree:node_modules/isarray Completed in 0ms
1958 timing idealTree:node_modules/safe-push-apply Completed in 0ms
1959 timing idealTree:node_modules/safe-regex-test Completed in 0ms
1960 timing idealTree:node_modules/set-function-length Completed in 0ms
1961 timing idealTree:node_modules/set-function-name Completed in 0ms
1962 timing idealTree:node_modules/set-proto Completed in 0ms
1963 silly placeDep ROOT side-channel-list@1.0.1 OK for: side-channel@1.1.0 want: ^1.0.0
1964 silly placeDep ROOT side-channel-map@1.0.1 OK for: side-channel@1.1.0 want: ^1.0.1
1965 silly placeDep ROOT side-channel-weakmap@1.0.2 OK for: side-channel@1.1.0 want: ^1.0.2
1966 timing idealTree:node_modules/side-channel Completed in 5ms
1967 timing idealTree:node_modules/side-channel-list Completed in 0ms
1968 timing idealTree:node_modules/side-channel-map Completed in 0ms
1969 timing idealTree:node_modules/side-channel-weakmap Completed in 0ms
1970 timing idealTree:node_modules/stop-iteration-iterator Completed in 0ms
1971 timing idealTree:node_modules/string.prototype.trim Completed in 0ms
1972 timing idealTree:node_modules/string.prototype.trimend Completed in 0ms
1973 timing idealTree:node_modules/string.prototype.trimstart Completed in 0ms
1974 silly placeDep ROOT get-own-enumerable-property-symbols@3.0.2 OK for: stringify-object@3.3.0 want: ^3.0.0
1975 silly placeDep ROOT is-obj@1.0.1 OK for: stringify-object@3.3.0 want: ^1.0.1
1976 silly placeDep ROOT is-regexp@1.0.0 OK for: stringify-object@3.3.0 want: ^1.0.0
1977 timing idealTree:node_modules/stringify-object Completed in 4ms
1978 timing idealTree:node_modules/get-own-enumerable-property-symbols Completed in 0ms
1979 timing idealTree:node_modules/is-obj Completed in 0ms
1980 timing idealTree:node_modules/is-regexp Completed in 0ms
1981 timing idealTree:node_modules/strip-comments Completed in 0ms
1982 silly placeDep ROOT is-stream@2.0.1 OK for: tempy@0.6.0 want: ^2.0.0
1983 silly placeDep ROOT temp-dir@2.0.0 OK for: tempy@0.6.0 want: ^2.0.0
1984 silly placeDep ROOT type-fest@0.16.0 OK for: tempy@0.6.0 want: ^0.16.0
1985 silly placeDep ROOT unique-string@2.0.0 OK for: tempy@0.6.0 want: ^2.0.0
1986 silly fetch manifest crypto-random-string@^2.0.0
1987 http fetch GET 200 https://registry.npmjs.org/crypto-random-string 29ms (cache miss)
1988 timing idealTree:node_modules/tempy Completed in 34ms
1989 timing idealTree:node_modules/is-stream Completed in 0ms
1990 timing idealTree:node_modules/temp-dir Completed in 0ms
1991 silly placeDep ROOT @jridgewell/source-map@0.3.11 OK for: terser@5.48.0 want: ^0.3.3
1992 silly placeDep ROOT acorn@8.16.0 OK for: terser@5.48.0 want: ^8.15.0
1993 silly placeDep node_modules/terser commander@2.20.3 OK for: terser@5.48.0 want: ^2.20.0
1994 silly placeDep ROOT source-map-support@0.5.21 OK for: terser@5.48.0 want: ~0.5.20
1995 silly fetch manifest buffer-from@^1.0.0
1996 silly fetch manifest source-map@^0.6.0
1997 http fetch GET 200 https://registry.npmjs.org/buffer-from 40ms (cache miss)
1998 timing idealTree:node_modules/terser Completed in 46ms
1999 timing idealTree:node_modules/@jridgewell/source-map Completed in 0ms
2000 timing idealTree:node_modules/acorn Completed in 0ms
2001 silly placeDep ROOT buffer-from@1.1.2 OK for: source-map-support@0.5.21 want: ^1.0.0
2002 silly placeDep node_modules/source-map-support source-map@0.6.1 OK for: source-map-support@0.5.21 want: ^0.6.0
2003 timing idealTree:node_modules/source-map-support Completed in 3ms
2004 timing idealTree:node_modules/buffer-from Completed in 0ms
2005 timing idealTree:node_modules/type-fest Completed in 0ms
2006 timing idealTree:node_modules/typed-array-buffer Completed in 0ms
2007 silly placeDep ROOT for-each@0.3.5 OK for: typed-array-byte-length@1.0.3 want: ^0.3.3
2008 timing idealTree:node_modules/typed-array-byte-length Completed in 2ms
2009 timing idealTree:node_modules/for-each Completed in 0ms
2010 silly placeDep ROOT reflect.getprototypeof@1.0.10 OK for: typed-array-byte-offset@1.0.4 want: ^1.0.9
2011 silly fetch manifest which-builtin-type@^1.2.1
2012 http fetch GET 200 https://registry.npmjs.org/which-builtin-type 28ms (cache miss)
2013 timing idealTree:node_modules/typed-array-byte-offset Completed in 32ms
2014 silly placeDep ROOT which-builtin-type@1.2.1 OK for: reflect.getprototypeof@1.0.10 want: ^1.2.1
2015 silly fetch manifest is-async-function@^2.0.0
2016 silly fetch manifest is-finalizationregistry@^1.1.0
2017 silly fetch manifest is-generator-function@^1.0.10
2018 silly fetch manifest which-boxed-primitive@^1.1.0
2019 silly fetch manifest which-collection@^1.0.2
2020 http fetch GET 200 https://registry.npmjs.org/which-collection 20ms (cache miss)
2021 http fetch GET 200 https://registry.npmjs.org/is-generator-function 29ms (cache miss)
2022 http fetch GET 200 https://registry.npmjs.org/is-finalizationregistry 34ms (cache miss)
2023 http fetch GET 200 https://registry.npmjs.org/is-async-function 39ms (cache miss)
2024 timing idealTree:node_modules/reflect.getprototypeof Completed in 43ms
2025 timing idealTree:node_modules/typed-array-length Completed in 0ms
2026 silly placeDep ROOT has-bigints@1.1.0 OK for: unbox-primitive@1.1.0 want: ^1.0.2
2027 silly placeDep ROOT which-boxed-primitive@1.1.1 OK for: unbox-primitive@1.1.0 want: ^1.1.1
2028 silly fetch manifest is-bigint@^1.1.0
2029 silly fetch manifest is-boolean-object@^1.2.1
2030 silly fetch manifest is-number-object@^1.1.1
2031 http fetch GET 200 https://registry.npmjs.org/is-number-object 23ms (cache miss)
2032 http fetch GET 200 https://registry.npmjs.org/is-bigint 34ms (cache miss)
2033 http fetch GET 200 https://registry.npmjs.org/is-boolean-object 34ms (cache miss)
2034 timing idealTree:node_modules/unbox-primitive Completed in 38ms
2035 timing idealTree:node_modules/has-bigints Completed in 0ms
2036 silly placeDep ROOT unicode-canonical-property-names-ecmascript@2.0.1 OK for: unicode-match-property-ecmascript@2.0.0 want: ^2.0.0
2037 silly placeDep ROOT unicode-property-aliases-ecmascript@2.2.0 OK for: unicode-match-property-ecmascript@2.0.0 want: ^2.0.0
2038 timing idealTree:node_modules/unicode-match-property-ecmascript Completed in 3ms
2039 timing idealTree:node_modules/unicode-canonical-property-names-ecmascript Completed in 0ms
2040 timing idealTree:node_modules/unicode-match-property-value-ecmascript Completed in 0ms
2041 timing idealTree:node_modules/unicode-property-aliases-ecmascript Completed in 0ms
2042 silly placeDep ROOT crypto-random-string@2.0.0 OK for: unique-string@2.0.0 want: ^2.0.0
2043 timing idealTree:node_modules/unique-string Completed in 1ms
2044 timing idealTree:node_modules/crypto-random-string Completed in 0ms
2045 timing idealTree:node_modules/universalify Completed in 0ms
2046 timing idealTree:node_modules/upath Completed in 0ms
2047 silly placeDep ROOT lodash.sortby@4.7.0 OK for: whatwg-url@7.1.0 want: ^4.7.0
2048 silly placeDep ROOT tr46@1.0.1 OK for: whatwg-url@7.1.0 want: ^1.0.1
2049 silly placeDep ROOT webidl-conversions@4.0.2 OK for: whatwg-url@7.1.0 want: ^4.0.2
2050 silly fetch manifest punycode@^2.1.0
2051 http fetch GET 200 https://registry.npmjs.org/punycode 31ms (cache miss)
2052 timing idealTree:node_modules/whatwg-url Completed in 36ms
2053 timing idealTree:node_modules/lodash.sortby Completed in 0ms
2054 silly placeDep ROOT punycode@2.3.1 OK for: tr46@1.0.1 want: ^2.1.0
2055 timing idealTree:node_modules/tr46 Completed in 2ms
2056 timing idealTree:node_modules/punycode Completed in 0ms
2057 timing idealTree:node_modules/webidl-conversions Completed in 0ms
2058 silly placeDep ROOT is-bigint@1.1.0 OK for: which-boxed-primitive@1.1.1 want: ^1.1.0
2059 silly placeDep ROOT is-boolean-object@1.2.2 OK for: which-boxed-primitive@1.1.1 want: ^1.2.1
2060 silly placeDep ROOT is-number-object@1.1.1 OK for: which-boxed-primitive@1.1.1 want: ^1.1.1
2061 timing idealTree:node_modules/which-boxed-primitive Completed in 6ms
2062 timing idealTree:node_modules/is-bigint Completed in 0ms
2063 timing idealTree:node_modules/is-boolean-object Completed in 0ms
2064 timing idealTree:node_modules/is-number-object Completed in 0ms
2065 silly placeDep ROOT is-async-function@2.1.1 OK for: which-builtin-type@1.2.1 want: ^2.0.0
2066 silly placeDep ROOT is-finalizationregistry@1.1.1 OK for: which-builtin-type@1.2.1 want: ^1.1.0
2067 silly placeDep ROOT is-generator-function@1.1.2 OK for: which-builtin-type@1.2.1 want: ^1.0.10
2068 silly placeDep ROOT which-collection@1.0.2 OK for: which-builtin-type@1.2.1 want: ^1.0.2
2069 silly fetch manifest async-function@^1.0.0
2070 silly fetch manifest generator-function@^2.0.0
2071 silly fetch manifest is-map@^2.0.3
2072 silly fetch manifest is-weakmap@^2.0.2
2073 silly fetch manifest is-weakset@^2.0.3
2074 http fetch GET 200 https://registry.npmjs.org/is-weakmap 27ms (cache miss)
2075 http fetch GET 200 https://registry.npmjs.org/is-map 29ms (cache miss)
2076 http fetch GET 200 https://registry.npmjs.org/is-weakset 29ms (cache miss)
2077 http fetch GET 200 https://registry.npmjs.org/async-function 31ms (cache miss)
2078 http fetch GET 200 https://registry.npmjs.org/generator-function 40ms (cache miss)
2079 timing idealTree:node_modules/which-builtin-type Completed in 47ms
2080 silly placeDep ROOT async-function@1.0.0 OK for: is-async-function@2.1.1 want: ^1.0.0
2081 timing idealTree:node_modules/is-async-function Completed in 2ms
2082 timing idealTree:node_modules/async-function Completed in 0ms
2083 timing idealTree:node_modules/is-finalizationregistry Completed in 0ms
2084 silly placeDep ROOT generator-function@2.0.1 OK for: is-generator-function@1.1.2 want: ^2.0.0
2085 timing idealTree:node_modules/is-generator-function Completed in 4ms
2086 timing idealTree:node_modules/generator-function Completed in 0ms
2087 silly placeDep ROOT is-map@2.0.3 OK for: which-collection@1.0.2 want: ^2.0.3
2088 silly placeDep ROOT is-weakmap@2.0.2 OK for: which-collection@1.0.2 want: ^2.0.2
2089 silly placeDep ROOT is-weakset@2.0.4 OK for: which-collection@1.0.2 want: ^2.0.3
2090 timing idealTree:node_modules/which-collection Completed in 4ms
2091 timing idealTree:node_modules/is-map Completed in 0ms
2092 timing idealTree:node_modules/is-weakmap Completed in 0ms
2093 timing idealTree:node_modules/is-weakset Completed in 0ms
2094 timing idealTree:node_modules/which-typed-array Completed in 0ms
2095 silly placeDep ROOT idb@7.1.1 OK for: workbox-background-sync@7.4.1 want: ^7.0.1
2096 timing idealTree:node_modules/workbox-background-sync Completed in 2ms
2097 timing idealTree:node_modules/idb Completed in 0ms
2098 timing idealTree:node_modules/workbox-broadcast-update Completed in 0ms
2099 timing idealTree:node_modules/workbox-cacheable-response Completed in 0ms
2100 timing idealTree:node_modules/workbox-core Completed in 0ms
2101 timing idealTree:node_modules/workbox-expiration Completed in 0ms
2102 timing idealTree:node_modules/workbox-google-analytics Completed in 0ms
2103 timing idealTree:node_modules/workbox-navigation-preload Completed in 0ms
2104 timing idealTree:node_modules/workbox-precaching Completed in 0ms
2105 timing idealTree:node_modules/workbox-range-requests Completed in 0ms
2106 timing idealTree:node_modules/workbox-recipes Completed in 0ms
2107 timing idealTree:node_modules/workbox-routing Completed in 0ms
2108 timing idealTree:node_modules/workbox-strategies Completed in 0ms
2109 timing idealTree:node_modules/workbox-streams Completed in 0ms
2110 timing idealTree:node_modules/workbox-sw Completed in 0ms
2111 silly placeDep ROOT @types/trusted-types@2.0.7 OK for: workbox-window@7.4.1 want: ^2.0.2
2112 timing idealTree:node_modules/workbox-window Completed in 1ms
2113 timing idealTree:node_modules/@types/trusted-types Completed in 0ms
2114 timing idealTree:node_modules/wrappy Completed in 0ms
2115 timing idealTree:node_modules/ws Completed in 0ms
2116 timing idealTree:node_modules/xmlhttprequest-ssl Completed in 0ms
2117 timing idealTree:node_modules/yallist Completed in 0ms
2118 silly placeDep ROOT use-sync-external-store@1.6.0 OK for: zustand@4.5.7 want: ^1.2.2
2119 timing idealTree:node_modules/zustand Completed in 5ms
2120 timing idealTree:node_modules/use-sync-external-store Completed in 0ms
2121 timing idealTree:node_modules/@rollup/pluginutils/node_modules/picomatch Completed in 0ms
2122 timing idealTree:node_modules/chokidar/node_modules/glob-parent Completed in 0ms
2123 timing idealTree:node_modules/fast-glob/node_modules/glob-parent Completed in 0ms
2124 silly placeDep node_modules/filelist brace-expansion@2.1.1 OK for: minimatch@5.1.9 want: ^2.0.1
2125 timing idealTree:node_modules/filelist/node_modules/minimatch Completed in 2ms
2126 timing idealTree:node_modules/filelist/node_modules/brace-expansion Completed in 0ms
2127 timing idealTree:node_modules/postcss-nested/node_modules/postcss-selector-parser Completed in 0ms
2128 timing idealTree:node_modules/source-map-support/node_modules/source-map Completed in 0ms
2129 timing idealTree:node_modules/tailwindcss/node_modules/postcss-selector-parser Completed in 0ms
2130 timing idealTree:node_modules/terser/node_modules/commander Completed in 0ms
2131 timing idealTree:node_modules/tinyglobby/node_modules/fdir Completed in 0ms
2132 timing idealTree:node_modules/tinyglobby/node_modules/picomatch Completed in 0ms
2133 silly placeDep ROOT foreground-child@3.3.1 OK for: glob@11.1.0 want: ^3.3.1
2134 silly placeDep ROOT jackspeak@4.2.3 OK for: glob@11.1.0 want: ^4.1.1
2135 silly placeDep node_modules/workbox-build minimatch@10.2.5 OK for: glob@11.1.0 want: ^10.1.1
2136 silly placeDep ROOT minipass@7.1.3 OK for: glob@11.1.0 want: ^7.1.2
2137 silly placeDep ROOT package-json-from-dist@1.0.1 OK for: glob@11.1.0 want: ^1.0.0
2138 silly placeDep ROOT path-scurry@2.0.2 OK for: glob@11.1.0 want: ^2.0.0
2139 silly fetch manifest cross-spawn@^7.0.6
2140 silly fetch manifest signal-exit@^4.0.1
2141 silly fetch manifest @isaacs/cliui@^9.0.0
2142 silly fetch manifest brace-expansion@^5.0.5
2143 silly fetch manifest lru-cache@^11.0.0
2144 http fetch GET 200 https://registry.npmjs.org/signal-exit 29ms (cache miss)
2145 http fetch GET 200 https://registry.npmjs.org/@isaacs%2fcliui 36ms (cache miss)
2146 http fetch GET 200 https://registry.npmjs.org/cross-spawn 51ms (cache miss)
2147 timing idealTree:node_modules/workbox-build/node_modules/glob Completed in 66ms
2148 silly placeDep ROOT cross-spawn@7.0.6 OK for: foreground-child@3.3.1 want: ^7.0.6
2149 silly placeDep ROOT signal-exit@4.1.0 OK for: foreground-child@3.3.1 want: ^4.0.1
2150 silly fetch manifest which@^2.0.1
2151 silly fetch manifest path-key@^3.1.0
2152 silly fetch manifest shebang-command@^2.0.0
2153 http fetch GET 200 https://registry.npmjs.org/path-key 21ms (cache miss)
2154 http fetch GET 200 https://registry.npmjs.org/which 32ms (cache miss)
2155 http fetch GET 200 https://registry.npmjs.org/shebang-command 33ms (cache miss)
2156 timing idealTree:node_modules/foreground-child Completed in 38ms
2157 silly placeDep ROOT path-key@3.1.1 OK for: cross-spawn@7.0.6 want: ^3.1.0
2158 silly placeDep ROOT shebang-command@2.0.0 OK for: cross-spawn@7.0.6 want: ^2.0.0
2159 silly placeDep ROOT which@2.0.2 OK for: cross-spawn@7.0.6 want: ^2.0.1
2160 silly fetch manifest shebang-regex@^3.0.0
2161 silly fetch manifest isexe@^2.0.0
2162 http fetch GET 200 https://registry.npmjs.org/shebang-regex 32ms (cache miss)
2163 http fetch GET 200 https://registry.npmjs.org/isexe 33ms (cache miss)
2164 timing idealTree:node_modules/cross-spawn Completed in 37ms
2165 silly placeDep ROOT @isaacs/cliui@9.0.0 OK for: jackspeak@4.2.3 want: ^9.0.0
2166 timing idealTree:node_modules/jackspeak Completed in 2ms
2167 timing idealTree:node_modules/@isaacs/cliui Completed in 0ms
2168 timing idealTree:node_modules/minipass Completed in 0ms
2169 timing idealTree:node_modules/package-json-from-dist Completed in 0ms
2170 timing idealTree:node_modules/path-key Completed in 0ms
2171 silly placeDep node_modules/path-scurry lru-cache@11.5.0 OK for: path-scurry@2.0.2 want: ^11.0.0
2172 timing idealTree:node_modules/path-scurry Completed in 2ms
2173 silly placeDep ROOT shebang-regex@3.0.0 OK for: shebang-command@2.0.0 want: ^3.0.0
2174 timing idealTree:node_modules/shebang-command Completed in 1ms
2175 timing idealTree:node_modules/shebang-regex Completed in 0ms
2176 timing idealTree:node_modules/signal-exit Completed in 0ms
2177 silly placeDep ROOT isexe@2.0.0 OK for: which@2.0.2 want: ^2.0.0
2178 timing idealTree:node_modules/which Completed in 2ms
2179 timing idealTree:node_modules/isexe Completed in 0ms
2180 timing idealTree:node_modules/path-scurry/node_modules/lru-cache Completed in 0ms
2181 silly placeDep node_modules/workbox-build brace-expansion@5.0.6 OK for: minimatch@10.2.5 want: ^5.0.5
2182 silly fetch manifest balanced-match@^4.0.2
2183 timing idealTree:node_modules/workbox-build/node_modules/minimatch Completed in 2ms
2184 silly placeDep node_modules/workbox-build balanced-match@4.0.4 OK for: brace-expansion@5.0.6 want: ^4.0.2
2185 timing idealTree:node_modules/workbox-build/node_modules/brace-expansion Completed in 2ms
2186 timing idealTree:node_modules/workbox-build/node_modules/balanced-match Completed in 0ms
2187 timing idealTree:node_modules/workbox-build/node_modules/pretty-bytes Completed in 0ms
2188 timing idealTree:buildDeps Completed in 9113ms
2189 timing idealTree:fixDepFlags Completed in 10ms
2190 timing idealTree Completed in 9162ms
2191 timing reify:loadTrees Completed in 9164ms
2192 timing reify:diffTrees Completed in 7ms
2193 silly reify moves {}
2194 timing reify:retireShallow Completed in 2ms
2195 timing reify:createSparse Completed in 63ms
2196 timing reify:loadBundles Completed in 0ms
2197 silly audit bulk request {
2197 silly audit   '@tailwindcss/typography': [ '0.5.19' ],
2197 silly audit   tailwindcss: [ '3.4.19' ],
2197 silly audit   '@types/react': [ '18.3.29' ],
2197 silly audit   '@types/react-dom': [ '18.3.7' ],
2197 silly audit   '@vitejs/plugin-react': [ '4.7.0' ],
2197 silly audit   vite: [ '5.4.21' ],
2197 silly audit   autoprefixer: [ '10.5.0' ],
2197 silly audit   postcss: [ '8.5.15' ],
2197 silly audit   axios: [ '1.16.1' ],
2197 silly audit   'date-fns': [ '2.30.0' ],
2197 silly audit   'framer-motion': [ '10.18.0' ],
2197 silly audit   'lucide-react': [ '0.294.0' ],
2197 silly audit   react: [ '18.3.1' ],
2197 silly audit   'react-dom': [ '18.3.1' ],
2197 silly audit   'react-hot-toast': [ '2.6.0' ],
2197 silly audit   'react-intersection-observer': [ '9.16.0' ],
2197 silly audit   'react-query': [ '3.39.3' ],
2197 silly audit   'react-router-dom': [ '6.30.3' ],
2197 silly audit   'react-virtualized': [ '9.22.6' ],
2197 silly audit   'socket.io-client': [ '4.8.3' ],
2197 silly audit   typescript: [ '5.9.3' ],
2197 silly audit   'vite-plugin-pwa': [ '0.17.5' ],
2197 silly audit   zustand: [ '4.5.7' ],
2197 silly audit   'postcss-selector-parser': [ '6.0.10', '6.1.2' ],
2197 silly audit   '@types/prop-types': [ '15.7.15' ],
2197 silly audit   csstype: [ '3.2.3' ],
2197 silly audit   '@babel/core': [ '7.29.7' ],
2197 silly audit   '@babel/plugin-transform-react-jsx-self': [ '7.29.7' ],
2197 silly audit   '@babel/plugin-transform-react-jsx-source': [ '7.29.7' ],
2197 silly audit   '@rolldown/pluginutils': [ '1.0.0-beta.27' ],
2197 silly audit   '@types/babel__core': [ '7.20.5' ],
2197 silly audit   'react-refresh': [ '0.17.0' ],
2197 silly audit   '@babel/code-frame': [ '7.29.7' ],
2197 silly audit   '@babel/generator': [ '7.29.7' ],
2197 silly audit   '@babel/helper-compilation-targets': [ '7.29.7' ],
2197 silly audit   '@babel/helper-module-transforms': [ '7.29.7' ],
2197 silly audit   '@babel/helpers': [ '7.29.7' ],
2197 silly audit   '@babel/parser': [ '7.29.7' ],
2197 silly audit   '@babel/template': [ '7.29.7' ],
2197 silly audit   '@babel/traverse': [ '7.29.7' ],
2197 silly audit   '@babel/types': [ '7.29.7' ],
2197 silly audit   '@jridgewell/remapping': [ '2.3.5' ],
2197 silly audit   'convert-source-map': [ '2.0.0' ],
2197 silly audit   debug: [ '4.4.3' ],
2197 silly audit   gensync: [ '1.0.0-beta.2' ],
2197 silly audit   json5: [ '2.2.3' ],
2197 silly audit   semver: [ '6.3.1' ],
2197 silly audit   '@babel/helper-validator-identifier': [ '7.29.7' ],
2197 silly audit   'js-tokens': [ '4.0.0' ],
2197 silly audit   picocolors: [ '1.1.1' ],
2197 silly audit   '@jridgewell/gen-mapping': [ '0.3.13' ],
2197 silly audit   '@jridgewell/trace-mapping': [ '0.3.31' ],
2197 silly audit   jsesc: [ '3.1.0' ],
2197 silly audit   '@babel/compat-data': [ '7.29.7' ],
2197 silly audit   '@babel/helper-validator-option': [ '7.29.7' ],
2197 silly audit   browserslist: [ '4.28.2' ],
2197 silly audit   'lru-cache': [ '5.1.1', '11.5.0' ],
2197 silly audit   '@babel/helper-module-imports': [ '7.29.7' ],
2197 silly audit   '@babel/helper-plugin-utils': [ '7.29.7' ],
2197 silly audit   '@babel/helper-globals': [ '7.29.7' ],
2197 silly audit   '@babel/helper-string-parser': [ '7.29.7' ],
2197 silly audit   '@jridgewell/sourcemap-codec': [ '1.5.5' ],
2197 silly audit   '@jridgewell/resolve-uri': [ '3.1.2' ],
2197 silly audit   '@types/babel__generator': [ '7.27.0' ],
2197 silly audit   '@types/babel__template': [ '7.4.4' ],
2197 silly audit   '@types/babel__traverse': [ '7.28.0' ],
2197 silly audit   'caniuse-lite': [ '1.0.30001793' ],
2197 silly audit   'fraction.js': [ '5.3.4' ],
2197 silly audit   'postcss-value-parser': [ '4.2.0' ],
2197 silly audit   'follow-redirects': [ '1.16.0' ],
2197 silly audit   'form-data': [ '4.0.5' ],
2197 silly audit   'https-proxy-agent': [ '5.0.1' ],
2197 silly audit   'proxy-from-env': [ '2.1.0' ],
2197 silly audit   'baseline-browser-mapping': [ '2.10.32' ],
2197 silly audit   'electron-to-chromium': [ '1.5.361' ],
2197 silly audit   'node-releases': [ '2.0.46' ],
2197 silly audit   'update-browserslist-db': [ '1.2.3' ],
2197 silly audit   '@babel/runtime': [ '7.29.7' ],
2197 silly audit   ms: [ '2.1.3' ],
2197 silly audit   asynckit: [ '0.4.0' ],
2197 silly audit   'combined-stream': [ '1.0.8' ],
2197 silly audit   'es-set-tostringtag': [ '2.1.0' ],
2197 silly audit   hasown: [ '2.0.3' ],
2197 silly audit   'mime-types': [ '2.1.35' ],
2197 silly audit   'delayed-stream': [ '1.0.0' ],
2197 silly audit   'es-errors': [ '1.3.0' ],
2197 silly audit   'get-intrinsic': [ '1.3.0' ],
2197 silly audit   'has-tostringtag': [ '1.0.2' ],
2197 silly audit   '@emotion/is-prop-valid': [ '0.8.8' ],
2197 silly audit   tslib: [ '2.8.1' ],
2197 silly audit   '@emotion/memoize': [ '0.7.4' ],
2197 silly audit   'call-bind-apply-helpers': [ '1.0.2' ],
2197 silly audit   'es-define-property': [ '1.0.1' ],
2197 silly audit   'es-object-atoms': [ '1.1.2' ],
2197 silly audit   'function-bind': [ '1.1.2' ],
2197 silly audit   'get-proto': [ '1.0.1' ],
2197 silly audit   gopd: [ '1.2.0' ],
2197 silly audit   'has-symbols': [ '1.1.0' ],
2197 silly audit   'math-intrinsics': [ '1.1.0' ],
2197 silly audit   'dunder-proto': [ '1.0.1' ],
2197 silly audit   'agent-base': [ '6.0.2' ],
2197 silly audit   yallist: [ '3.1.1' ],
2197 silly audit   'mime-db': [ '1.52.0' ],
2197 silly audit   nanoid: [ '3.3.12' ],
2197 silly audit   'source-map-js': [ '1.2.1' ],
2197 silly audit   cssesc: [ '3.0.0' ],
2197 silly audit   'util-deprecate': [ '1.0.2' ],
2197 silly audit   'loose-envify': [ '1.4.0' ],
2197 silly audit   scheduler: [ '0.23.2' ],
2197 silly audit   goober: [ '2.1.19' ],
2197 silly audit   'broadcast-channel': [ '3.7.0' ],
2197 silly audit   'match-sorter': [ '6.3.4' ],
2197 silly audit   'detect-node': [ '2.1.0' ],
2197 silly audit   'js-sha3': [ '0.8.0' ],
2197 silly audit   microseconds: [ '0.2.0' ],
2197 silly audit   'nano-time': [ '1.0.0' ],
2197 silly audit   'oblivious-set': [ '1.0.0' ],
2197 silly audit   rimraf: [ '3.0.2' ],
2197 silly audit   unload: [ '2.2.0' ],
2197 silly audit   'remove-accents': [ '0.5.0' ],
2197 silly audit   'big-integer': [ '1.6.52' ],
2197 silly audit   '@remix-run/router': [ '1.23.2' ],
2197 silly audit   'react-router': [ '6.30.3' ],
2197 silly audit   clsx: [ '1.2.1' ],
2197 silly audit   'dom-helpers': [ '5.2.1' ],
2197 silly audit   'prop-types': [ '15.8.1' ],
2197 silly audit   'react-lifecycles-compat': [ '3.0.4' ],
2197 silly audit   'object-assign': [ '4.1.1' ],
2197 silly audit   'react-is': [ '16.13.1' ],
2197 silly audit   glob: [ '7.2.3', '11.1.0' ],
2197 silly audit   'fs.realpath': [ '1.0.0' ],
2197 silly audit   inflight: [ '1.0.6' ],
2197 silly audit   inherits: [ '2.0.4' ],
2197 silly audit   minimatch: [ '3.1.5', '5.1.9', '10.2.5' ],
2197 silly audit   once: [ '1.4.0' ],
2197 silly audit   'path-is-absolute': [ '1.0.1' ],
2197 silly audit   wrappy: [ '1.0.2' ],
2197 silly audit   'brace-expansion': [ '1.1.14', '2.1.1', '5.0.6' ],
2197 silly audit   'balanced-match': [ '1.0.2', '4.0.4' ],
2197 silly audit   'concat-map': [ '0.0.1' ],
2197 silly audit   '@socket.io/component-emitter': [ '3.1.2' ],
2197 silly audit   'engine.io-client': [ '6.6.5' ],
2197 silly audit   'socket.io-parser': [ '4.2.6' ],
2197 silly audit   'engine.io-parser': [ '5.2.3' ],
2197 silly audit   ws: [ '8.20.1' ],
2197 silly audit   'xmlhttprequest-ssl': [ '2.1.2' ],
2197 silly audit   '@alloc/quick-lru': [ '5.2.0' ],
2197 silly audit   arg: [ '5.0.2' ],
2197 silly audit   chokidar: [ '3.6.0' ],
2197 silly audit   didyoumean: [ '1.2.2' ],
2197 silly audit   dlv: [ '1.1.3' ],
2197 silly audit   'fast-glob': [ '3.3.3' ],
2197 silly audit   'glob-parent': [ '6.0.2', '5.1.2' ],
2197 silly audit   'is-glob': [ '4.0.3' ],
2197 silly audit   jiti: [ '1.21.7' ],
2197 silly audit   lilconfig: [ '3.1.3' ],
2197 silly audit   micromatch: [ '4.0.8' ],
2197 silly audit   'normalize-path': [ '3.0.0' ],
2197 silly audit   'object-hash': [ '3.0.0' ],
2197 silly audit   'postcss-import': [ '15.1.0' ],
2197 silly audit   'postcss-js': [ '4.1.0' ],
2197 silly audit   'postcss-load-config': [ '6.0.1' ],
2197 silly audit   'postcss-nested': [ '6.2.0' ],
2197 silly audit   resolve: [ '1.22.12' ],
2197 silly audit   sucrase: [ '3.35.1' ],
2197 silly audit   anymatch: [ '3.1.3' ],
2197 silly audit   braces: [ '3.0.3' ],
2197 silly audit   fsevents: [ '2.3.3' ],
2197 silly audit   'is-binary-path': [ '2.1.0' ],
2197 silly audit   readdirp: [ '3.6.0' ],
2197 silly audit   picomatch: [ '2.3.2', '4.0.4' ],
2197 silly audit   'fill-range': [ '7.1.1' ],
2197 silly audit   '@nodelib/fs.stat': [ '2.0.5' ],
2197 silly audit   '@nodelib/fs.walk': [ '1.2.8' ],
2197 silly audit   merge2: [ '1.4.1' ],
2197 silly audit   '@nodelib/fs.scandir': [ '2.1.5' ],
2197 silly audit   fastq: [ '1.20.1' ],
2197 silly audit   'run-parallel': [ '1.2.0' ],
2197 silly audit   reusify: [ '1.1.0' ],
2197 silly audit   'to-regex-range': [ '5.0.1' ],
2197 silly audit   'binary-extensions': [ '2.3.0' ],
2197 silly audit   'is-extglob': [ '2.1.1' ],
2197 silly audit   'read-cache': [ '1.0.0' ],
2197 silly audit   'camelcase-css': [ '2.0.1' ],
2197 silly audit   pify: [ '2.3.0' ],
2197 silly audit   'is-core-module': [ '2.16.2' ],
2197 silly audit   'path-parse': [ '1.0.7' ],
2197 silly audit   'supports-preserve-symlinks-flag': [ '1.0.0' ],
2197 silly audit   'queue-microtask': [ '1.2.3' ],
2197 silly audit   commander: [ '4.1.1', '2.20.3' ],
2197 silly audit   'lines-and-columns': [ '1.2.4' ],
2197 silly audit   mz: [ '2.7.0' ],
2197 silly audit   pirates: [ '4.0.7' ],
2197 silly audit   tinyglobby: [ '0.2.16' ],
2197 silly audit   'ts-interface-checker': [ '0.1.13' ],
2197 silly audit   'any-promise': [ '1.3.0' ],
2197 silly audit   'thenify-all': [ '1.6.0' ],
2197 silly audit   thenify: [ '3.3.1' ],
2197 silly audit   fdir: [ '6.5.0' ],
2197 silly audit   'is-number': [ '7.0.0' ],
2197 silly audit   escalade: [ '3.2.0' ],
2197 silly audit   esbuild: [ '0.21.5' ],
2197 silly audit   rollup: [ '4.60.4' ],
2197 silly audit   '@esbuild/aix-ppc64': [ '0.21.5' ],
2197 silly audit   '@esbuild/android-arm': [ '0.21.5' ],
2197 silly audit   '@esbuild/android-arm64': [ '0.21.5' ],
2197 silly audit   '@esbuild/android-x64': [ '0.21.5' ],
2197 silly audit   '@esbuild/darwin-arm64': [ '0.21.5' ],
2197 silly audit   '@esbuild/darwin-x64': [ '0.21.5' ],
2197 silly audit   '@esbuild/freebsd-arm64': [ '0.21.5' ],
2197 silly audit   '@esbuild/freebsd-x64': [ '0.21.5' ],
2197 silly audit   '@esbuild/linux-arm': [ '0.21.5' ],
2197 silly audit   '@esbuild/linux-arm64': [ '0.21.5' ],
2197 silly audit   '@esbuild/linux-ia32': [ '0.21.5' ],
2197 silly audit   '@esbuild/linux-loong64': [ '0.21.5' ],
2197 silly audit   '@esbuild/linux-mips64el': [ '0.21.5' ],
2197 silly audit   '@esbuild/linux-ppc64': [ '0.21.5' ],
2197 silly audit   '@esbuild/linux-riscv64': [ '0.21.5' ],
2197 silly audit   '@esbuild/linux-s390x': [ '0.21.5' ],
2197 silly audit   '@esbuild/linux-x64': [ '0.21.5' ],
2197 silly audit   '@esbuild/netbsd-x64': [ '0.21.5' ],
2197 silly audit   '@esbuild/openbsd-x64': [ '0.21.5' ],
2197 silly audit   '@esbuild/sunos-x64': [ '0.21.5' ],
2197 silly audit   '@esbuild/win32-arm64': [ '0.21.5' ],
2197 silly audit   '@esbuild/win32-ia32': [ '0.21.5' ],
2197 silly audit   '@esbuild/win32-x64': [ '0.21.5' ],
2197 silly audit   '@rollup/rollup-android-arm-eabi': [ '4.60.4' ],
2197 silly audit   '@rollup/rollup-android-arm64': [ '4.60.4' ],
2197 silly audit   '@rollup/rollup-darwin-arm64': [ '4.60.4' ],
2197 silly audit   '@rollup/rollup-darwin-x64': [ '4.60.4' ],
2197 silly audit   '@rollup/rollup-freebsd-arm64': [ '4.60.4' ],
2197 silly audit   '@rollup/rollup-freebsd-x64': [ '4.60.4' ],
2197 silly audit   '@rollup/rollup-linux-arm-gnueabihf': [ '4.60.4' ],
2197 silly audit   '@rollup/rollup-linux-arm-musleabihf': [ '4.60.4' ],
2197 silly audit   '@rollup/rollup-linux-arm64-gnu': [ '4.60.4' ],
2197 silly audit   '@rollup/rollup-linux-arm64-musl': [ '4.60.4' ],
2197 silly audit   '@rollup/rollup-linux-loong64-gnu': [ '4.60.4' ],
2197 silly audit   '@rollup/rollup-linux-loong64-musl': [ '4.60.4' ],
2197 silly audit   '@rollup/rollup-linux-ppc64-gnu': [ '4.60.4' ],
2197 silly audit   '@rollup/rollup-linux-ppc64-musl': [ '4.60.4' ],
2197 silly audit   '@rollup/rollup-linux-riscv64-gnu': [ '4.60.4' ],
2197 silly audit   '@rollup/rollup-linux-riscv64-musl': [ '4.60.4' ],
2197 silly audit   '@rollup/rollup-linux-s390x-gnu': [ '4.60.4' ],
2197 silly audit   '@rollup/rollup-linux-x64-gnu': [ '4.60.4' ],
2197 silly audit   '@rollup/rollup-linux-x64-musl': [ '4.60.4' ],
2197 silly audit   '@rollup/rollup-openbsd-x64': [ '4.60.4' ],
2197 silly audit   '@rollup/rollup-openharmony-arm64': [ '4.60.4' ],
2197 silly audit   '@rollup/rollup-win32-arm64-msvc': [ '4.60.4' ],
2197 silly audit   '@rollup/rollup-win32-ia32-msvc': [ '4.60.4' ],
2197 silly audit   '@rollup/rollup-win32-x64-gnu': [ '4.60.4' ],
2197 silly audit   '@rollup/rollup-win32-x64-msvc': [ '4.60.4' ],
2197 silly audit   '@types/estree': [ '1.0.8' ],
2197 silly audit   'pretty-bytes': [ '6.1.1', '5.6.0' ],
2197 silly audit   'workbox-build': [ '7.4.1' ],
2197 silly audit   'workbox-window': [ '7.4.1' ],
2197 silly audit   '@apideck/better-ajv-errors': [ '0.3.7' ],
2197 silly audit   ajv: [ '8.20.0' ],
2197 silly audit   '@babel/preset-env': [ '7.29.7' ],
2197 silly audit   '@rollup/plugin-babel': [ '6.1.0' ],
2197 silly audit   '@rollup/plugin-node-resolve': [ '16.0.3' ],
2197 silly audit   '@rollup/plugin-replace': [ '6.0.3' ],
2197 silly audit   '@rollup/plugin-terser': [ '1.0.0' ],
2197 silly audit   '@trickfilm400/rollup-plugin-off-main-thread': [ '3.0.0-pre1' ],
2197 silly audit   'common-tags': [ '1.8.2' ],
2197 silly audit   eta: [ '4.6.0' ],
2197 silly audit   'fast-json-stable-stringify': [ '2.1.0' ],
2197 silly audit   'fs-extra': [ '9.1.0' ],
2197 silly audit   'source-map': [ '0.8.0-beta.0', '0.6.1' ],
2197 silly audit   'stringify-object': [ '3.3.0' ],
2197 silly audit   'strip-comments': [ '2.0.1' ],
2197 silly audit   tempy: [ '0.6.0' ],
2197 silly audit   upath: [ '1.2.0' ],
2197 silly audit   'workbox-background-sync': [ '7.4.1' ],
2197 silly audit   'workbox-broadcast-update': [ '7.4.1' ],
2197 silly audit   'workbox-cacheable-response': [ '7.4.1' ],
2197 silly audit   'workbox-core': [ '7.4.1' ],
2197 silly audit   'workbox-expiration': [ '7.4.1' ],
2197 silly audit   'workbox-google-analytics': [ '7.4.1' ],
2197 silly audit   'workbox-navigation-preload': [ '7.4.1' ],
2197 silly audit   'workbox-precaching': [ '7.4.1' ],
2197 silly audit   'workbox-range-requests': [ '7.4.1' ],
2197 silly audit   'workbox-recipes': [ '7.4.1' ],
2197 silly audit   'workbox-routing': [ '7.4.1' ],
2197 silly audit   'workbox-strategies': [ '7.4.1' ],
2197 silly audit   'workbox-streams': [ '7.4.1' ],
2197 silly audit   'workbox-sw': [ '7.4.1' ],
2197 silly audit   jsonpointer: [ '5.0.1' ],
2197 silly audit   leven: [ '3.1.0' ],
2197 silly audit   '@babel/plugin-bugfix-firefox-class-in-computed-class-key': [ '7.29.7' ],
2197 silly audit   '@babel/plugin-bugfix-safari-class-field-initializer-scope': [ '7.29.7' ],
2197 silly audit   '@babel/plugin-bugfix-safari-id-destructuring-collision-in-function-expression': [ '7.29.7' ],
2197 silly audit   '@babel/plugin-bugfix-safari-rest-destructuring-rhs-array': [ '7.29.7' ],
2197 silly audit   '@babel/plugin-bugfix-v8-spread-parameters-in-optional-chaining': [ '7.29.7' ],
2197 silly audit   '@babel/plugin-bugfix-v8-static-class-fields-redefine-readonly': [ '7.29.7' ],
2197 silly audit   '@babel/plugin-proposal-private-property-in-object': [ '7.21.0-placeholder-for-preset-env.2' ],
2197 silly audit   '@babel/plugin-syntax-import-assertions': [ '7.29.7' ],
2197 silly audit   '@babel/plugin-syntax-import-attributes': [ '7.29.7' ],
2197 silly audit   '@babel/plugin-syntax-unicode-sets-regex': [ '7.18.6' ],
2197 silly audit   '@babel/plugin-transform-arrow-functions': [ '7.29.7' ],
2197 silly audit   '@babel/plugin-transform-async-generator-functions': [ '7.29.7' ],
2197 silly audit   '@babel/plugin-transform-async-to-generator': [ '7.29.7' ],
2197 silly audit   '@babel/plugin-transform-block-scoped-functions': [ '7.29.7' ],
2197 silly audit   '@babel/plugin-transform-block-scoping': [ '7.29.7' ],
2197 silly audit   '@babel/plugin-transform-class-properties': [ '7.29.7' ],
2197 silly audit   '@babel/plugin-transform-class-static-block': [ '7.29.7' ],
2197 silly audit   '@babel/plugin-transform-classes': [ '7.29.7' ],
2197 silly audit   '@babel/plugin-transform-computed-properties': [ '7.29.7' ],
2197 silly audit   '@babel/plugin-transform-destructuring': [ '7.29.7' ],
2197 silly audit   '@babel/plugin-transform-dotall-regex': [ '7.29.7' ],
2197 silly audit   '@babel/plugin-transform-duplicate-keys': [ '7.29.7' ],
2197 silly audit   '@babel/plugin-transform-duplicate-named-capturing-groups-regex': [ '7.29.7' ],
2197 silly audit   '@babel/plugin-transform-dynamic-import': [ '7.29.7' ],
2197 silly audit   '@babel/plugin-transform-explicit-resource-management': [ '7.29.7' ],
2197 silly audit   '@babel/plugin-transform-exponentiation-operator': [ '7.29.7' ],
2197 silly audit   '@babel/plugin-transform-export-namespace-from': [ '7.29.7' ],
2197 silly audit   '@babel/plugin-transform-for-of': [ '7.29.7' ],
2197 silly audit   '@babel/plugin-transform-function-name': [ '7.29.7' ],
2197 silly audit   '@babel/plugin-transform-json-strings': [ '7.29.7' ],
2197 silly audit   '@babel/plugin-transform-literals': [ '7.29.7' ],
2197 silly audit   '@babel/plugin-transform-logical-assignment-operators': [ '7.29.7' ],
2197 silly audit   '@babel/plugin-transform-member-expression-literals': [ '7.29.7' ],
2197 silly audit   '@babel/plugin-transform-modules-amd': [ '7.29.7' ],
2197 silly audit   '@babel/plugin-transform-modules-commonjs': [ '7.29.7' ],
2197 silly audit   '@babel/plugin-transform-modules-systemjs': [ '7.29.7' ],
2197 silly audit   '@babel/plugin-transform-modules-umd': [ '7.29.7' ],
2197 silly audit   '@babel/plugin-transform-named-capturing-groups-regex': [ '7.29.7' ],
2197 silly audit   '@babel/plugin-transform-new-target': [ '7.29.7' ],
2197 silly audit   '@babel/plugin-transform-nullish-coalescing-operator': [ '7.29.7' ],
2197 silly audit   '@babel/plugin-transform-numeric-separator': [ '7.29.7' ],
2197 silly audit   '@babel/plugin-transform-object-rest-spread': [ '7.29.7' ],
2197 silly audit   '@babel/plugin-transform-object-super': [ '7.29.7' ],
2197 silly audit   '@babel/plugin-transform-optional-catch-binding': [ '7.29.7' ],
2197 silly audit   '@babel/plugin-transform-optional-chaining': [ '7.29.7' ],
2197 silly audit   '@babel/plugin-transform-parameters': [ '7.29.7' ],
2197 silly audit   '@babel/plugin-transform-private-methods': [ '7.29.7' ],
2197 silly audit   '@babel/plugin-transform-private-property-in-object': [ '7.29.7' ],
2197 silly audit   '@babel/plugin-transform-property-literals': [ '7.29.7' ],
2197 silly audit   '@babel/plugin-transform-regenerator': [ '7.29.7' ],
2197 silly audit   '@babel/plugin-transform-regexp-modifiers': [ '7.29.7' ],
2197 silly audit   '@babel/plugin-transform-reserved-words': [ '7.29.7' ],
2197 silly audit   '@babel/plugin-transform-shorthand-properties': [ '7.29.7' ],
2197 silly audit   '@babel/plugin-transform-spread': [ '7.29.7' ],
2197 silly audit   '@babel/plugin-transform-sticky-regex': [ '7.29.7' ],
2197 silly audit   '@babel/plugin-transform-template-literals': [ '7.29.7' ],
2197 silly audit   '@babel/plugin-transform-typeof-symbol': [ '7.29.7' ],
2197 silly audit   '@babel/plugin-transform-unicode-escapes': [ '7.29.7' ],
2197 silly audit   '@babel/plugin-transform-unicode-property-regex': [ '7.29.7' ],
2197 silly audit   '@babel/plugin-transform-unicode-regex': [ '7.29.7' ],
2197 silly audit   '@babel/plugin-transform-unicode-sets-regex': [ '7.29.7' ],
2197 silly audit   '@babel/preset-modules': [ '0.1.6-no-external-plugins' ],
2197 silly audit   'babel-plugin-polyfill-corejs2': [ '0.4.17' ],
2197 silly audit   'babel-plugin-polyfill-corejs3': [ '0.14.2' ],
2197 silly audit   'babel-plugin-polyfill-regenerator': [ '0.6.8' ],
2197 silly audit   'core-js-compat': [ '3.49.0' ],
2197 silly audit   '@babel/helper-skip-transparent-expression-wrappers': [ '7.29.7' ],
2197 silly audit   '@babel/helper-create-regexp-features-plugin': [ '7.29.7' ],
2197 silly audit   '@babel/helper-annotate-as-pure': [ '7.29.7' ],
2197 silly audit   'regexpu-core': [ '6.4.0' ],
2197 silly audit   '@babel/helper-remap-async-to-generator': [ '7.29.7' ],
2197 silly audit   '@babel/helper-wrap-function': [ '7.29.7' ],
2197 silly audit   '@babel/helper-create-class-features-plugin': [ '7.29.7' ],
2197 silly audit   '@babel/helper-member-expression-to-functions': [ '7.29.7' ],
2197 silly audit   '@babel/helper-optimise-call-expression': [ '7.29.7' ],
2197 silly audit   '@babel/helper-replace-supers': [ '7.29.7' ],
2197 silly audit   esutils: [ '2.0.3' ],
2197 silly audit   '@rollup/pluginutils': [ '5.3.0' ],
2197 silly audit   '@types/resolve': [ '1.20.2' ],
2197 silly audit   deepmerge: [ '4.3.1' ],
2197 silly audit   'is-module': [ '1.0.0' ],
2197 silly audit   'magic-string': [ '0.30.21' ],
2197 silly audit   'serialize-javascript': [ '7.0.5' ],
2197 silly audit   smob: [ '1.6.2' ],
2197 silly audit   terser: [ '5.48.0' ],
2197 silly audit   'estree-walker': [ '2.0.2' ],
2197 silly audit   ejs: [ '3.1.10' ],
2197 silly audit   'string.prototype.matchall': [ '4.0.12' ],
2197 silly audit   'fast-deep-equal': [ '3.1.3' ],
2197 silly audit   'fast-uri': [ '3.1.2' ],
2197 silly audit   'json-schema-traverse': [ '1.0.0' ],
2197 silly audit   'require-from-string': [ '2.0.2' ],
2197 silly audit   '@babel/helper-define-polyfill-provider': [ '0.6.8' ],
2197 silly audit   'lodash.debounce': [ '4.0.8' ],
2197 silly audit   jake: [ '10.9.4' ],
2197 silly audit   'at-least-node': [ '1.0.0' ],
2197 silly audit   'graceful-fs': [ '4.2.11' ],
2197 silly audit   jsonfile: [ '6.2.1' ],
2197 silly audit   universalify: [ '2.0.1' ],
2197 silly audit   async: [ '3.2.6' ],
2197 silly audit   filelist: [ '1.0.6' ],
2197 silly audit   regenerate: [ '1.4.2' ],
2197 silly audit   'regenerate-unicode-properties': [ '10.2.2' ],
2197 silly audit   regjsgen: [ '0.8.0' ],
2197 silly audit   regjsparser: [ '0.13.1' ],
2197 silly audit   'unicode-match-property-ecmascript': [ '2.0.0' ],
2197 silly audit   'unicode-match-property-value-ecmascript': [ '2.2.1' ],
2197 silly audit   'whatwg-url': [ '7.1.0' ],
2197 silly audit   'call-bind': [ '1.0.9' ],
2197 silly audit   'call-bound': [ '1.0.4' ],
2197 silly audit   'define-properties': [ '1.2.1' ],
2197 silly audit   'es-abstract': [ '1.24.2' ],
2197 silly audit   'internal-slot': [ '1.1.0' ],
2197 silly audit   'regexp.prototype.flags': [ '1.5.4' ],
2197 silly audit   'set-function-name': [ '2.0.2' ],
2197 silly audit   'side-channel': [ '1.1.0' ],
2197 silly audit   'set-function-length': [ '1.2.2' ],
2197 silly audit   'define-data-property': [ '1.1.4' ],
2197 silly audit   'has-property-descriptors': [ '1.0.2' ],
2197 silly audit   'object-keys': [ '1.1.1' ],
2197 silly audit   'array-buffer-byte-length': [ '1.0.2' ],
2197 silly audit   'arraybuffer.prototype.slice': [ '1.0.4' ],
2197 silly audit   'available-typed-arrays': [ '1.0.7' ],
2197 silly audit   'data-view-buffer': [ '1.0.2' ],
2197 silly audit   'data-view-byte-length': [ '1.0.2' ],
2197 silly audit   'data-view-byte-offset': [ '1.0.1' ],
2197 silly audit   'es-to-primitive': [ '1.3.0' ],
2197 silly audit   'function.prototype.name': [ '1.1.8' ],
2197 silly audit   'get-symbol-description': [ '1.1.0' ],
2197 silly audit   globalthis: [ '1.0.4' ],
2197 silly audit   'has-proto': [ '1.2.0' ],
2197 silly audit   'is-array-buffer': [ '3.0.5' ],
2197 silly audit   'is-callable': [ '1.2.7' ],
2197 silly audit   'is-data-view': [ '1.0.2' ],
2197 silly audit   'is-negative-zero': [ '2.0.3' ],
2197 silly audit   'is-regex': [ '1.2.1' ],
2197 silly audit   'is-set': [ '2.0.3' ],
2197 silly audit   'is-shared-array-buffer': [ '1.0.4' ],
2197 silly audit   'is-string': [ '1.1.1' ],
2197 silly audit   'is-typed-array': [ '1.1.15' ],
2197 silly audit   'is-weakref': [ '1.1.1' ],
2197 silly audit   'object-inspect': [ '1.13.4' ],
2197 silly audit   'object.assign': [ '4.1.7' ],
2197 silly audit   'own-keys': [ '1.0.1' ],
2197 silly audit   'safe-array-concat': [ '1.1.4' ],
2197 silly audit   'safe-push-apply': [ '1.0.0' ],
2197 silly audit   'safe-regex-test': [ '1.1.0' ],
2197 silly audit   'set-proto': [ '1.0.0' ],
2197 silly audit   'stop-iteration-iterator': [ '1.1.0' ],
2197 silly audit   'string.prototype.trim': [ '1.2.10' ],
2197 silly audit   'string.prototype.trimend': [ '1.0.9' ],
2197 silly audit   'string.prototype.trimstart': [ '1.0.8' ],
2197 silly audit   'typed-array-buffer': [ '1.0.3' ],
2197 silly audit   'typed-array-byte-length': [ '1.0.3' ],
2197 silly audit   'typed-array-byte-offset': [ '1.0.4' ],
2197 silly audit   'typed-array-length': [ '1.0.7' ],
2197 silly audit   'unbox-primitive': [ '1.1.0' ],
2197 silly audit   'which-typed-array': [ '1.1.20' ],
2197 silly audit   'possible-typed-array-names': [ '1.1.0' ],
2197 silly audit   'is-date-object': [ '1.1.0' ],
2197 silly audit   'is-symbol': [ '1.1.1' ],
2197 silly audit   'functions-have-names': [ '1.2.3' ],
2197 silly audit   isarray: [ '2.0.5' ],
2197 silly audit   'side-channel-list': [ '1.0.1' ],
2197 silly audit   'side-channel-map': [ '1.0.1' ],
2197 silly audit   'side-channel-weakmap': [ '1.0.2' ],
2197 silly audit   'get-own-enumerable-property-symbols': [ '3.0.2' ],
2197 silly audit   'is-obj': [ '1.0.1' ],
2197 silly audit   'is-regexp': [ '1.0.0' ],
2197 silly audit   'is-stream': [ '2.0.1' ],
2197 silly audit   'temp-dir': [ '2.0.0' ],
2197 silly audit   'type-fest': [ '0.16.0' ],
2197 silly audit   'unique-string': [ '2.0.0' ],
2197 silly audit   '@jridgewell/source-map': [ '0.3.11' ],
2197 silly audit   acorn: [ '8.16.0' ],
2197 silly audit   'source-map-support': [ '0.5.21' ],
2197 silly audit   'buffer-from': [ '1.1.2' ],
2197 silly audit   'for-each': [ '0.3.5' ],
2197 silly audit   'reflect.getprototypeof': [ '1.0.10' ],
2197 silly audit   'which-builtin-type': [ '1.2.1' ],
2197 silly audit   'has-bigints': [ '1.1.0' ],
2197 silly audit   'which-boxed-primitive': [ '1.1.1' ],
2197 silly audit   'unicode-canonical-property-names-ecmascript': [ '2.0.1' ],
2197 silly audit   'unicode-property-aliases-ecmascript': [ '2.2.0' ],
2197 silly audit   'crypto-random-string': [ '2.0.0' ],
2197 silly audit   'lodash.sortby': [ '4.7.0' ],
2197 silly audit   tr46: [ '1.0.1' ],
2197 silly audit   'webidl-conversions': [ '4.0.2' ],
2197 silly audit   punycode: [ '2.3.1' ],
2197 silly audit   'is-bigint': [ '1.1.0' ],
2197 silly audit   'is-boolean-object': [ '1.2.2' ],
2197 silly audit   'is-number-object': [ '1.1.1' ],
2197 silly audit   'is-async-function': [ '2.1.1' ],
2197 silly audit   'is-finalizationregistry': [ '1.1.1' ],
2197 silly audit   'is-generator-function': [ '1.1.2' ],
2197 silly audit   'which-collection': [ '1.0.2' ],
2197 silly audit   'async-function': [ '1.0.0' ],
2197 silly audit   'generator-function': [ '2.0.1' ],
2197 silly audit   'is-map': [ '2.0.3' ],
2197 silly audit   'is-weakmap': [ '2.0.2' ],
2197 silly audit   'is-weakset': [ '2.0.4' ],
2197 silly audit   idb: [ '7.1.1' ],
2197 silly audit   '@types/trusted-types': [ '2.0.7' ],
2197 silly audit   'use-sync-external-store': [ '1.6.0' ],
2197 silly audit   'foreground-child': [ '3.3.1' ],
2197 silly audit   jackspeak: [ '4.2.3' ],
2197 silly audit   minipass: [ '7.1.3' ],
2197 silly audit   'package-json-from-dist': [ '1.0.1' ],
2197 silly audit   'path-scurry': [ '2.0.2' ],
2197 silly audit   'cross-spawn': [ '7.0.6' ],
2197 silly audit   'signal-exit': [ '4.1.0' ],
2197 silly audit   'path-key': [ '3.1.1' ],
2197 silly audit   'shebang-command': [ '2.0.0' ],
2197 silly audit   which: [ '2.0.2' ],
2197 silly audit   '@isaacs/cliui': [ '9.0.0' ],
2197 silly audit   'shebang-regex': [ '3.0.0' ],
2197 silly audit   isexe: [ '2.0.0' ]
2197 silly audit }
2198 verbose reify failed optional dependency /home/ubuntu/novel-master-frontend/node_modules/@rollup/rollup-win32-x64-msvc
2199 silly reify mark deleted [
2199 silly reify   '/home/ubuntu/novel-master-frontend/node_modules/@rollup/rollup-win32-x64-msvc'
2199 silly reify ]
2200 verbose reify failed optional dependency /home/ubuntu/novel-master-frontend/node_modules/@rollup/rollup-win32-x64-gnu
2201 silly reify mark deleted [
2201 silly reify   '/home/ubuntu/novel-master-frontend/node_modules/@rollup/rollup-win32-x64-gnu'
2201 silly reify ]
2202 verbose reify failed optional dependency /home/ubuntu/novel-master-frontend/node_modules/@rollup/rollup-win32-ia32-msvc
2203 silly reify mark deleted [
2203 silly reify   '/home/ubuntu/novel-master-frontend/node_modules/@rollup/rollup-win32-ia32-msvc'
2203 silly reify ]
2204 verbose reify failed optional dependency /home/ubuntu/novel-master-frontend/node_modules/@rollup/rollup-win32-arm64-msvc
2205 silly reify mark deleted [
2205 silly reify   '/home/ubuntu/novel-master-frontend/node_modules/@rollup/rollup-win32-arm64-msvc'
2205 silly reify ]
2206 verbose reify failed optional dependency /home/ubuntu/novel-master-frontend/node_modules/@rollup/rollup-openharmony-arm64
2207 silly reify mark deleted [
2207 silly reify   '/home/ubuntu/novel-master-frontend/node_modules/@rollup/rollup-openharmony-arm64'
2207 silly reify ]
2208 verbose reify failed optional dependency /home/ubuntu/novel-master-frontend/node_modules/@rollup/rollup-openbsd-x64
2209 silly reify mark deleted [
2209 silly reify   '/home/ubuntu/novel-master-frontend/node_modules/@rollup/rollup-openbsd-x64'
2209 silly reify ]
2210 verbose reify failed optional dependency /home/ubuntu/novel-master-frontend/node_modules/@rollup/rollup-linux-s390x-gnu
2211 silly reify mark deleted [
2211 silly reify   '/home/ubuntu/novel-master-frontend/node_modules/@rollup/rollup-linux-s390x-gnu'
2211 silly reify ]
2212 verbose reify failed optional dependency /home/ubuntu/novel-master-frontend/node_modules/@rollup/rollup-linux-riscv64-musl
2213 silly reify mark deleted [
2213 silly reify   '/home/ubuntu/novel-master-frontend/node_modules/@rollup/rollup-linux-riscv64-musl'
2213 silly reify ]
2214 verbose reify failed optional dependency /home/ubuntu/novel-master-frontend/node_modules/@rollup/rollup-linux-riscv64-gnu
2215 silly reify mark deleted [
2215 silly reify   '/home/ubuntu/novel-master-frontend/node_modules/@rollup/rollup-linux-riscv64-gnu'
2215 silly reify ]
2216 verbose reify failed optional dependency /home/ubuntu/novel-master-frontend/node_modules/@rollup/rollup-linux-ppc64-musl
2217 silly reify mark deleted [
2217 silly reify   '/home/ubuntu/novel-master-frontend/node_modules/@rollup/rollup-linux-ppc64-musl'
2217 silly reify ]
2218 verbose reify failed optional dependency /home/ubuntu/novel-master-frontend/node_modules/@rollup/rollup-linux-ppc64-gnu
2219 silly reify mark deleted [
2219 silly reify   '/home/ubuntu/novel-master-frontend/node_modules/@rollup/rollup-linux-ppc64-gnu'
2219 silly reify ]
2220 verbose reify failed optional dependency /home/ubuntu/novel-master-frontend/node_modules/@rollup/rollup-linux-loong64-musl
2221 silly reify mark deleted [
2221 silly reify   '/home/ubuntu/novel-master-frontend/node_modules/@rollup/rollup-linux-loong64-musl'
2221 silly reify ]
2222 verbose reify failed optional dependency /home/ubuntu/novel-master-frontend/node_modules/@rollup/rollup-linux-loong64-gnu
2223 silly reify mark deleted [
2223 silly reify   '/home/ubuntu/novel-master-frontend/node_modules/@rollup/rollup-linux-loong64-gnu'
2223 silly reify ]
2224 verbose reify failed optional dependency /home/ubuntu/novel-master-frontend/node_modules/@rollup/rollup-linux-arm64-musl
2225 silly reify mark deleted [
2225 silly reify   '/home/ubuntu/novel-master-frontend/node_modules/@rollup/rollup-linux-arm64-musl'
2225 silly reify ]
2226 verbose reify failed optional dependency /home/ubuntu/novel-master-frontend/node_modules/@rollup/rollup-linux-arm64-gnu
2227 silly reify mark deleted [
2227 silly reify   '/home/ubuntu/novel-master-frontend/node_modules/@rollup/rollup-linux-arm64-gnu'
2227 silly reify ]
2228 verbose reify failed optional dependency /home/ubuntu/novel-master-frontend/node_modules/@rollup/rollup-linux-arm-musleabihf
2229 silly reify mark deleted [
2229 silly reify   '/home/ubuntu/novel-master-frontend/node_modules/@rollup/rollup-linux-arm-musleabihf'
2229 silly reify ]
2230 verbose reify failed optional dependency /home/ubuntu/novel-master-frontend/node_modules/@rollup/rollup-linux-arm-gnueabihf
2231 silly reify mark deleted [
2231 silly reify   '/home/ubuntu/novel-master-frontend/node_modules/@rollup/rollup-linux-arm-gnueabihf'
2231 silly reify ]
2232 verbose reify failed optional dependency /home/ubuntu/novel-master-frontend/node_modules/@rollup/rollup-freebsd-x64
2233 silly reify mark deleted [
2233 silly reify   '/home/ubuntu/novel-master-frontend/node_modules/@rollup/rollup-freebsd-x64'
2233 silly reify ]
2234 verbose reify failed optional dependency /home/ubuntu/novel-master-frontend/node_modules/@rollup/rollup-freebsd-arm64
2235 silly reify mark deleted [
2235 silly reify   '/home/ubuntu/novel-master-frontend/node_modules/@rollup/rollup-freebsd-arm64'
2235 silly reify ]
2236 verbose reify failed optional dependency /home/ubuntu/novel-master-frontend/node_modules/@rollup/rollup-darwin-x64
2237 silly reify mark deleted [
2237 silly reify   '/home/ubuntu/novel-master-frontend/node_modules/@rollup/rollup-darwin-x64'
2237 silly reify ]
2238 verbose reify failed optional dependency /home/ubuntu/novel-master-frontend/node_modules/@rollup/rollup-darwin-arm64
2239 silly reify mark deleted [
2239 silly reify   '/home/ubuntu/novel-master-frontend/node_modules/@rollup/rollup-darwin-arm64'
2239 silly reify ]
2240 verbose reify failed optional dependency /home/ubuntu/novel-master-frontend/node_modules/@rollup/rollup-android-arm64
2241 silly reify mark deleted [
2241 silly reify   '/home/ubuntu/novel-master-frontend/node_modules/@rollup/rollup-android-arm64'
2241 silly reify ]
2242 verbose reify failed optional dependency /home/ubuntu/novel-master-frontend/node_modules/@rollup/rollup-android-arm-eabi
2243 silly reify mark deleted [
2243 silly reify   '/home/ubuntu/novel-master-frontend/node_modules/@rollup/rollup-android-arm-eabi'
2243 silly reify ]
2244 verbose reify failed optional dependency /home/ubuntu/novel-master-frontend/node_modules/@esbuild/win32-x64
2245 silly reify mark deleted [
2245 silly reify   '/home/ubuntu/novel-master-frontend/node_modules/@esbuild/win32-x64'
2245 silly reify ]
2246 verbose reify failed optional dependency /home/ubuntu/novel-master-frontend/node_modules/@esbuild/win32-ia32
2247 silly reify mark deleted [
2247 silly reify   '/home/ubuntu/novel-master-frontend/node_modules/@esbuild/win32-ia32'
2247 silly reify ]
2248 verbose reify failed optional dependency /home/ubuntu/novel-master-frontend/node_modules/@esbuild/win32-arm64
2249 silly reify mark deleted [
2249 silly reify   '/home/ubuntu/novel-master-frontend/node_modules/@esbuild/win32-arm64'
2249 silly reify ]
2250 verbose reify failed optional dependency /home/ubuntu/novel-master-frontend/node_modules/@esbuild/sunos-x64
2251 silly reify mark deleted [
2251 silly reify   '/home/ubuntu/novel-master-frontend/node_modules/@esbuild/sunos-x64'
2251 silly reify ]
2252 verbose reify failed optional dependency /home/ubuntu/novel-master-frontend/node_modules/@esbuild/openbsd-x64
2253 silly reify mark deleted [
2253 silly reify   '/home/ubuntu/novel-master-frontend/node_modules/@esbuild/openbsd-x64'
2253 silly reify ]
2254 verbose reify failed optional dependency /home/ubuntu/novel-master-frontend/node_modules/@esbuild/netbsd-x64
2255 silly reify mark deleted [
2255 silly reify   '/home/ubuntu/novel-master-frontend/node_modules/@esbuild/netbsd-x64'
2255 silly reify ]
2256 verbose reify failed optional dependency /home/ubuntu/novel-master-frontend/node_modules/@esbuild/linux-s390x
2257 silly reify mark deleted [
2257 silly reify   '/home/ubuntu/novel-master-frontend/node_modules/@esbuild/linux-s390x'
2257 silly reify ]
2258 verbose reify failed optional dependency /home/ubuntu/novel-master-frontend/node_modules/@esbuild/linux-riscv64
2259 silly reify mark deleted [
2259 silly reify   '/home/ubuntu/novel-master-frontend/node_modules/@esbuild/linux-riscv64'
2259 silly reify ]
2260 verbose reify failed optional dependency /home/ubuntu/novel-master-frontend/node_modules/@esbuild/linux-ppc64
2261 silly reify mark deleted [
2261 silly reify   '/home/ubuntu/novel-master-frontend/node_modules/@esbuild/linux-ppc64'
2261 silly reify ]
2262 verbose reify failed optional dependency /home/ubuntu/novel-master-frontend/node_modules/@esbuild/linux-mips64el
2263 silly reify mark deleted [
2263 silly reify   '/home/ubuntu/novel-master-frontend/node_modules/@esbuild/linux-mips64el'
2263 silly reify ]
2264 verbose reify failed optional dependency /home/ubuntu/novel-master-frontend/node_modules/@esbuild/linux-loong64
2265 silly reify mark deleted [
2265 silly reify   '/home/ubuntu/novel-master-frontend/node_modules/@esbuild/linux-loong64'
2265 silly reify ]
2266 verbose reify failed optional dependency /home/ubuntu/novel-master-frontend/node_modules/@esbuild/linux-ia32
2267 silly reify mark deleted [
2267 silly reify   '/home/ubuntu/novel-master-frontend/node_modules/@esbuild/linux-ia32'
2267 silly reify ]
2268 verbose reify failed optional dependency /home/ubuntu/novel-master-frontend/node_modules/@esbuild/linux-arm64
2269 silly reify mark deleted [
2269 silly reify   '/home/ubuntu/novel-master-frontend/node_modules/@esbuild/linux-arm64'
2269 silly reify ]
2270 verbose reify failed optional dependency /home/ubuntu/novel-master-frontend/node_modules/@esbuild/linux-arm
2271 silly reify mark deleted [
2271 silly reify   '/home/ubuntu/novel-master-frontend/node_modules/@esbuild/linux-arm'
2271 silly reify ]
2272 verbose reify failed optional dependency /home/ubuntu/novel-master-frontend/node_modules/@esbuild/freebsd-x64
2273 silly reify mark deleted [
2273 silly reify   '/home/ubuntu/novel-master-frontend/node_modules/@esbuild/freebsd-x64'
2273 silly reify ]
2274 verbose reify failed optional dependency /home/ubuntu/novel-master-frontend/node_modules/@esbuild/freebsd-arm64
2275 silly reify mark deleted [
2275 silly reify   '/home/ubuntu/novel-master-frontend/node_modules/@esbuild/freebsd-arm64'
2275 silly reify ]
2276 verbose reify failed optional dependency /home/ubuntu/novel-master-frontend/node_modules/@esbuild/darwin-x64
2277 silly reify mark deleted [
2277 silly reify   '/home/ubuntu/novel-master-frontend/node_modules/@esbuild/darwin-x64'
2277 silly reify ]
2278 verbose reify failed optional dependency /home/ubuntu/novel-master-frontend/node_modules/@esbuild/darwin-arm64
2279 silly reify mark deleted [
2279 silly reify   '/home/ubuntu/novel-master-frontend/node_modules/@esbuild/darwin-arm64'
2279 silly reify ]
2280 verbose reify failed optional dependency /home/ubuntu/novel-master-frontend/node_modules/@esbuild/android-x64
2281 silly reify mark deleted [
2281 silly reify   '/home/ubuntu/novel-master-frontend/node_modules/@esbuild/android-x64'
2281 silly reify ]
2282 verbose reify failed optional dependency /home/ubuntu/novel-master-frontend/node_modules/@esbuild/android-arm64
2283 silly reify mark deleted [
2283 silly reify   '/home/ubuntu/novel-master-frontend/node_modules/@esbuild/android-arm64'
2283 silly reify ]
2284 verbose reify failed optional dependency /home/ubuntu/novel-master-frontend/node_modules/@esbuild/android-arm
2285 silly reify mark deleted [
2285 silly reify   '/home/ubuntu/novel-master-frontend/node_modules/@esbuild/android-arm'
2285 silly reify ]
2286 verbose reify failed optional dependency /home/ubuntu/novel-master-frontend/node_modules/@esbuild/aix-ppc64
2287 silly reify mark deleted [
2287 silly reify   '/home/ubuntu/novel-master-frontend/node_modules/@esbuild/aix-ppc64'
2287 silly reify ]
2288 verbose reify failed optional dependency /home/ubuntu/novel-master-frontend/node_modules/fsevents
2289 silly reify mark deleted [ '/home/ubuntu/novel-master-frontend/node_modules/fsevents' ]
2290 timing reifyNode:node_modules/@rollup/rollup-win32-x64-msvc Completed in 100ms
2291 timing reifyNode:node_modules/@rollup/rollup-win32-x64-gnu Completed in 100ms
2292 timing reifyNode:node_modules/@rollup/rollup-win32-ia32-msvc Completed in 100ms
2293 timing reifyNode:node_modules/@rollup/rollup-win32-arm64-msvc Completed in 100ms
2294 timing reifyNode:node_modules/@rollup/rollup-openharmony-arm64 Completed in 100ms
2295 timing reifyNode:node_modules/@rollup/rollup-openbsd-x64 Completed in 100ms
2296 timing reifyNode:node_modules/@rollup/rollup-linux-s390x-gnu Completed in 100ms
2297 timing reifyNode:node_modules/@rollup/rollup-linux-riscv64-musl Completed in 101ms
2298 timing reifyNode:node_modules/@rollup/rollup-linux-riscv64-gnu Completed in 101ms
2299 timing reifyNode:node_modules/@rollup/rollup-linux-ppc64-musl Completed in 101ms
2300 timing reifyNode:node_modules/@rollup/rollup-linux-ppc64-gnu Completed in 101ms
2301 timing reifyNode:node_modules/@rollup/rollup-linux-loong64-musl Completed in 101ms
2302 timing reifyNode:node_modules/@rollup/rollup-linux-loong64-gnu Completed in 101ms
2303 timing reifyNode:node_modules/@rollup/rollup-linux-arm64-musl Completed in 101ms
2304 timing reifyNode:node_modules/@rollup/rollup-linux-arm64-gnu Completed in 98ms
2305 timing reifyNode:node_modules/@rollup/rollup-linux-arm-musleabihf Completed in 98ms
2306 timing reifyNode:node_modules/@rollup/rollup-linux-arm-gnueabihf Completed in 98ms
2307 timing reifyNode:node_modules/@rollup/rollup-freebsd-x64 Completed in 99ms
2308 timing reifyNode:node_modules/@rollup/rollup-freebsd-arm64 Completed in 99ms
2309 timing reifyNode:node_modules/@rollup/rollup-darwin-x64 Completed in 99ms
2310 timing reifyNode:node_modules/@rollup/rollup-darwin-arm64 Completed in 99ms
2311 timing reifyNode:node_modules/@rollup/rollup-android-arm64 Completed in 99ms
2312 timing reifyNode:node_modules/@rollup/rollup-android-arm-eabi Completed in 100ms
2313 timing reifyNode:node_modules/@esbuild/win32-x64 Completed in 100ms
2314 timing reifyNode:node_modules/@esbuild/win32-ia32 Completed in 100ms
2315 timing reifyNode:node_modules/@esbuild/win32-arm64 Completed in 99ms
2316 timing reifyNode:node_modules/@esbuild/sunos-x64 Completed in 99ms
2317 timing reifyNode:node_modules/@esbuild/openbsd-x64 Completed in 99ms
2318 timing reifyNode:node_modules/@esbuild/netbsd-x64 Completed in 99ms
2319 timing reifyNode:node_modules/@esbuild/linux-s390x Completed in 99ms
2320 timing reifyNode:node_modules/@esbuild/linux-riscv64 Completed in 99ms
2321 timing reifyNode:node_modules/@esbuild/linux-ppc64 Completed in 98ms
2322 timing reifyNode:node_modules/@esbuild/linux-mips64el Completed in 98ms
2323 timing reifyNode:node_modules/@esbuild/linux-loong64 Completed in 99ms
2324 timing reifyNode:node_modules/@esbuild/linux-ia32 Completed in 99ms
2325 timing reifyNode:node_modules/@esbuild/linux-arm64 Completed in 99ms
2326 timing reifyNode:node_modules/@esbuild/linux-arm Completed in 99ms
2327 timing reifyNode:node_modules/@esbuild/freebsd-x64 Completed in 99ms
2328 timing reifyNode:node_modules/@esbuild/freebsd-arm64 Completed in 99ms
2329 timing reifyNode:node_modules/@esbuild/darwin-x64 Completed in 98ms
2330 timing reifyNode:node_modules/@esbuild/darwin-arm64 Completed in 98ms
2331 timing reifyNode:node_modules/@esbuild/android-x64 Completed in 98ms
2332 timing reifyNode:node_modules/@esbuild/android-arm64 Completed in 98ms
2333 timing reifyNode:node_modules/@esbuild/android-arm Completed in 98ms
2334 timing reifyNode:node_modules/@esbuild/aix-ppc64 Completed in 98ms
2335 timing reifyNode:node_modules/fsevents Completed in 95ms
2336 silly tarball no local data for isexe@https://registry.npmjs.org/isexe/-/isexe-2.0.0.tgz. Extracting by manifest.
2337 silly tarball no local data for shebang-regex@https://registry.npmjs.org/shebang-regex/-/shebang-regex-3.0.0.tgz. Extracting by manifest.
2338 silly tarball no local data for @isaacs/cliui@https://registry.npmjs.org/@isaacs/cliui/-/cliui-9.0.0.tgz. Extracting by manifest.
2339 silly tarball no local data for which@https://registry.npmjs.org/which/-/which-2.0.2.tgz. Extracting by manifest.
2340 silly tarball no local data for shebang-command@https://registry.npmjs.org/shebang-command/-/shebang-command-2.0.0.tgz. Extracting by manifest.
2341 silly tarball no local data for path-key@https://registry.npmjs.org/path-key/-/path-key-3.1.1.tgz. Extracting by manifest.
2342 silly tarball no local data for signal-exit@https://registry.npmjs.org/signal-exit/-/signal-exit-4.1.0.tgz. Extracting by manifest.
2343 silly tarball no local data for cross-spawn@https://registry.npmjs.org/cross-spawn/-/cross-spawn-7.0.6.tgz. Extracting by manifest.
2344 silly tarball no local data for path-scurry@https://registry.npmjs.org/path-scurry/-/path-scurry-2.0.2.tgz. Extracting by manifest.
2345 silly tarball no local data for package-json-from-dist@https://registry.npmjs.org/package-json-from-dist/-/package-json-from-dist-1.0.1.tgz. Extracting by manifest.
2346 silly tarball no local data for minipass@https://registry.npmjs.org/minipass/-/minipass-7.1.3.tgz. Extracting by manifest.
2347 silly tarball no local data for jackspeak@https://registry.npmjs.org/jackspeak/-/jackspeak-4.2.3.tgz. Extracting by manifest.
2348 silly tarball no local data for foreground-child@https://registry.npmjs.org/foreground-child/-/foreground-child-3.3.1.tgz. Extracting by manifest.
2349 silly tarball no local data for use-sync-external-store@https://registry.npmjs.org/use-sync-external-store/-/use-sync-external-store-1.6.0.tgz. Extracting by manifest.
2350 silly tarball no local data for @types/trusted-types@https://registry.npmjs.org/@types/trusted-types/-/trusted-types-2.0.7.tgz. Extracting by manifest.
2351 silly tarball no local data for idb@https://registry.npmjs.org/idb/-/idb-7.1.1.tgz. Extracting by manifest.
2352 silly tarball no local data for is-weakset@https://registry.npmjs.org/is-weakset/-/is-weakset-2.0.4.tgz. Extracting by manifest.
2353 silly tarball no local data for is-weakmap@https://registry.npmjs.org/is-weakmap/-/is-weakmap-2.0.2.tgz. Extracting by manifest.
2354 silly tarball no local data for is-map@https://registry.npmjs.org/is-map/-/is-map-2.0.3.tgz. Extracting by manifest.
2355 silly tarball no local data for generator-function@https://registry.npmjs.org/generator-function/-/generator-function-2.0.1.tgz. Extracting by manifest.
2356 silly tarball no local data for async-function@https://registry.npmjs.org/async-function/-/async-function-1.0.0.tgz. Extracting by manifest.
2357 silly tarball no local data for which-collection@https://registry.npmjs.org/which-collection/-/which-collection-1.0.2.tgz. Extracting by manifest.
2358 silly tarball no local data for is-generator-function@https://registry.npmjs.org/is-generator-function/-/is-generator-function-1.1.2.tgz. Extracting by manifest.
2359 silly tarball no local data for is-finalizationregistry@https://registry.npmjs.org/is-finalizationregistry/-/is-finalizationregistry-1.1.1.tgz. Extracting by manifest.
2360 silly tarball no local data for is-async-function@https://registry.npmjs.org/is-async-function/-/is-async-function-2.1.1.tgz. Extracting by manifest.
2361 silly tarball no local data for is-number-object@https://registry.npmjs.org/is-number-object/-/is-number-object-1.1.1.tgz. Extracting by manifest.
2362 silly tarball no local data for is-boolean-object@https://registry.npmjs.org/is-boolean-object/-/is-boolean-object-1.2.2.tgz. Extracting by manifest.
2363 silly tarball no local data for is-bigint@https://registry.npmjs.org/is-bigint/-/is-bigint-1.1.0.tgz. Extracting by manifest.
2364 silly tarball no local data for punycode@https://registry.npmjs.org/punycode/-/punycode-2.3.1.tgz. Extracting by manifest.
2365 silly tarball no local data for webidl-conversions@https://registry.npmjs.org/webidl-conversions/-/webidl-conversions-4.0.2.tgz. Extracting by manifest.
2366 silly tarball no local data for tr46@https://registry.npmjs.org/tr46/-/tr46-1.0.1.tgz. Extracting by manifest.
2367 silly tarball no local data for lodash.sortby@https://registry.npmjs.org/lodash.sortby/-/lodash.sortby-4.7.0.tgz. Extracting by manifest.
2368 silly tarball no local data for crypto-random-string@https://registry.npmjs.org/crypto-random-string/-/crypto-random-string-2.0.0.tgz. Extracting by manifest.
2369 silly tarball no local data for unicode-property-aliases-ecmascript@https://registry.npmjs.org/unicode-property-aliases-ecmascript/-/unicode-property-aliases-ecmascript-2.2.0.tgz. Extracting by manifest.
2370 silly tarball no local data for unicode-canonical-property-names-ecmascript@https://registry.npmjs.org/unicode-canonical-property-names-ecmascript/-/unicode-canonical-property-names-ecmascript-2.0.1.tgz. Extracting by manifest.
2371 silly tarball no local data for which-boxed-primitive@https://registry.npmjs.org/which-boxed-primitive/-/which-boxed-primitive-1.1.1.tgz. Extracting by manifest.
2372 silly tarball no local data for has-bigints@https://registry.npmjs.org/has-bigints/-/has-bigints-1.1.0.tgz. Extracting by manifest.
2373 silly tarball no local data for which-builtin-type@https://registry.npmjs.org/which-builtin-type/-/which-builtin-type-1.2.1.tgz. Extracting by manifest.
2374 silly tarball no local data for reflect.getprototypeof@https://registry.npmjs.org/reflect.getprototypeof/-/reflect.getprototypeof-1.0.10.tgz. Extracting by manifest.
2375 silly tarball no local data for for-each@https://registry.npmjs.org/for-each/-/for-each-0.3.5.tgz. Extracting by manifest.
2376 silly tarball no local data for buffer-from@https://registry.npmjs.org/buffer-from/-/buffer-from-1.1.2.tgz. Extracting by manifest.
2377 silly tarball no local data for source-map-support@https://registry.npmjs.org/source-map-support/-/source-map-support-0.5.21.tgz. Extracting by manifest.
2378 silly tarball no local data for acorn@https://registry.npmjs.org/acorn/-/acorn-8.16.0.tgz. Extracting by manifest.
2379 silly tarball no local data for @jridgewell/source-map@https://registry.npmjs.org/@jridgewell/source-map/-/source-map-0.3.11.tgz. Extracting by manifest.
2380 silly tarball no local data for unique-string@https://registry.npmjs.org/unique-string/-/unique-string-2.0.0.tgz. Extracting by manifest.
2381 silly tarball no local data for type-fest@https://registry.npmjs.org/type-fest/-/type-fest-0.16.0.tgz. Extracting by manifest.
2382 silly tarball no local data for temp-dir@https://registry.npmjs.org/temp-dir/-/temp-dir-2.0.0.tgz. Extracting by manifest.
2383 silly tarball no local data for is-stream@https://registry.npmjs.org/is-stream/-/is-stream-2.0.1.tgz. Extracting by manifest.
2384 silly tarball no local data for is-regexp@https://registry.npmjs.org/is-regexp/-/is-regexp-1.0.0.tgz. Extracting by manifest.
2385 silly tarball no local data for is-obj@https://registry.npmjs.org/is-obj/-/is-obj-1.0.1.tgz. Extracting by manifest.
2386 silly tarball no local data for get-own-enumerable-property-symbols@https://registry.npmjs.org/get-own-enumerable-property-symbols/-/get-own-enumerable-property-symbols-3.0.2.tgz. Extracting by manifest.
2387 silly tarball no local data for side-channel-weakmap@https://registry.npmjs.org/side-channel-weakmap/-/side-channel-weakmap-1.0.2.tgz. Extracting by manifest.
2388 silly tarball no local data for side-channel-map@https://registry.npmjs.org/side-channel-map/-/side-channel-map-1.0.1.tgz. Extracting by manifest.
2389 silly tarball no local data for side-channel-list@https://registry.npmjs.org/side-channel-list/-/side-channel-list-1.0.1.tgz. Extracting by manifest.
2390 silly tarball no local data for isarray@https://registry.npmjs.org/isarray/-/isarray-2.0.5.tgz. Extracting by manifest.
2391 silly tarball no local data for functions-have-names@https://registry.npmjs.org/functions-have-names/-/functions-have-names-1.2.3.tgz. Extracting by manifest.
2392 silly tarball no local data for is-symbol@https://registry.npmjs.org/is-symbol/-/is-symbol-1.1.1.tgz. Extracting by manifest.
2393 silly tarball no local data for is-date-object@https://registry.npmjs.org/is-date-object/-/is-date-object-1.1.0.tgz. Extracting by manifest.
2394 silly tarball no local data for possible-typed-array-names@https://registry.npmjs.org/possible-typed-array-names/-/possible-typed-array-names-1.1.0.tgz. Extracting by manifest.
2395 silly tarball no local data for which-typed-array@https://registry.npmjs.org/which-typed-array/-/which-typed-array-1.1.20.tgz. Extracting by manifest.
2396 silly tarball no local data for unbox-primitive@https://registry.npmjs.org/unbox-primitive/-/unbox-primitive-1.1.0.tgz. Extracting by manifest.
2397 silly tarball no local data for typed-array-length@https://registry.npmjs.org/typed-array-length/-/typed-array-length-1.0.7.tgz. Extracting by manifest.
2398 silly tarball no local data for typed-array-byte-offset@https://registry.npmjs.org/typed-array-byte-offset/-/typed-array-byte-offset-1.0.4.tgz. Extracting by manifest.
2399 silly tarball no local data for typed-array-byte-length@https://registry.npmjs.org/typed-array-byte-length/-/typed-array-byte-length-1.0.3.tgz. Extracting by manifest.
2400 silly tarball no local data for typed-array-buffer@https://registry.npmjs.org/typed-array-buffer/-/typed-array-buffer-1.0.3.tgz. Extracting by manifest.
2401 silly tarball no local data for string.prototype.trimstart@https://registry.npmjs.org/string.prototype.trimstart/-/string.prototype.trimstart-1.0.8.tgz. Extracting by manifest.
2402 silly tarball no local data for string.prototype.trimend@https://registry.npmjs.org/string.prototype.trimend/-/string.prototype.trimend-1.0.9.tgz. Extracting by manifest.
2403 silly tarball no local data for string.prototype.trim@https://registry.npmjs.org/string.prototype.trim/-/string.prototype.trim-1.2.10.tgz. Extracting by manifest.
2404 silly tarball no local data for stop-iteration-iterator@https://registry.npmjs.org/stop-iteration-iterator/-/stop-iteration-iterator-1.1.0.tgz. Extracting by manifest.
2405 silly tarball no local data for set-proto@https://registry.npmjs.org/set-proto/-/set-proto-1.0.0.tgz. Extracting by manifest.
2406 silly tarball no local data for safe-regex-test@https://registry.npmjs.org/safe-regex-test/-/safe-regex-test-1.1.0.tgz. Extracting by manifest.
2407 silly tarball no local data for safe-push-apply@https://registry.npmjs.org/safe-push-apply/-/safe-push-apply-1.0.0.tgz. Extracting by manifest.
2408 silly tarball no local data for safe-array-concat@https://registry.npmjs.org/safe-array-concat/-/safe-array-concat-1.1.4.tgz. Extracting by manifest.
2409 silly tarball no local data for own-keys@https://registry.npmjs.org/own-keys/-/own-keys-1.0.1.tgz. Extracting by manifest.
2410 silly tarball no local data for object.assign@https://registry.npmjs.org/object.assign/-/object.assign-4.1.7.tgz. Extracting by manifest.
2411 silly tarball no local data for object-inspect@https://registry.npmjs.org/object-inspect/-/object-inspect-1.13.4.tgz. Extracting by manifest.
2412 silly tarball no local data for is-weakref@https://registry.npmjs.org/is-weakref/-/is-weakref-1.1.1.tgz. Extracting by manifest.
2413 silly tarball no local data for is-typed-array@https://registry.npmjs.org/is-typed-array/-/is-typed-array-1.1.15.tgz. Extracting by manifest.
2414 silly tarball no local data for is-string@https://registry.npmjs.org/is-string/-/is-string-1.1.1.tgz. Extracting by manifest.
2415 silly tarball no local data for is-shared-array-buffer@https://registry.npmjs.org/is-shared-array-buffer/-/is-shared-array-buffer-1.0.4.tgz. Extracting by manifest.
2416 silly tarball no local data for is-set@https://registry.npmjs.org/is-set/-/is-set-2.0.3.tgz. Extracting by manifest.
2417 silly tarball no local data for is-regex@https://registry.npmjs.org/is-regex/-/is-regex-1.2.1.tgz. Extracting by manifest.
2418 silly tarball no local data for is-negative-zero@https://registry.npmjs.org/is-negative-zero/-/is-negative-zero-2.0.3.tgz. Extracting by manifest.
2419 silly tarball no local data for is-data-view@https://registry.npmjs.org/is-data-view/-/is-data-view-1.0.2.tgz. Extracting by manifest.
2420 silly tarball no local data for is-callable@https://registry.npmjs.org/is-callable/-/is-callable-1.2.7.tgz. Extracting by manifest.
2421 silly tarball no local data for is-array-buffer@https://registry.npmjs.org/is-array-buffer/-/is-array-buffer-3.0.5.tgz. Extracting by manifest.
2422 silly tarball no local data for has-proto@https://registry.npmjs.org/has-proto/-/has-proto-1.2.0.tgz. Extracting by manifest.
2423 silly tarball no local data for globalthis@https://registry.npmjs.org/globalthis/-/globalthis-1.0.4.tgz. Extracting by manifest.
2424 silly tarball no local data for get-symbol-description@https://registry.npmjs.org/get-symbol-description/-/get-symbol-description-1.1.0.tgz. Extracting by manifest.
2425 silly tarball no local data for function.prototype.name@https://registry.npmjs.org/function.prototype.name/-/function.prototype.name-1.1.8.tgz. Extracting by manifest.
2426 silly tarball no local data for es-to-primitive@https://registry.npmjs.org/es-to-primitive/-/es-to-primitive-1.3.0.tgz. Extracting by manifest.
2427 silly tarball no local data for data-view-byte-offset@https://registry.npmjs.org/data-view-byte-offset/-/data-view-byte-offset-1.0.1.tgz. Extracting by manifest.
2428 silly tarball no local data for data-view-byte-length@https://registry.npmjs.org/data-view-byte-length/-/data-view-byte-length-1.0.2.tgz. Extracting by manifest.
2429 silly tarball no local data for data-view-buffer@https://registry.npmjs.org/data-view-buffer/-/data-view-buffer-1.0.2.tgz. Extracting by manifest.
2430 silly tarball no local data for available-typed-arrays@https://registry.npmjs.org/available-typed-arrays/-/available-typed-arrays-1.0.7.tgz. Extracting by manifest.
2431 silly tarball no local data for arraybuffer.prototype.slice@https://registry.npmjs.org/arraybuffer.prototype.slice/-/arraybuffer.prototype.slice-1.0.4.tgz. Extracting by manifest.
2432 silly tarball no local data for array-buffer-byte-length@https://registry.npmjs.org/array-buffer-byte-length/-/array-buffer-byte-length-1.0.2.tgz. Extracting by manifest.
2433 silly tarball no local data for object-keys@https://registry.npmjs.org/object-keys/-/object-keys-1.1.1.tgz. Extracting by manifest.
2434 silly tarball no local data for has-property-descriptors@https://registry.npmjs.org/has-property-descriptors/-/has-property-descriptors-1.0.2.tgz. Extracting by manifest.
2435 silly tarball no local data for define-data-property@https://registry.npmjs.org/define-data-property/-/define-data-property-1.1.4.tgz. Extracting by manifest.
2436 silly tarball no local data for set-function-length@https://registry.npmjs.org/set-function-length/-/set-function-length-1.2.2.tgz. Extracting by manifest.
2437 silly tarball no local data for side-channel@https://registry.npmjs.org/side-channel/-/side-channel-1.1.0.tgz. Extracting by manifest.
2438 silly tarball no local data for set-function-name@https://registry.npmjs.org/set-function-name/-/set-function-name-2.0.2.tgz. Extracting by manifest.
2439 silly tarball no local data for regexp.prototype.flags@https://registry.npmjs.org/regexp.prototype.flags/-/regexp.prototype.flags-1.5.4.tgz. Extracting by manifest.
2440 silly tarball no local data for internal-slot@https://registry.npmjs.org/internal-slot/-/internal-slot-1.1.0.tgz. Extracting by manifest.
2441 silly tarball no local data for es-abstract@https://registry.npmjs.org/es-abstract/-/es-abstract-1.24.2.tgz. Extracting by manifest.
2442 silly tarball no local data for define-properties@https://registry.npmjs.org/define-properties/-/define-properties-1.2.1.tgz. Extracting by manifest.
2443 silly tarball no local data for call-bound@https://registry.npmjs.org/call-bound/-/call-bound-1.0.4.tgz. Extracting by manifest.
2444 silly tarball no local data for call-bind@https://registry.npmjs.org/call-bind/-/call-bind-1.0.9.tgz. Extracting by manifest.
2445 silly tarball no local data for whatwg-url@https://registry.npmjs.org/whatwg-url/-/whatwg-url-7.1.0.tgz. Extracting by manifest.
2446 silly tarball no local data for unicode-match-property-value-ecmascript@https://registry.npmjs.org/unicode-match-property-value-ecmascript/-/unicode-match-property-value-ecmascript-2.2.1.tgz. Extracting by manifest.
2447 silly tarball no local data for unicode-match-property-ecmascript@https://registry.npmjs.org/unicode-match-property-ecmascript/-/unicode-match-property-ecmascript-2.0.0.tgz. Extracting by manifest.
2448 silly tarball no local data for regjsparser@https://registry.npmjs.org/regjsparser/-/regjsparser-0.13.1.tgz. Extracting by manifest.
2449 silly tarball no local data for regjsgen@https://registry.npmjs.org/regjsgen/-/regjsgen-0.8.0.tgz. Extracting by manifest.
2450 silly tarball no local data for regenerate-unicode-properties@https://registry.npmjs.org/regenerate-unicode-properties/-/regenerate-unicode-properties-10.2.2.tgz. Extracting by manifest.
2451 silly tarball no local data for regenerate@https://registry.npmjs.org/regenerate/-/regenerate-1.4.2.tgz. Extracting by manifest.
2452 silly tarball no local data for filelist@https://registry.npmjs.org/filelist/-/filelist-1.0.6.tgz. Extracting by manifest.
2453 silly tarball no local data for async@https://registry.npmjs.org/async/-/async-3.2.6.tgz. Extracting by manifest.
2454 silly tarball no local data for universalify@https://registry.npmjs.org/universalify/-/universalify-2.0.1.tgz. Extracting by manifest.
2455 silly tarball no local data for jsonfile@https://registry.npmjs.org/jsonfile/-/jsonfile-6.2.1.tgz. Extracting by manifest.
2456 silly tarball no local data for graceful-fs@https://registry.npmjs.org/graceful-fs/-/graceful-fs-4.2.11.tgz. Extracting by manifest.
2457 silly tarball no local data for at-least-node@https://registry.npmjs.org/at-least-node/-/at-least-node-1.0.0.tgz. Extracting by manifest.
2458 silly tarball no local data for jake@https://registry.npmjs.org/jake/-/jake-10.9.4.tgz. Extracting by manifest.
2459 silly tarball no local data for lodash.debounce@https://registry.npmjs.org/lodash.debounce/-/lodash.debounce-4.0.8.tgz. Extracting by manifest.
2460 silly tarball no local data for @babel/helper-define-polyfill-provider@https://registry.npmjs.org/@babel/helper-define-polyfill-provider/-/helper-define-polyfill-provider-0.6.8.tgz. Extracting by manifest.
2461 silly tarball no local data for require-from-string@https://registry.npmjs.org/require-from-string/-/require-from-string-2.0.2.tgz. Extracting by manifest.
2462 silly tarball no local data for json-schema-traverse@https://registry.npmjs.org/json-schema-traverse/-/json-schema-traverse-1.0.0.tgz. Extracting by manifest.
2463 silly tarball no local data for fast-uri@https://registry.npmjs.org/fast-uri/-/fast-uri-3.1.2.tgz. Extracting by manifest.
2464 silly tarball no local data for fast-deep-equal@https://registry.npmjs.org/fast-deep-equal/-/fast-deep-equal-3.1.3.tgz. Extracting by manifest.
2465 silly tarball no local data for string.prototype.matchall@https://registry.npmjs.org/string.prototype.matchall/-/string.prototype.matchall-4.0.12.tgz. Extracting by manifest.
2466 silly tarball no local data for ejs@https://registry.npmjs.org/ejs/-/ejs-3.1.10.tgz. Extracting by manifest.
2467 silly tarball no local data for estree-walker@https://registry.npmjs.org/estree-walker/-/estree-walker-2.0.2.tgz. Extracting by manifest.
2468 silly tarball no local data for terser@https://registry.npmjs.org/terser/-/terser-5.48.0.tgz. Extracting by manifest.
2469 silly tarball no local data for smob@https://registry.npmjs.org/smob/-/smob-1.6.2.tgz. Extracting by manifest.
2470 silly tarball no local data for serialize-javascript@https://registry.npmjs.org/serialize-javascript/-/serialize-javascript-7.0.5.tgz. Extracting by manifest.
2471 silly tarball no local data for magic-string@https://registry.npmjs.org/magic-string/-/magic-string-0.30.21.tgz. Extracting by manifest.
2472 silly tarball no local data for is-module@https://registry.npmjs.org/is-module/-/is-module-1.0.0.tgz. Extracting by manifest.
2473 silly tarball no local data for deepmerge@https://registry.npmjs.org/deepmerge/-/deepmerge-4.3.1.tgz. Extracting by manifest.
2474 silly tarball no local data for @types/resolve@https://registry.npmjs.org/@types/resolve/-/resolve-1.20.2.tgz. Extracting by manifest.
2475 silly tarball no local data for @rollup/pluginutils@https://registry.npmjs.org/@rollup/pluginutils/-/pluginutils-5.3.0.tgz. Extracting by manifest.
2476 silly tarball no local data for esutils@https://registry.npmjs.org/esutils/-/esutils-2.0.3.tgz. Extracting by manifest.
2477 silly tarball no local data for @babel/helper-replace-supers@https://registry.npmjs.org/@babel/helper-replace-supers/-/helper-replace-supers-7.29.7.tgz. Extracting by manifest.
2478 silly tarball no local data for @babel/helper-optimise-call-expression@https://registry.npmjs.org/@babel/helper-optimise-call-expression/-/helper-optimise-call-expression-7.29.7.tgz. Extracting by manifest.
2479 silly tarball no local data for @babel/helper-member-expression-to-functions@https://registry.npmjs.org/@babel/helper-member-expression-to-functions/-/helper-member-expression-to-functions-7.29.7.tgz. Extracting by manifest.
2480 silly tarball no local data for @babel/helper-create-class-features-plugin@https://registry.npmjs.org/@babel/helper-create-class-features-plugin/-/helper-create-class-features-plugin-7.29.7.tgz. Extracting by manifest.
2481 silly tarball no local data for @babel/helper-wrap-function@https://registry.npmjs.org/@babel/helper-wrap-function/-/helper-wrap-function-7.29.7.tgz. Extracting by manifest.
2482 silly tarball no local data for @babel/helper-remap-async-to-generator@https://registry.npmjs.org/@babel/helper-remap-async-to-generator/-/helper-remap-async-to-generator-7.29.7.tgz. Extracting by manifest.
2483 silly tarball no local data for regexpu-core@https://registry.npmjs.org/regexpu-core/-/regexpu-core-6.4.0.tgz. Extracting by manifest.
2484 silly tarball no local data for @babel/helper-annotate-as-pure@https://registry.npmjs.org/@babel/helper-annotate-as-pure/-/helper-annotate-as-pure-7.29.7.tgz. Extracting by manifest.
2485 silly tarball no local data for @babel/helper-create-regexp-features-plugin@https://registry.npmjs.org/@babel/helper-create-regexp-features-plugin/-/helper-create-regexp-features-plugin-7.29.7.tgz. Extracting by manifest.
2486 silly tarball no local data for @babel/helper-skip-transparent-expression-wrappers@https://registry.npmjs.org/@babel/helper-skip-transparent-expression-wrappers/-/helper-skip-transparent-expression-wrappers-7.29.7.tgz. Extracting by manifest.
2487 silly tarball no local data for core-js-compat@https://registry.npmjs.org/core-js-compat/-/core-js-compat-3.49.0.tgz. Extracting by manifest.
2488 silly tarball no local data for babel-plugin-polyfill-regenerator@https://registry.npmjs.org/babel-plugin-polyfill-regenerator/-/babel-plugin-polyfill-regenerator-0.6.8.tgz. Extracting by manifest.
2489 silly tarball no local data for babel-plugin-polyfill-corejs3@https://registry.npmjs.org/babel-plugin-polyfill-corejs3/-/babel-plugin-polyfill-corejs3-0.14.2.tgz. Extracting by manifest.
2490 silly tarball no local data for babel-plugin-polyfill-corejs2@https://registry.npmjs.org/babel-plugin-polyfill-corejs2/-/babel-plugin-polyfill-corejs2-0.4.17.tgz. Extracting by manifest.
2491 silly tarball no local data for @babel/preset-modules@https://registry.npmjs.org/@babel/preset-modules/-/preset-modules-0.1.6-no-external-plugins.tgz. Extracting by manifest.
2492 silly tarball no local data for @babel/plugin-transform-unicode-sets-regex@https://registry.npmjs.org/@babel/plugin-transform-unicode-sets-regex/-/plugin-transform-unicode-sets-regex-7.29.7.tgz. Extracting by manifest.
2493 silly tarball no local data for @babel/plugin-transform-unicode-regex@https://registry.npmjs.org/@babel/plugin-transform-unicode-regex/-/plugin-transform-unicode-regex-7.29.7.tgz. Extracting by manifest.
2494 silly tarball no local data for @babel/plugin-transform-unicode-property-regex@https://registry.npmjs.org/@babel/plugin-transform-unicode-property-regex/-/plugin-transform-unicode-property-regex-7.29.7.tgz. Extracting by manifest.
2495 silly tarball no local data for @babel/plugin-transform-unicode-escapes@https://registry.npmjs.org/@babel/plugin-transform-unicode-escapes/-/plugin-transform-unicode-escapes-7.29.7.tgz. Extracting by manifest.
2496 silly tarball no local data for @babel/plugin-transform-typeof-symbol@https://registry.npmjs.org/@babel/plugin-transform-typeof-symbol/-/plugin-transform-typeof-symbol-7.29.7.tgz. Extracting by manifest.
2497 silly tarball no local data for @babel/plugin-transform-template-literals@https://registry.npmjs.org/@babel/plugin-transform-template-literals/-/plugin-transform-template-literals-7.29.7.tgz. Extracting by manifest.
2498 silly tarball no local data for @babel/plugin-transform-sticky-regex@https://registry.npmjs.org/@babel/plugin-transform-sticky-regex/-/plugin-transform-sticky-regex-7.29.7.tgz. Extracting by manifest.
2499 silly tarball no local data for @babel/plugin-transform-spread@https://registry.npmjs.org/@babel/plugin-transform-spread/-/plugin-transform-spread-7.29.7.tgz. Extracting by manifest.
2500 silly tarball no local data for @babel/plugin-transform-shorthand-properties@https://registry.npmjs.org/@babel/plugin-transform-shorthand-properties/-/plugin-transform-shorthand-properties-7.29.7.tgz. Extracting by manifest.
2501 silly tarball no local data for @babel/plugin-transform-reserved-words@https://registry.npmjs.org/@babel/plugin-transform-reserved-words/-/plugin-transform-reserved-words-7.29.7.tgz. Extracting by manifest.
2502 silly tarball no local data for @babel/plugin-transform-regexp-modifiers@https://registry.npmjs.org/@babel/plugin-transform-regexp-modifiers/-/plugin-transform-regexp-modifiers-7.29.7.tgz. Extracting by manifest.
2503 silly tarball no local data for @babel/plugin-transform-regenerator@https://registry.npmjs.org/@babel/plugin-transform-regenerator/-/plugin-transform-regenerator-7.29.7.tgz. Extracting by manifest.
2504 silly tarball no local data for @babel/plugin-transform-property-literals@https://registry.npmjs.org/@babel/plugin-transform-property-literals/-/plugin-transform-property-literals-7.29.7.tgz. Extracting by manifest.
2505 silly tarball no local data for @babel/plugin-transform-private-property-in-object@https://registry.npmjs.org/@babel/plugin-transform-private-property-in-object/-/plugin-transform-private-property-in-object-7.29.7.tgz. Extracting by manifest.
2506 silly tarball no local data for @babel/plugin-transform-private-methods@https://registry.npmjs.org/@babel/plugin-transform-private-methods/-/plugin-transform-private-methods-7.29.7.tgz. Extracting by manifest.
2507 silly tarball no local data for @babel/plugin-transform-parameters@https://registry.npmjs.org/@babel/plugin-transform-parameters/-/plugin-transform-parameters-7.29.7.tgz. Extracting by manifest.
2508 silly tarball no local data for @babel/plugin-transform-optional-chaining@https://registry.npmjs.org/@babel/plugin-transform-optional-chaining/-/plugin-transform-optional-chaining-7.29.7.tgz. Extracting by manifest.
2509 silly tarball no local data for @babel/plugin-transform-optional-catch-binding@https://registry.npmjs.org/@babel/plugin-transform-optional-catch-binding/-/plugin-transform-optional-catch-binding-7.29.7.tgz. Extracting by manifest.
2510 silly tarball no local data for @babel/plugin-transform-object-super@https://registry.npmjs.org/@babel/plugin-transform-object-super/-/plugin-transform-object-super-7.29.7.tgz. Extracting by manifest.
2511 silly tarball no local data for @babel/plugin-transform-object-rest-spread@https://registry.npmjs.org/@babel/plugin-transform-object-rest-spread/-/plugin-transform-object-rest-spread-7.29.7.tgz. Extracting by manifest.
2512 silly tarball no local data for @babel/plugin-transform-numeric-separator@https://registry.npmjs.org/@babel/plugin-transform-numeric-separator/-/plugin-transform-numeric-separator-7.29.7.tgz. Extracting by manifest.
2513 silly tarball no local data for @babel/plugin-transform-nullish-coalescing-operator@https://registry.npmjs.org/@babel/plugin-transform-nullish-coalescing-operator/-/plugin-transform-nullish-coalescing-operator-7.29.7.tgz. Extracting by manifest.
2514 silly tarball no local data for @babel/plugin-transform-new-target@https://registry.npmjs.org/@babel/plugin-transform-new-target/-/plugin-transform-new-target-7.29.7.tgz. Extracting by manifest.
2515 silly tarball no local data for @babel/plugin-transform-named-capturing-groups-regex@https://registry.npmjs.org/@babel/plugin-transform-named-capturing-groups-regex/-/plugin-transform-named-capturing-groups-regex-7.29.7.tgz. Extracting by manifest.
2516 silly tarball no local data for @babel/plugin-transform-modules-umd@https://registry.npmjs.org/@babel/plugin-transform-modules-umd/-/plugin-transform-modules-umd-7.29.7.tgz. Extracting by manifest.
2517 silly tarball no local data for @babel/plugin-transform-modules-systemjs@https://registry.npmjs.org/@babel/plugin-transform-modules-systemjs/-/plugin-transform-modules-systemjs-7.29.7.tgz. Extracting by manifest.
2518 silly tarball no local data for @babel/plugin-transform-modules-commonjs@https://registry.npmjs.org/@babel/plugin-transform-modules-commonjs/-/plugin-transform-modules-commonjs-7.29.7.tgz. Extracting by manifest.
2519 silly tarball no local data for @babel/plugin-transform-modules-amd@https://registry.npmjs.org/@babel/plugin-transform-modules-amd/-/plugin-transform-modules-amd-7.29.7.tgz. Extracting by manifest.
2520 silly tarball no local data for @babel/plugin-transform-member-expression-literals@https://registry.npmjs.org/@babel/plugin-transform-member-expression-literals/-/plugin-transform-member-expression-literals-7.29.7.tgz. Extracting by manifest.
2521 silly tarball no local data for @babel/plugin-transform-logical-assignment-operators@https://registry.npmjs.org/@babel/plugin-transform-logical-assignment-operators/-/plugin-transform-logical-assignment-operators-7.29.7.tgz. Extracting by manifest.
2522 silly tarball no local data for @babel/plugin-transform-literals@https://registry.npmjs.org/@babel/plugin-transform-literals/-/plugin-transform-literals-7.29.7.tgz. Extracting by manifest.
2523 silly tarball no local data for @babel/plugin-transform-json-strings@https://registry.npmjs.org/@babel/plugin-transform-json-strings/-/plugin-transform-json-strings-7.29.7.tgz. Extracting by manifest.
2524 silly tarball no local data for @babel/plugin-transform-function-name@https://registry.npmjs.org/@babel/plugin-transform-function-name/-/plugin-transform-function-name-7.29.7.tgz. Extracting by manifest.
2525 silly tarball no local data for @babel/plugin-transform-for-of@https://registry.npmjs.org/@babel/plugin-transform-for-of/-/plugin-transform-for-of-7.29.7.tgz. Extracting by manifest.
2526 silly tarball no local data for @babel/plugin-transform-export-namespace-from@https://registry.npmjs.org/@babel/plugin-transform-export-namespace-from/-/plugin-transform-export-namespace-from-7.29.7.tgz. Extracting by manifest.
2527 silly tarball no local data for @babel/plugin-transform-exponentiation-operator@https://registry.npmjs.org/@babel/plugin-transform-exponentiation-operator/-/plugin-transform-exponentiation-operator-7.29.7.tgz. Extracting by manifest.
2528 silly tarball no local data for @babel/plugin-transform-explicit-resource-management@https://registry.npmjs.org/@babel/plugin-transform-explicit-resource-management/-/plugin-transform-explicit-resource-management-7.29.7.tgz. Extracting by manifest.
2529 silly tarball no local data for @babel/plugin-transform-dynamic-import@https://registry.npmjs.org/@babel/plugin-transform-dynamic-import/-/plugin-transform-dynamic-import-7.29.7.tgz. Extracting by manifest.
2530 silly tarball no local data for @babel/plugin-transform-duplicate-named-capturing-groups-regex@https://registry.npmjs.org/@babel/plugin-transform-duplicate-named-capturing-groups-regex/-/plugin-transform-duplicate-named-capturing-groups-regex-7.29.7.tgz. Extracting by manifest.
2531 silly tarball no local data for @babel/plugin-transform-duplicate-keys@https://registry.npmjs.org/@babel/plugin-transform-duplicate-keys/-/plugin-transform-duplicate-keys-7.29.7.tgz. Extracting by manifest.
2532 silly tarball no local data for @babel/plugin-transform-dotall-regex@https://registry.npmjs.org/@babel/plugin-transform-dotall-regex/-/plugin-transform-dotall-regex-7.29.7.tgz. Extracting by manifest.
2533 silly tarball no local data for @babel/plugin-transform-destructuring@https://registry.npmjs.org/@babel/plugin-transform-destructuring/-/plugin-transform-destructuring-7.29.7.tgz. Extracting by manifest.
2534 silly tarball no local data for @babel/plugin-transform-computed-properties@https://registry.npmjs.org/@babel/plugin-transform-computed-properties/-/plugin-transform-computed-properties-7.29.7.tgz. Extracting by manifest.
2535 silly tarball no local data for @babel/plugin-transform-classes@https://registry.npmjs.org/@babel/plugin-transform-classes/-/plugin-transform-classes-7.29.7.tgz. Extracting by manifest.
2536 silly tarball no local data for @babel/plugin-transform-class-static-block@https://registry.npmjs.org/@babel/plugin-transform-class-static-block/-/plugin-transform-class-static-block-7.29.7.tgz. Extracting by manifest.
2537 silly tarball no local data for @babel/plugin-transform-class-properties@https://registry.npmjs.org/@babel/plugin-transform-class-properties/-/plugin-transform-class-properties-7.29.7.tgz. Extracting by manifest.
2538 silly tarball no local data for @babel/plugin-transform-block-scoping@https://registry.npmjs.org/@babel/plugin-transform-block-scoping/-/plugin-transform-block-scoping-7.29.7.tgz. Extracting by manifest.
2539 silly tarball no local data for @babel/plugin-transform-block-scoped-functions@https://registry.npmjs.org/@babel/plugin-transform-block-scoped-functions/-/plugin-transform-block-scoped-functions-7.29.7.tgz. Extracting by manifest.
2540 silly tarball no local data for @babel/plugin-transform-async-to-generator@https://registry.npmjs.org/@babel/plugin-transform-async-to-generator/-/plugin-transform-async-to-generator-7.29.7.tgz. Extracting by manifest.
2541 silly tarball no local data for @babel/plugin-transform-async-generator-functions@https://registry.npmjs.org/@babel/plugin-transform-async-generator-functions/-/plugin-transform-async-generator-functions-7.29.7.tgz. Extracting by manifest.
2542 silly tarball no local data for @babel/plugin-transform-arrow-functions@https://registry.npmjs.org/@babel/plugin-transform-arrow-functions/-/plugin-transform-arrow-functions-7.29.7.tgz. Extracting by manifest.
2543 silly tarball no local data for @babel/plugin-syntax-unicode-sets-regex@https://registry.npmjs.org/@babel/plugin-syntax-unicode-sets-regex/-/plugin-syntax-unicode-sets-regex-7.18.6.tgz. Extracting by manifest.
2544 silly tarball no local data for @babel/plugin-syntax-import-attributes@https://registry.npmjs.org/@babel/plugin-syntax-import-attributes/-/plugin-syntax-import-attributes-7.29.7.tgz. Extracting by manifest.
2545 silly tarball no local data for @babel/plugin-syntax-import-assertions@https://registry.npmjs.org/@babel/plugin-syntax-import-assertions/-/plugin-syntax-import-assertions-7.29.7.tgz. Extracting by manifest.
2546 silly tarball no local data for @babel/plugin-proposal-private-property-in-object@https://registry.npmjs.org/@babel/plugin-proposal-private-property-in-object/-/plugin-proposal-private-property-in-object-7.21.0-placeholder-for-preset-env.2.tgz. Extracting by manifest.
2547 silly tarball no local data for @babel/plugin-bugfix-v8-static-class-fields-redefine-readonly@https://registry.npmjs.org/@babel/plugin-bugfix-v8-static-class-fields-redefine-readonly/-/plugin-bugfix-v8-static-class-fields-redefine-readonly-7.29.7.tgz. Extracting by manifest.
2548 silly tarball no local data for @babel/plugin-bugfix-v8-spread-parameters-in-optional-chaining@https://registry.npmjs.org/@babel/plugin-bugfix-v8-spread-parameters-in-optional-chaining/-/plugin-bugfix-v8-spread-parameters-in-optional-chaining-7.29.7.tgz. Extracting by manifest.
2549 silly tarball no local data for @babel/plugin-bugfix-safari-rest-destructuring-rhs-array@https://registry.npmjs.org/@babel/plugin-bugfix-safari-rest-destructuring-rhs-array/-/plugin-bugfix-safari-rest-destructuring-rhs-array-7.29.7.tgz. Extracting by manifest.
2550 silly tarball no local data for @babel/plugin-bugfix-safari-id-destructuring-collision-in-function-expression@https://registry.npmjs.org/@babel/plugin-bugfix-safari-id-destructuring-collision-in-function-expression/-/plugin-bugfix-safari-id-destructuring-collision-in-function-expression-7.29.7.tgz. Extracting by manifest.
2551 silly tarball no local data for @babel/plugin-bugfix-safari-class-field-initializer-scope@https://registry.npmjs.org/@babel/plugin-bugfix-safari-class-field-initializer-scope/-/plugin-bugfix-safari-class-field-initializer-scope-7.29.7.tgz. Extracting by manifest.
2552 silly tarball no local data for @babel/plugin-bugfix-firefox-class-in-computed-class-key@https://registry.npmjs.org/@babel/plugin-bugfix-firefox-class-in-computed-class-key/-/plugin-bugfix-firefox-class-in-computed-class-key-7.29.7.tgz. Extracting by manifest.
2553 silly tarball no local data for leven@https://registry.npmjs.org/leven/-/leven-3.1.0.tgz. Extracting by manifest.
2554 silly tarball no local data for jsonpointer@https://registry.npmjs.org/jsonpointer/-/jsonpointer-5.0.1.tgz. Extracting by manifest.
2555 silly tarball no local data for workbox-sw@https://registry.npmjs.org/workbox-sw/-/workbox-sw-7.4.1.tgz. Extracting by manifest.
2556 silly tarball no local data for workbox-streams@https://registry.npmjs.org/workbox-streams/-/workbox-streams-7.4.1.tgz. Extracting by manifest.
2557 silly tarball no local data for workbox-strategies@https://registry.npmjs.org/workbox-strategies/-/workbox-strategies-7.4.1.tgz. Extracting by manifest.
2558 silly tarball no local data for workbox-routing@https://registry.npmjs.org/workbox-routing/-/workbox-routing-7.4.1.tgz. Extracting by manifest.
2559 silly tarball no local data for workbox-recipes@https://registry.npmjs.org/workbox-recipes/-/workbox-recipes-7.4.1.tgz. Extracting by manifest.
2560 silly tarball no local data for workbox-range-requests@https://registry.npmjs.org/workbox-range-requests/-/workbox-range-requests-7.4.1.tgz. Extracting by manifest.
2561 silly tarball no local data for workbox-precaching@https://registry.npmjs.org/workbox-precaching/-/workbox-precaching-7.4.1.tgz. Extracting by manifest.
2562 silly tarball no local data for workbox-navigation-preload@https://registry.npmjs.org/workbox-navigation-preload/-/workbox-navigation-preload-7.4.1.tgz. Extracting by manifest.
2563 silly tarball no local data for workbox-google-analytics@https://registry.npmjs.org/workbox-google-analytics/-/workbox-google-analytics-7.4.1.tgz. Extracting by manifest.
2564 silly tarball no local data for workbox-expiration@https://registry.npmjs.org/workbox-expiration/-/workbox-expiration-7.4.1.tgz. Extracting by manifest.
2565 silly tarball no local data for workbox-core@https://registry.npmjs.org/workbox-core/-/workbox-core-7.4.1.tgz. Extracting by manifest.
2566 silly tarball no local data for workbox-cacheable-response@https://registry.npmjs.org/workbox-cacheable-response/-/workbox-cacheable-response-7.4.1.tgz. Extracting by manifest.
2567 silly tarball no local data for workbox-broadcast-update@https://registry.npmjs.org/workbox-broadcast-update/-/workbox-broadcast-update-7.4.1.tgz. Extracting by manifest.
2568 silly tarball no local data for workbox-background-sync@https://registry.npmjs.org/workbox-background-sync/-/workbox-background-sync-7.4.1.tgz. Extracting by manifest.
2569 silly tarball no local data for upath@https://registry.npmjs.org/upath/-/upath-1.2.0.tgz. Extracting by manifest.
2570 silly tarball no local data for tempy@https://registry.npmjs.org/tempy/-/tempy-0.6.0.tgz. Extracting by manifest.
2571 silly tarball no local data for strip-comments@https://registry.npmjs.org/strip-comments/-/strip-comments-2.0.1.tgz. Extracting by manifest.
2572 silly tarball no local data for stringify-object@https://registry.npmjs.org/stringify-object/-/stringify-object-3.3.0.tgz. Extracting by manifest.
2573 silly tarball no local data for source-map@https://registry.npmjs.org/source-map/-/source-map-0.8.0-beta.0.tgz. Extracting by manifest.
2574 silly tarball no local data for fs-extra@https://registry.npmjs.org/fs-extra/-/fs-extra-9.1.0.tgz. Extracting by manifest.
2575 silly tarball no local data for fast-json-stable-stringify@https://registry.npmjs.org/fast-json-stable-stringify/-/fast-json-stable-stringify-2.1.0.tgz. Extracting by manifest.
2576 silly tarball no local data for eta@https://registry.npmjs.org/eta/-/eta-4.6.0.tgz. Extracting by manifest.
2577 silly tarball no local data for common-tags@https://registry.npmjs.org/common-tags/-/common-tags-1.8.2.tgz. Extracting by manifest.
2578 silly tarball no local data for @trickfilm400/rollup-plugin-off-main-thread@https://registry.npmjs.org/@trickfilm400/rollup-plugin-off-main-thread/-/rollup-plugin-off-main-thread-3.0.0-pre1.tgz. Extracting by manifest.
2579 silly tarball no local data for @rollup/plugin-terser@https://registry.npmjs.org/@rollup/plugin-terser/-/plugin-terser-1.0.0.tgz. Extracting by manifest.
2580 silly tarball no local data for @rollup/plugin-replace@https://registry.npmjs.org/@rollup/plugin-replace/-/plugin-replace-6.0.3.tgz. Extracting by manifest.
2581 silly tarball no local data for @rollup/plugin-node-resolve@https://registry.npmjs.org/@rollup/plugin-node-resolve/-/plugin-node-resolve-16.0.3.tgz. Extracting by manifest.
2582 silly tarball no local data for @rollup/plugin-babel@https://registry.npmjs.org/@rollup/plugin-babel/-/plugin-babel-6.1.0.tgz. Extracting by manifest.
2583 silly tarball no local data for @babel/preset-env@https://registry.npmjs.org/@babel/preset-env/-/preset-env-7.29.7.tgz. Extracting by manifest.
2584 silly tarball no local data for ajv@https://registry.npmjs.org/ajv/-/ajv-8.20.0.tgz. Extracting by manifest.
2585 silly tarball no local data for @apideck/better-ajv-errors@https://registry.npmjs.org/@apideck/better-ajv-errors/-/better-ajv-errors-0.3.7.tgz. Extracting by manifest.
2586 silly tarball no local data for workbox-window@https://registry.npmjs.org/workbox-window/-/workbox-window-7.4.1.tgz. Extracting by manifest.
2587 silly tarball no local data for workbox-build@https://registry.npmjs.org/workbox-build/-/workbox-build-7.4.1.tgz. Extracting by manifest.
2588 silly tarball no local data for pretty-bytes@https://registry.npmjs.org/pretty-bytes/-/pretty-bytes-6.1.1.tgz. Extracting by manifest.
2589 silly tarball no local data for @types/estree@https://registry.npmjs.org/@types/estree/-/estree-1.0.8.tgz. Extracting by manifest.
2590 silly tarball no local data for @rollup/rollup-linux-x64-musl@https://registry.npmjs.org/@rollup/rollup-linux-x64-musl/-/rollup-linux-x64-musl-4.60.4.tgz. Extracting by manifest.
2591 silly tarball no local data for @rollup/rollup-linux-x64-gnu@https://registry.npmjs.org/@rollup/rollup-linux-x64-gnu/-/rollup-linux-x64-gnu-4.60.4.tgz. Extracting by manifest.
2592 silly tarball no local data for @esbuild/linux-x64@https://registry.npmjs.org/@esbuild/linux-x64/-/linux-x64-0.21.5.tgz. Extracting by manifest.
2593 silly tarball no local data for rollup@https://registry.npmjs.org/rollup/-/rollup-4.60.4.tgz. Extracting by manifest.
2594 silly tarball no local data for esbuild@https://registry.npmjs.org/esbuild/-/esbuild-0.21.5.tgz. Extracting by manifest.
2595 silly tarball no local data for escalade@https://registry.npmjs.org/escalade/-/escalade-3.2.0.tgz. Extracting by manifest.
2596 silly tarball no local data for is-number@https://registry.npmjs.org/is-number/-/is-number-7.0.0.tgz. Extracting by manifest.
2597 silly tarball no local data for thenify@https://registry.npmjs.org/thenify/-/thenify-3.3.1.tgz. Extracting by manifest.
2598 silly tarball no local data for thenify-all@https://registry.npmjs.org/thenify-all/-/thenify-all-1.6.0.tgz. Extracting by manifest.
2599 silly tarball no local data for any-promise@https://registry.npmjs.org/any-promise/-/any-promise-1.3.0.tgz. Extracting by manifest.
2600 silly tarball no local data for ts-interface-checker@https://registry.npmjs.org/ts-interface-checker/-/ts-interface-checker-0.1.13.tgz. Extracting by manifest.
2601 silly tarball no local data for tinyglobby@https://registry.npmjs.org/tinyglobby/-/tinyglobby-0.2.16.tgz. Extracting by manifest.
2602 silly tarball no local data for pirates@https://registry.npmjs.org/pirates/-/pirates-4.0.7.tgz. Extracting by manifest.
2603 silly tarball no local data for mz@https://registry.npmjs.org/mz/-/mz-2.7.0.tgz. Extracting by manifest.
2604 silly tarball no local data for lines-and-columns@https://registry.npmjs.org/lines-and-columns/-/lines-and-columns-1.2.4.tgz. Extracting by manifest.
2605 silly tarball no local data for commander@https://registry.npmjs.org/commander/-/commander-4.1.1.tgz. Extracting by manifest.
2606 silly tarball no local data for queue-microtask@https://registry.npmjs.org/queue-microtask/-/queue-microtask-1.2.3.tgz. Extracting by manifest.
2607 silly tarball no local data for supports-preserve-symlinks-flag@https://registry.npmjs.org/supports-preserve-symlinks-flag/-/supports-preserve-symlinks-flag-1.0.0.tgz. Extracting by manifest.
2608 silly tarball no local data for path-parse@https://registry.npmjs.org/path-parse/-/path-parse-1.0.7.tgz. Extracting by manifest.
2609 silly tarball no local data for is-core-module@https://registry.npmjs.org/is-core-module/-/is-core-module-2.16.2.tgz. Extracting by manifest.
2610 silly tarball no local data for pify@https://registry.npmjs.org/pify/-/pify-2.3.0.tgz. Extracting by manifest.
2611 silly tarball no local data for camelcase-css@https://registry.npmjs.org/camelcase-css/-/camelcase-css-2.0.1.tgz. Extracting by manifest.
2612 silly tarball no local data for read-cache@https://registry.npmjs.org/read-cache/-/read-cache-1.0.0.tgz. Extracting by manifest.
2613 silly tarball no local data for is-extglob@https://registry.npmjs.org/is-extglob/-/is-extglob-2.1.1.tgz. Extracting by manifest.
2614 silly tarball no local data for binary-extensions@https://registry.npmjs.org/binary-extensions/-/binary-extensions-2.3.0.tgz. Extracting by manifest.
2615 silly tarball no local data for to-regex-range@https://registry.npmjs.org/to-regex-range/-/to-regex-range-5.0.1.tgz. Extracting by manifest.
2616 silly tarball no local data for reusify@https://registry.npmjs.org/reusify/-/reusify-1.1.0.tgz. Extracting by manifest.
2617 silly tarball no local data for run-parallel@https://registry.npmjs.org/run-parallel/-/run-parallel-1.2.0.tgz. Extracting by manifest.
2618 silly tarball no local data for fastq@https://registry.npmjs.org/fastq/-/fastq-1.20.1.tgz. Extracting by manifest.
2619 silly tarball no local data for @nodelib/fs.scandir@https://registry.npmjs.org/@nodelib/fs.scandir/-/fs.scandir-2.1.5.tgz. Extracting by manifest.
2620 silly tarball no local data for merge2@https://registry.npmjs.org/merge2/-/merge2-1.4.1.tgz. Extracting by manifest.
2621 silly tarball no local data for @nodelib/fs.walk@https://registry.npmjs.org/@nodelib/fs.walk/-/fs.walk-1.2.8.tgz. Extracting by manifest.
2622 silly tarball no local data for @nodelib/fs.stat@https://registry.npmjs.org/@nodelib/fs.stat/-/fs.stat-2.0.5.tgz. Extracting by manifest.
2623 silly tarball no local data for fill-range@https://registry.npmjs.org/fill-range/-/fill-range-7.1.1.tgz. Extracting by manifest.
2624 silly tarball no local data for picomatch@https://registry.npmjs.org/picomatch/-/picomatch-2.3.2.tgz. Extracting by manifest.
2625 silly tarball no local data for readdirp@https://registry.npmjs.org/readdirp/-/readdirp-3.6.0.tgz. Extracting by manifest.
2626 silly tarball no local data for is-binary-path@https://registry.npmjs.org/is-binary-path/-/is-binary-path-2.1.0.tgz. Extracting by manifest.
2627 silly tarball no local data for braces@https://registry.npmjs.org/braces/-/braces-3.0.3.tgz. Extracting by manifest.
2628 silly tarball no local data for anymatch@https://registry.npmjs.org/anymatch/-/anymatch-3.1.3.tgz. Extracting by manifest.
2629 silly tarball no local data for sucrase@https://registry.npmjs.org/sucrase/-/sucrase-3.35.1.tgz. Extracting by manifest.
2630 silly tarball no local data for resolve@https://registry.npmjs.org/resolve/-/resolve-1.22.12.tgz. Extracting by manifest.
2631 silly tarball no local data for postcss-nested@https://registry.npmjs.org/postcss-nested/-/postcss-nested-6.2.0.tgz. Extracting by manifest.
2632 silly tarball no local data for postcss-load-config@https://registry.npmjs.org/postcss-load-config/-/postcss-load-config-6.0.1.tgz. Extracting by manifest.
2633 silly tarball no local data for postcss-js@https://registry.npmjs.org/postcss-js/-/postcss-js-4.1.0.tgz. Extracting by manifest.
2634 silly tarball no local data for postcss-import@https://registry.npmjs.org/postcss-import/-/postcss-import-15.1.0.tgz. Extracting by manifest.
2635 silly tarball no local data for object-hash@https://registry.npmjs.org/object-hash/-/object-hash-3.0.0.tgz. Extracting by manifest.
2636 silly tarball no local data for normalize-path@https://registry.npmjs.org/normalize-path/-/normalize-path-3.0.0.tgz. Extracting by manifest.
2637 silly tarball no local data for micromatch@https://registry.npmjs.org/micromatch/-/micromatch-4.0.8.tgz. Extracting by manifest.
2638 silly tarball no local data for lilconfig@https://registry.npmjs.org/lilconfig/-/lilconfig-3.1.3.tgz. Extracting by manifest.
2639 silly tarball no local data for jiti@https://registry.npmjs.org/jiti/-/jiti-1.21.7.tgz. Extracting by manifest.
2640 silly tarball no local data for is-glob@https://registry.npmjs.org/is-glob/-/is-glob-4.0.3.tgz. Extracting by manifest.
2641 silly tarball no local data for glob-parent@https://registry.npmjs.org/glob-parent/-/glob-parent-6.0.2.tgz. Extracting by manifest.
2642 silly tarball no local data for fast-glob@https://registry.npmjs.org/fast-glob/-/fast-glob-3.3.3.tgz. Extracting by manifest.
2643 silly tarball no local data for dlv@https://registry.npmjs.org/dlv/-/dlv-1.1.3.tgz. Extracting by manifest.
2644 silly tarball no local data for didyoumean@https://registry.npmjs.org/didyoumean/-/didyoumean-1.2.2.tgz. Extracting by manifest.
2645 silly tarball no local data for chokidar@https://registry.npmjs.org/chokidar/-/chokidar-3.6.0.tgz. Extracting by manifest.
2646 silly tarball no local data for arg@https://registry.npmjs.org/arg/-/arg-5.0.2.tgz. Extracting by manifest.
2647 silly tarball no local data for @alloc/quick-lru@https://registry.npmjs.org/@alloc/quick-lru/-/quick-lru-5.2.0.tgz. Extracting by manifest.
2648 silly tarball no local data for xmlhttprequest-ssl@https://registry.npmjs.org/xmlhttprequest-ssl/-/xmlhttprequest-ssl-2.1.2.tgz. Extracting by manifest.
2649 silly tarball no local data for ws@https://registry.npmjs.org/ws/-/ws-8.20.1.tgz. Extracting by manifest.
2650 silly tarball no local data for engine.io-parser@https://registry.npmjs.org/engine.io-parser/-/engine.io-parser-5.2.3.tgz. Extracting by manifest.
2651 silly tarball no local data for socket.io-parser@https://registry.npmjs.org/socket.io-parser/-/socket.io-parser-4.2.6.tgz. Extracting by manifest.
2652 silly tarball no local data for engine.io-client@https://registry.npmjs.org/engine.io-client/-/engine.io-client-6.6.5.tgz. Extracting by manifest.
2653 silly tarball no local data for @socket.io/component-emitter@https://registry.npmjs.org/@socket.io/component-emitter/-/component-emitter-3.1.2.tgz. Extracting by manifest.
2654 silly tarball no local data for concat-map@https://registry.npmjs.org/concat-map/-/concat-map-0.0.1.tgz. Extracting by manifest.
2655 silly tarball no local data for balanced-match@https://registry.npmjs.org/balanced-match/-/balanced-match-1.0.2.tgz. Extracting by manifest.
2656 silly tarball no local data for brace-expansion@https://registry.npmjs.org/brace-expansion/-/brace-expansion-1.1.14.tgz. Extracting by manifest.
2657 silly tarball no local data for wrappy@https://registry.npmjs.org/wrappy/-/wrappy-1.0.2.tgz. Extracting by manifest.
2658 silly tarball no local data for path-is-absolute@https://registry.npmjs.org/path-is-absolute/-/path-is-absolute-1.0.1.tgz. Extracting by manifest.
2659 silly tarball no local data for once@https://registry.npmjs.org/once/-/once-1.4.0.tgz. Extracting by manifest.
2660 silly tarball no local data for minimatch@https://registry.npmjs.org/minimatch/-/minimatch-3.1.5.tgz. Extracting by manifest.
2661 silly tarball no local data for inherits@https://registry.npmjs.org/inherits/-/inherits-2.0.4.tgz. Extracting by manifest.
2662 silly tarball no local data for inflight@https://registry.npmjs.org/inflight/-/inflight-1.0.6.tgz. Extracting by manifest.
2663 silly tarball no local data for fs.realpath@https://registry.npmjs.org/fs.realpath/-/fs.realpath-1.0.0.tgz. Extracting by manifest.
2664 silly tarball no local data for glob@https://registry.npmjs.org/glob/-/glob-7.2.3.tgz. Extracting by manifest.
2665 silly tarball no local data for react-is@https://registry.npmjs.org/react-is/-/react-is-16.13.1.tgz. Extracting by manifest.
2666 silly tarball no local data for object-assign@https://registry.npmjs.org/object-assign/-/object-assign-4.1.1.tgz. Extracting by manifest.
2667 silly tarball no local data for react-lifecycles-compat@https://registry.npmjs.org/react-lifecycles-compat/-/react-lifecycles-compat-3.0.4.tgz. Extracting by manifest.
2668 silly tarball no local data for prop-types@https://registry.npmjs.org/prop-types/-/prop-types-15.8.1.tgz. Extracting by manifest.
2669 silly tarball no local data for dom-helpers@https://registry.npmjs.org/dom-helpers/-/dom-helpers-5.2.1.tgz. Extracting by manifest.
2670 silly tarball no local data for clsx@https://registry.npmjs.org/clsx/-/clsx-1.2.1.tgz. Extracting by manifest.
2671 silly tarball no local data for react-router@https://registry.npmjs.org/react-router/-/react-router-6.30.3.tgz. Extracting by manifest.
2672 silly tarball no local data for @remix-run/router@https://registry.npmjs.org/@remix-run/router/-/router-1.23.2.tgz. Extracting by manifest.
2673 silly tarball no local data for big-integer@https://registry.npmjs.org/big-integer/-/big-integer-1.6.52.tgz. Extracting by manifest.
2674 silly tarball no local data for remove-accents@https://registry.npmjs.org/remove-accents/-/remove-accents-0.5.0.tgz. Extracting by manifest.
2675 silly tarball no local data for unload@https://registry.npmjs.org/unload/-/unload-2.2.0.tgz. Extracting by manifest.
2676 silly tarball no local data for rimraf@https://registry.npmjs.org/rimraf/-/rimraf-3.0.2.tgz. Extracting by manifest.
2677 silly tarball no local data for oblivious-set@https://registry.npmjs.org/oblivious-set/-/oblivious-set-1.0.0.tgz. Extracting by manifest.
2678 silly tarball no local data for nano-time@https://registry.npmjs.org/nano-time/-/nano-time-1.0.0.tgz. Extracting by manifest.
2679 silly tarball no local data for microseconds@https://registry.npmjs.org/microseconds/-/microseconds-0.2.0.tgz. Extracting by manifest.
2680 silly tarball no local data for js-sha3@https://registry.npmjs.org/js-sha3/-/js-sha3-0.8.0.tgz. Extracting by manifest.
2681 silly tarball no local data for detect-node@https://registry.npmjs.org/detect-node/-/detect-node-2.1.0.tgz. Extracting by manifest.
2682 silly tarball no local data for match-sorter@https://registry.npmjs.org/match-sorter/-/match-sorter-6.3.4.tgz. Extracting by manifest.
2683 silly tarball no local data for broadcast-channel@https://registry.npmjs.org/broadcast-channel/-/broadcast-channel-3.7.0.tgz. Extracting by manifest.
2684 silly tarball no local data for goober@https://registry.npmjs.org/goober/-/goober-2.1.19.tgz. Extracting by manifest.
2685 silly tarball no local data for scheduler@https://registry.npmjs.org/scheduler/-/scheduler-0.23.2.tgz. Extracting by manifest.
2686 silly tarball no local data for loose-envify@https://registry.npmjs.org/loose-envify/-/loose-envify-1.4.0.tgz. Extracting by manifest.
2687 silly tarball no local data for util-deprecate@https://registry.npmjs.org/util-deprecate/-/util-deprecate-1.0.2.tgz. Extracting by manifest.
2688 silly tarball no local data for cssesc@https://registry.npmjs.org/cssesc/-/cssesc-3.0.0.tgz. Extracting by manifest.
2689 silly tarball no local data for source-map-js@https://registry.npmjs.org/source-map-js/-/source-map-js-1.2.1.tgz. Extracting by manifest.
2690 silly tarball no local data for nanoid@https://registry.npmjs.org/nanoid/-/nanoid-3.3.12.tgz. Extracting by manifest.
2691 silly tarball no local data for mime-db@https://registry.npmjs.org/mime-db/-/mime-db-1.52.0.tgz. Extracting by manifest.
2692 silly tarball no local data for yallist@https://registry.npmjs.org/yallist/-/yallist-3.1.1.tgz. Extracting by manifest.
2693 silly tarball no local data for agent-base@https://registry.npmjs.org/agent-base/-/agent-base-6.0.2.tgz. Extracting by manifest.
2694 silly tarball no local data for dunder-proto@https://registry.npmjs.org/dunder-proto/-/dunder-proto-1.0.1.tgz. Extracting by manifest.
2695 silly tarball no local data for math-intrinsics@https://registry.npmjs.org/math-intrinsics/-/math-intrinsics-1.1.0.tgz. Extracting by manifest.
2696 silly tarball no local data for has-symbols@https://registry.npmjs.org/has-symbols/-/has-symbols-1.1.0.tgz. Extracting by manifest.
2697 silly tarball no local data for gopd@https://registry.npmjs.org/gopd/-/gopd-1.2.0.tgz. Extracting by manifest.
2698 silly tarball no local data for get-proto@https://registry.npmjs.org/get-proto/-/get-proto-1.0.1.tgz. Extracting by manifest.
2699 silly tarball no local data for function-bind@https://registry.npmjs.org/function-bind/-/function-bind-1.1.2.tgz. Extracting by manifest.
2700 silly tarball no local data for es-object-atoms@https://registry.npmjs.org/es-object-atoms/-/es-object-atoms-1.1.2.tgz. Extracting by manifest.
2701 silly tarball no local data for es-define-property@https://registry.npmjs.org/es-define-property/-/es-define-property-1.0.1.tgz. Extracting by manifest.
2702 silly tarball no local data for call-bind-apply-helpers@https://registry.npmjs.org/call-bind-apply-helpers/-/call-bind-apply-helpers-1.0.2.tgz. Extracting by manifest.
2703 silly tarball no local data for @emotion/memoize@https://registry.npmjs.org/@emotion/memoize/-/memoize-0.7.4.tgz. Extracting by manifest.
2704 silly tarball no local data for tslib@https://registry.npmjs.org/tslib/-/tslib-2.8.1.tgz. Extracting by manifest.
2705 silly tarball no local data for @emotion/is-prop-valid@https://registry.npmjs.org/@emotion/is-prop-valid/-/is-prop-valid-0.8.8.tgz. Extracting by manifest.
2706 silly tarball no local data for has-tostringtag@https://registry.npmjs.org/has-tostringtag/-/has-tostringtag-1.0.2.tgz. Extracting by manifest.
2707 silly tarball no local data for get-intrinsic@https://registry.npmjs.org/get-intrinsic/-/get-intrinsic-1.3.0.tgz. Extracting by manifest.
2708 silly tarball no local data for es-errors@https://registry.npmjs.org/es-errors/-/es-errors-1.3.0.tgz. Extracting by manifest.
2709 silly tarball no local data for delayed-stream@https://registry.npmjs.org/delayed-stream/-/delayed-stream-1.0.0.tgz. Extracting by manifest.
2710 silly tarball no local data for mime-types@https://registry.npmjs.org/mime-types/-/mime-types-2.1.35.tgz. Extracting by manifest.
2711 silly tarball no local data for hasown@https://registry.npmjs.org/hasown/-/hasown-2.0.3.tgz. Extracting by manifest.
2712 silly tarball no local data for es-set-tostringtag@https://registry.npmjs.org/es-set-tostringtag/-/es-set-tostringtag-2.1.0.tgz. Extracting by manifest.
2713 silly tarball no local data for combined-stream@https://registry.npmjs.org/combined-stream/-/combined-stream-1.0.8.tgz. Extracting by manifest.
2714 silly tarball no local data for asynckit@https://registry.npmjs.org/asynckit/-/asynckit-0.4.0.tgz. Extracting by manifest.
2715 silly tarball no local data for ms@https://registry.npmjs.org/ms/-/ms-2.1.3.tgz. Extracting by manifest.
2716 silly tarball no local data for @babel/runtime@https://registry.npmjs.org/@babel/runtime/-/runtime-7.29.7.tgz. Extracting by manifest.
2717 silly tarball no local data for update-browserslist-db@https://registry.npmjs.org/update-browserslist-db/-/update-browserslist-db-1.2.3.tgz. Extracting by manifest.
2718 silly tarball no local data for node-releases@https://registry.npmjs.org/node-releases/-/node-releases-2.0.46.tgz. Extracting by manifest.
2719 silly tarball no local data for electron-to-chromium@https://registry.npmjs.org/electron-to-chromium/-/electron-to-chromium-1.5.361.tgz. Extracting by manifest.
2720 silly tarball no local data for baseline-browser-mapping@https://registry.npmjs.org/baseline-browser-mapping/-/baseline-browser-mapping-2.10.32.tgz. Extracting by manifest.
2721 silly tarball no local data for proxy-from-env@https://registry.npmjs.org/proxy-from-env/-/proxy-from-env-2.1.0.tgz. Extracting by manifest.
2722 silly tarball no local data for https-proxy-agent@https://registry.npmjs.org/https-proxy-agent/-/https-proxy-agent-5.0.1.tgz. Extracting by manifest.
2723 silly tarball no local data for form-data@https://registry.npmjs.org/form-data/-/form-data-4.0.5.tgz. Extracting by manifest.
2724 silly tarball no local data for follow-redirects@https://registry.npmjs.org/follow-redirects/-/follow-redirects-1.16.0.tgz. Extracting by manifest.
2725 silly tarball no local data for postcss-value-parser@https://registry.npmjs.org/postcss-value-parser/-/postcss-value-parser-4.2.0.tgz. Extracting by manifest.
2726 silly tarball no local data for fraction.js@https://registry.npmjs.org/fraction.js/-/fraction.js-5.3.4.tgz. Extracting by manifest.
2727 silly tarball no local data for caniuse-lite@https://registry.npmjs.org/caniuse-lite/-/caniuse-lite-1.0.30001793.tgz. Extracting by manifest.
2728 silly tarball no local data for @types/babel__traverse@https://registry.npmjs.org/@types/babel__traverse/-/babel__traverse-7.28.0.tgz. Extracting by manifest.
2729 silly tarball no local data for @types/babel__template@https://registry.npmjs.org/@types/babel__template/-/babel__template-7.4.4.tgz. Extracting by manifest.
2730 silly tarball no local data for @types/babel__generator@https://registry.npmjs.org/@types/babel__generator/-/babel__generator-7.27.0.tgz. Extracting by manifest.
2731 silly tarball no local data for @jridgewell/resolve-uri@https://registry.npmjs.org/@jridgewell/resolve-uri/-/resolve-uri-3.1.2.tgz. Extracting by manifest.
2732 silly tarball no local data for @jridgewell/sourcemap-codec@https://registry.npmjs.org/@jridgewell/sourcemap-codec/-/sourcemap-codec-1.5.5.tgz. Extracting by manifest.
2733 silly tarball no local data for @babel/helper-string-parser@https://registry.npmjs.org/@babel/helper-string-parser/-/helper-string-parser-7.29.7.tgz. Extracting by manifest.
2734 silly tarball no local data for @babel/helper-globals@https://registry.npmjs.org/@babel/helper-globals/-/helper-globals-7.29.7.tgz. Extracting by manifest.
2735 silly tarball no local data for @babel/helper-plugin-utils@https://registry.npmjs.org/@babel/helper-plugin-utils/-/helper-plugin-utils-7.29.7.tgz. Extracting by manifest.
2736 silly tarball no local data for @babel/helper-module-imports@https://registry.npmjs.org/@babel/helper-module-imports/-/helper-module-imports-7.29.7.tgz. Extracting by manifest.
2737 silly tarball no local data for lru-cache@https://registry.npmjs.org/lru-cache/-/lru-cache-5.1.1.tgz. Extracting by manifest.
2738 silly tarball no local data for browserslist@https://registry.npmjs.org/browserslist/-/browserslist-4.28.2.tgz. Extracting by manifest.
2739 silly tarball no local data for @babel/helper-validator-option@https://registry.npmjs.org/@babel/helper-validator-option/-/helper-validator-option-7.29.7.tgz. Extracting by manifest.
2740 silly tarball no local data for @babel/compat-data@https://registry.npmjs.org/@babel/compat-data/-/compat-data-7.29.7.tgz. Extracting by manifest.
2741 silly tarball no local data for jsesc@https://registry.npmjs.org/jsesc/-/jsesc-3.1.0.tgz. Extracting by manifest.
2742 silly tarball no local data for @jridgewell/trace-mapping@https://registry.npmjs.org/@jridgewell/trace-mapping/-/trace-mapping-0.3.31.tgz. Extracting by manifest.
2743 silly tarball no local data for @jridgewell/gen-mapping@https://registry.npmjs.org/@jridgewell/gen-mapping/-/gen-mapping-0.3.13.tgz. Extracting by manifest.
2744 silly tarball no local data for picocolors@https://registry.npmjs.org/picocolors/-/picocolors-1.1.1.tgz. Extracting by manifest.
2745 silly tarball no local data for js-tokens@https://registry.npmjs.org/js-tokens/-/js-tokens-4.0.0.tgz. Extracting by manifest.
2746 silly tarball no local data for @babel/helper-validator-identifier@https://registry.npmjs.org/@babel/helper-validator-identifier/-/helper-validator-identifier-7.29.7.tgz. Extracting by manifest.
2747 silly tarball no local data for semver@https://registry.npmjs.org/semver/-/semver-6.3.1.tgz. Extracting by manifest.
2748 silly tarball no local data for json5@https://registry.npmjs.org/json5/-/json5-2.2.3.tgz. Extracting by manifest.
2749 silly tarball no local data for gensync@https://registry.npmjs.org/gensync/-/gensync-1.0.0-beta.2.tgz. Extracting by manifest.
2750 silly tarball no local data for debug@https://registry.npmjs.org/debug/-/debug-4.4.3.tgz. Extracting by manifest.
2751 silly tarball no local data for convert-source-map@https://registry.npmjs.org/convert-source-map/-/convert-source-map-2.0.0.tgz. Extracting by manifest.
2752 silly tarball no local data for @jridgewell/remapping@https://registry.npmjs.org/@jridgewell/remapping/-/remapping-2.3.5.tgz. Extracting by manifest.
2753 silly tarball no local data for @babel/types@https://registry.npmjs.org/@babel/types/-/types-7.29.7.tgz. Extracting by manifest.
2754 silly tarball no local data for @babel/traverse@https://registry.npmjs.org/@babel/traverse/-/traverse-7.29.7.tgz. Extracting by manifest.
2755 silly tarball no local data for @babel/template@https://registry.npmjs.org/@babel/template/-/template-7.29.7.tgz. Extracting by manifest.
2756 silly tarball no local data for @babel/parser@https://registry.npmjs.org/@babel/parser/-/parser-7.29.7.tgz. Extracting by manifest.
2757 silly tarball no local data for @babel/helpers@https://registry.npmjs.org/@babel/helpers/-/helpers-7.29.7.tgz. Extracting by manifest.
2758 silly tarball no local data for @babel/helper-module-transforms@https://registry.npmjs.org/@babel/helper-module-transforms/-/helper-module-transforms-7.29.7.tgz. Extracting by manifest.
2759 silly tarball no local data for @babel/helper-compilation-targets@https://registry.npmjs.org/@babel/helper-compilation-targets/-/helper-compilation-targets-7.29.7.tgz. Extracting by manifest.
2760 silly tarball no local data for @babel/generator@https://registry.npmjs.org/@babel/generator/-/generator-7.29.7.tgz. Extracting by manifest.
2761 silly tarball no local data for @babel/code-frame@https://registry.npmjs.org/@babel/code-frame/-/code-frame-7.29.7.tgz. Extracting by manifest.
2762 silly tarball no local data for react-refresh@https://registry.npmjs.org/react-refresh/-/react-refresh-0.17.0.tgz. Extracting by manifest.
2763 silly tarball no local data for @types/babel__core@https://registry.npmjs.org/@types/babel__core/-/babel__core-7.20.5.tgz. Extracting by manifest.
2764 silly tarball no local data for @rolldown/pluginutils@https://registry.npmjs.org/@rolldown/pluginutils/-/pluginutils-1.0.0-beta.27.tgz. Extracting by manifest.
2765 silly tarball no local data for @babel/plugin-transform-react-jsx-source@https://registry.npmjs.org/@babel/plugin-transform-react-jsx-source/-/plugin-transform-react-jsx-source-7.29.7.tgz. Extracting by manifest.
2766 silly tarball no local data for @babel/plugin-transform-react-jsx-self@https://registry.npmjs.org/@babel/plugin-transform-react-jsx-self/-/plugin-transform-react-jsx-self-7.29.7.tgz. Extracting by manifest.
2767 silly tarball no local data for @babel/core@https://registry.npmjs.org/@babel/core/-/core-7.29.7.tgz. Extracting by manifest.
2768 silly tarball no local data for csstype@https://registry.npmjs.org/csstype/-/csstype-3.2.3.tgz. Extracting by manifest.
2769 silly tarball no local data for @types/prop-types@https://registry.npmjs.org/@types/prop-types/-/prop-types-15.7.15.tgz. Extracting by manifest.
2770 silly tarball no local data for postcss-selector-parser@https://registry.npmjs.org/postcss-selector-parser/-/postcss-selector-parser-6.0.10.tgz. Extracting by manifest.
2771 silly tarball no local data for zustand@https://registry.npmjs.org/zustand/-/zustand-4.5.7.tgz. Extracting by manifest.
2772 silly tarball no local data for vite-plugin-pwa@https://registry.npmjs.org/vite-plugin-pwa/-/vite-plugin-pwa-0.17.5.tgz. Extracting by manifest.
2773 silly tarball no local data for typescript@https://registry.npmjs.org/typescript/-/typescript-5.9.3.tgz. Extracting by manifest.
2774 silly tarball no local data for socket.io-client@https://registry.npmjs.org/socket.io-client/-/socket.io-client-4.8.3.tgz. Extracting by manifest.
2775 silly tarball no local data for react-virtualized@https://registry.npmjs.org/react-virtualized/-/react-virtualized-9.22.6.tgz. Extracting by manifest.
2776 silly tarball no local data for react-query@https://registry.npmjs.org/react-query/-/react-query-3.39.3.tgz. Extracting by manifest.
2777 silly tarball no local data for react-router-dom@https://registry.npmjs.org/react-router-dom/-/react-router-dom-6.30.3.tgz. Extracting by manifest.
2778 silly tarball no local data for react-hot-toast@https://registry.npmjs.org/react-hot-toast/-/react-hot-toast-2.6.0.tgz. Extracting by manifest.
2779 silly tarball no local data for react-intersection-observer@https://registry.npmjs.org/react-intersection-observer/-/react-intersection-observer-9.16.0.tgz. Extracting by manifest.
2780 silly tarball no local data for react@https://registry.npmjs.org/react/-/react-18.3.1.tgz. Extracting by manifest.
2781 silly tarball no local data for lucide-react@https://registry.npmjs.org/lucide-react/-/lucide-react-0.294.0.tgz. Extracting by manifest.
2782 silly tarball no local data for react-dom@https://registry.npmjs.org/react-dom/-/react-dom-18.3.1.tgz. Extracting by manifest.
2783 silly tarball no local data for framer-motion@https://registry.npmjs.org/framer-motion/-/framer-motion-10.18.0.tgz. Extracting by manifest.
2784 silly tarball no local data for date-fns@https://registry.npmjs.org/date-fns/-/date-fns-2.30.0.tgz. Extracting by manifest.
2785 silly tarball no local data for axios@https://registry.npmjs.org/axios/-/axios-1.16.1.tgz. Extracting by manifest.
2786 silly tarball no local data for postcss@https://registry.npmjs.org/postcss/-/postcss-8.5.15.tgz. Extracting by manifest.
2787 silly tarball no local data for autoprefixer@https://registry.npmjs.org/autoprefixer/-/autoprefixer-10.5.0.tgz. Extracting by manifest.
2788 silly tarball no local data for vite@https://registry.npmjs.org/vite/-/vite-5.4.21.tgz. Extracting by manifest.
2789 silly tarball no local data for @vitejs/plugin-react@https://registry.npmjs.org/@vitejs/plugin-react/-/plugin-react-4.7.0.tgz. Extracting by manifest.
2790 silly tarball no local data for @types/react-dom@https://registry.npmjs.org/@types/react-dom/-/react-dom-18.3.7.tgz. Extracting by manifest.
2791 silly tarball no local data for @types/react@https://registry.npmjs.org/@types/react/-/react-18.3.29.tgz. Extracting by manifest.
2792 silly tarball no local data for tailwindcss@https://registry.npmjs.org/tailwindcss/-/tailwindcss-3.4.19.tgz. Extracting by manifest.
2793 silly tarball no local data for @tailwindcss/typography@https://registry.npmjs.org/@tailwindcss/typography/-/typography-0.5.19.tgz. Extracting by manifest.
2794 silly tarball no local data for lru-cache@https://registry.npmjs.org/lru-cache/-/lru-cache-11.5.0.tgz. Extracting by manifest.
2795 silly tarball no local data for source-map@https://registry.npmjs.org/source-map/-/source-map-0.6.1.tgz. Extracting by manifest.
2796 silly tarball no local data for brace-expansion@https://registry.npmjs.org/brace-expansion/-/brace-expansion-2.1.1.tgz. Extracting by manifest.
2797 silly tarball no local data for minimatch@https://registry.npmjs.org/minimatch/-/minimatch-5.1.9.tgz. Extracting by manifest.
2798 silly tarball no local data for commander@https://registry.npmjs.org/commander/-/commander-2.20.3.tgz. Extracting by manifest.
2799 silly tarball no local data for picomatch@https://registry.npmjs.org/picomatch/-/picomatch-4.0.4.tgz. Extracting by manifest.
2800 silly tarball no local data for balanced-match@https://registry.npmjs.org/balanced-match/-/balanced-match-4.0.4.tgz. Extracting by manifest.
2801 silly tarball no local data for brace-expansion@https://registry.npmjs.org/brace-expansion/-/brace-expansion-5.0.6.tgz. Extracting by manifest.
2802 silly tarball no local data for minimatch@https://registry.npmjs.org/minimatch/-/minimatch-10.2.5.tgz. Extracting by manifest.
2803 silly tarball no local data for pretty-bytes@https://registry.npmjs.org/pretty-bytes/-/pretty-bytes-5.6.0.tgz. Extracting by manifest.
2804 silly tarball no local data for glob@https://registry.npmjs.org/glob/-/glob-11.1.0.tgz. Extracting by manifest.
2805 silly tarball no local data for picomatch@https://registry.npmjs.org/picomatch/-/picomatch-4.0.4.tgz. Extracting by manifest.
2806 silly tarball no local data for fdir@https://registry.npmjs.org/fdir/-/fdir-6.5.0.tgz. Extracting by manifest.
2807 silly tarball no local data for postcss-selector-parser@https://registry.npmjs.org/postcss-selector-parser/-/postcss-selector-parser-6.1.2.tgz. Extracting by manifest.
2808 silly tarball no local data for glob-parent@https://registry.npmjs.org/glob-parent/-/glob-parent-5.1.2.tgz. Extracting by manifest.
2809 silly tarball no local data for glob-parent@https://registry.npmjs.org/glob-parent/-/glob-parent-5.1.2.tgz. Extracting by manifest.
2810 silly tarball no local data for postcss-selector-parser@https://registry.npmjs.org/postcss-selector-parser/-/postcss-selector-parser-6.1.2.tgz. Extracting by manifest.
2811 http fetch POST 200 https://registry.npmjs.org/-/npm/v1/security/advisories/bulk 895ms
2812 timing auditReport:getReport Completed in 907ms
2813 silly audit report {
2813 silly audit report   vite: [
2813 silly audit report     {
2813 silly audit report       id: 1116229,
2813 silly audit report       url: 'https://github.com/advisories/GHSA-4w7w-66w2-5vf9',
2813 silly audit report       title: 'Vite Vulnerable to Path Traversal in Optimized Deps `.map` Handling',
2813 silly audit report       severity: 'moderate',
2813 silly audit report       vulnerable_versions: '<=6.4.1',
2813 silly audit report       cwe: [Array],
2813 silly audit report       cvss: [Object]
2813 silly audit report     }
2813 silly audit report   ],
2813 silly audit report   esbuild: [
2813 silly audit report     {
2813 silly audit report       id: 1102341,
2813 silly audit report       url: 'https://github.com/advisories/GHSA-67mh-4wv8-2f99',
2813 silly audit report       title: 'esbuild enables any website to send any requests to the development server and read the response',
2813 silly audit report       severity: 'moderate',
2813 silly audit report       vulnerable_versions: '<=0.24.2',
2813 silly audit report       cwe: [Array],
2813 silly audit report       cvss: [Object]
2813 silly audit report     }
2813 silly audit report   ]
2813 silly audit report }
2814 timing metavuln:packument:vite Completed in 2ms
2815 timing metavuln:packument:esbuild Completed in 1ms
2816 timing metavuln:cache:get:security-advisory:vite:I1BdsVrQ8+F0Nz5pjiEY7gYSFBzvKNwOR8nQyg9euOprN34SC4VipJH1GMc8WCRl+e0xZWGr2QiYwiNwqO4gag== Completed in 74ms
2817 timing metavuln:load:security-advisory:vite:1116229 Completed in 38ms
2818 timing metavuln:cache:get:security-advisory:esbuild:jKdCIzePj7J1488qgRXvF8Srh9wutSuR1exB8YooNX62hT+qhtrUXYbArLNoIhgwbaCqKpmduh18syZU7BR9SA== Completed in 114ms
2819 timing metavuln:load:security-advisory:esbuild:1102341 Completed in 8ms
2820 http fetch GET 200 https://registry.npmjs.org/shebang-command/-/shebang-command-2.0.0.tgz 1091ms (cache miss)
2821 timing reifyNode:node_modules/shebang-command Completed in 1350ms
2822 http fetch GET 200 https://registry.npmjs.org/signal-exit/-/signal-exit-4.1.0.tgz 1092ms (cache miss)
2823 http fetch GET 200 https://registry.npmjs.org/which/-/which-2.0.2.tgz 1131ms (cache miss)
2824 timing reifyNode:node_modules/which Completed in 1389ms
2825 http fetch GET 200 https://registry.npmjs.org/is-weakset/-/is-weakset-2.0.4.tgz 1120ms (cache miss)
2826 http fetch GET 200 https://registry.npmjs.org/generator-function/-/generator-function-2.0.1.tgz 1120ms (cache miss)
2827 http fetch GET 200 https://registry.npmjs.org/async-function/-/async-function-1.0.0.tgz 1119ms (cache miss)
2828 http fetch GET 200 https://registry.npmjs.org/is-finalizationregistry/-/is-finalizationregistry-1.1.1.tgz 1119ms (cache miss)
2829 http fetch GET 200 https://registry.npmjs.org/is-async-function/-/is-async-function-2.1.1.tgz 1120ms (cache miss)
2830 http fetch GET 200 https://registry.npmjs.org/use-sync-external-store/-/use-sync-external-store-1.6.0.tgz 1132ms (cache miss)
2831 http fetch GET 200 https://registry.npmjs.org/shebang-regex/-/shebang-regex-3.0.0.tgz 1180ms (cache miss)
2832 timing reifyNode:node_modules/shebang-regex Completed in 1437ms
2833 http fetch GET 200 https://registry.npmjs.org/path-key/-/path-key-3.1.1.tgz 1179ms (cache miss)
2834 timing reifyNode:node_modules/path-key Completed in 1436ms
2835 http fetch GET 200 https://registry.npmjs.org/package-json-from-dist/-/package-json-from-dist-1.0.1.tgz 1177ms (cache miss)
2836 http fetch GET 200 https://registry.npmjs.org/cross-spawn/-/cross-spawn-7.0.6.tgz 1179ms (cache miss)
2837 http fetch GET 200 https://registry.npmjs.org/isexe/-/isexe-2.0.0.tgz 1183ms (cache miss)
2838 http fetch GET 200 https://registry.npmjs.org/punycode/-/punycode-2.3.1.tgz 1165ms (cache miss)
2839 http fetch GET 200 https://registry.npmjs.org/unicode-property-aliases-ecmascript/-/unicode-property-aliases-ecmascript-2.2.0.tgz 1164ms (cache miss)
2840 timing reifyNode:node_modules/unicode-property-aliases-ecmascript Completed in 1435ms
2841 http fetch GET 200 https://registry.npmjs.org/unicode-canonical-property-names-ecmascript/-/unicode-canonical-property-names-ecmascript-2.0.1.tgz 1164ms (cache miss)
2842 timing reifyNode:node_modules/unicode-canonical-property-names-ecmascript Completed in 1436ms
2843 timing metavuln:cache:put:security-advisory:vite:I1BdsVrQ8+F0Nz5pjiEY7gYSFBzvKNwOR8nQyg9euOprN34SC4VipJH1GMc8WCRl+e0xZWGr2QiYwiNwqO4gag== Completed in 472ms
2844 timing metavuln:calculate:security-advisory:vite:1116229 Completed in 586ms
2845 timing reifyNode:node_modules/isexe Completed in 1482ms
2846 http fetch GET 200 https://registry.npmjs.org/is-map/-/is-map-2.0.3.tgz 1211ms (cache miss)
2847 http fetch GET 200 https://registry.npmjs.org/@types/trusted-types/-/trusted-types-2.0.7.tgz 1222ms (cache miss)
2848 timing reifyNode:node_modules/@types/trusted-types Completed in 1482ms
2849 http fetch GET 200 https://registry.npmjs.org/is-bigint/-/is-bigint-1.1.0.tgz 1209ms (cache miss)
2850 http fetch GET 200 https://registry.npmjs.org/which-boxed-primitive/-/which-boxed-primitive-1.1.1.tgz 1206ms (cache miss)
2851 http fetch GET 200 https://registry.npmjs.org/reflect.getprototypeof/-/reflect.getprototypeof-1.0.10.tgz 1205ms (cache miss)
2852 http fetch GET 200 https://registry.npmjs.org/for-each/-/for-each-0.3.5.tgz 1205ms (cache miss)
2853 timing reifyNode:node_modules/cross-spawn Completed in 1537ms
2854 timing reifyNode:node_modules/punycode Completed in 1535ms
2855 http fetch GET 200 https://registry.npmjs.org/webidl-conversions/-/webidl-conversions-4.0.2.tgz 1266ms (cache miss)
2856 timing reifyNode:node_modules/webidl-conversions Completed in 1536ms
2857 http fetch GET 200 https://registry.npmjs.org/crypto-random-string/-/crypto-random-string-2.0.0.tgz 1264ms (cache miss)
2858 timing reifyNode:node_modules/crypto-random-string Completed in 1537ms
2859 http fetch GET 200 https://registry.npmjs.org/has-bigints/-/has-bigints-1.1.0.tgz 1263ms (cache miss)
2860 http fetch GET 200 https://registry.npmjs.org/side-channel-weakmap/-/side-channel-weakmap-1.0.2.tgz 1258ms (cache miss)
2861 http fetch GET 200 https://registry.npmjs.org/unique-string/-/unique-string-2.0.0.tgz 1261ms (cache miss)
2862 timing reifyNode:node_modules/unique-string Completed in 1539ms
2863 http fetch GET 200 https://registry.npmjs.org/temp-dir/-/temp-dir-2.0.0.tgz 1262ms (cache miss)
2864 timing reifyNode:node_modules/temp-dir Completed in 1540ms
2865 http fetch GET 200 https://registry.npmjs.org/is-stream/-/is-stream-2.0.1.tgz 1262ms (cache miss)
2866 timing reifyNode:node_modules/is-stream Completed in 1541ms
2867 http fetch GET 200 https://registry.npmjs.org/is-obj/-/is-obj-1.0.1.tgz 1262ms (cache miss)
2868 timing reifyNode:node_modules/is-obj Completed in 1540ms
2869 timing metavuln:cache:put:security-advisory:esbuild:jKdCIzePj7J1488qgRXvF8Srh9wutSuR1exB8YooNX62hT+qhtrUXYbArLNoIhgwbaCqKpmduh18syZU7BR9SA== Completed in 583ms
2870 timing metavuln:calculate:security-advisory:esbuild:1102341 Completed in 705ms
2871 timing metavuln:packument:@vitejs/plugin-react Completed in 1ms
2872 timing metavuln:packument:vite-plugin-pwa Completed in 0ms
2873 http fetch GET 200 https://registry.npmjs.org/is-number-object/-/is-number-object-1.1.1.tgz 1367ms (cache miss)
2874 http fetch GET 200 https://registry.npmjs.org/lodash.sortby/-/lodash.sortby-4.7.0.tgz 1364ms (cache miss)
2875 timing reifyNode:node_modules/lodash.sortby Completed in 1636ms
2876 http fetch GET 200 https://registry.npmjs.org/buffer-from/-/buffer-from-1.1.2.tgz 1362ms (cache miss)
2877 timing reifyNode:node_modules/buffer-from Completed in 1636ms
2878 http fetch GET 200 https://registry.npmjs.org/side-channel-list/-/side-channel-list-1.0.1.tgz 1356ms (cache miss)
2879 http fetch GET 200 https://registry.npmjs.org/isarray/-/isarray-2.0.5.tgz 1356ms (cache miss)
2880 timing reifyNode:node_modules/isarray Completed in 1637ms
2881 timing metavuln:cache:get:security-advisory:@vitejs/plugin-react:9Gy9+ze27G1us6B+W8biV10fSWWlbvxdqXOWR2dOcacJriijvaJSB375JaNqMBMF4g4ZE1YqsyqGPI5D0gHDqQ== Completed in 62ms
2882 timing metavuln:load:security-advisory:@vitejs/plugin-react:I1BdsVrQ8+F0Nz5pjiEY7gYSFBzvKNwOR8nQyg9euOprN34SC4VipJH1GMc8WCRl+e0xZWGr2QiYwiNwqO4gag== Completed in 69ms
2883 timing metavuln:cache:get:security-advisory:vite-plugin-pwa:tlB8Hq2WonxqQm+sn18tR++g4F82HC7LjkZqgboA29XOETB41i0e0qC8gTMhbEl4prEuNHv46MtoWdO8cnfOkg== Completed in 132ms
2884 timing metavuln:load:security-advisory:vite-plugin-pwa:I1BdsVrQ8+F0Nz5pjiEY7gYSFBzvKNwOR8nQyg9euOprN34SC4VipJH1GMc8WCRl+e0xZWGr2QiYwiNwqO4gag== Completed in 67ms
2885 http fetch GET 200 https://registry.npmjs.org/which-collection/-/which-collection-1.0.2.tgz 1566ms (cache miss)
2886 http fetch GET 200 https://registry.npmjs.org/is-regexp/-/is-regexp-1.0.0.tgz 1554ms (cache miss)
2887 timing reifyNode:node_modules/is-regexp Completed in 1833ms
2888 http fetch GET 200 https://registry.npmjs.org/get-own-enumerable-property-symbols/-/get-own-enumerable-property-symbols-3.0.2.tgz 1554ms (cache miss)
2889 timing reifyNode:node_modules/get-own-enumerable-property-symbols Completed in 1833ms
2890 http fetch GET 200 https://registry.npmjs.org/possible-typed-array-names/-/possible-typed-array-names-1.1.0.tgz 1552ms (cache miss)
2891 http fetch GET 200 https://registry.npmjs.org/unbox-primitive/-/unbox-primitive-1.1.0.tgz 1552ms (cache miss)
2892 http fetch GET 200 https://registry.npmjs.org/is-date-object/-/is-date-object-1.1.0.tgz 1553ms (cache miss)
2893 http fetch GET 200 https://registry.npmjs.org/typed-array-byte-length/-/typed-array-byte-length-1.0.3.tgz 1552ms (cache miss)
2894 http fetch GET 200 https://registry.npmjs.org/typed-array-byte-offset/-/typed-array-byte-offset-1.0.4.tgz 1552ms (cache miss)
2895 http fetch GET 200 https://registry.npmjs.org/typed-array-buffer/-/typed-array-buffer-1.0.3.tgz 1552ms (cache miss)
2896 http fetch GET 200 https://registry.npmjs.org/is-weakmap/-/is-weakmap-2.0.2.tgz 1618ms (cache miss)
2897 http fetch GET 200 https://registry.npmjs.org/is-generator-function/-/is-generator-function-1.1.2.tgz 1616ms (cache miss)
2898 http fetch GET 200 https://registry.npmjs.org/side-channel-map/-/side-channel-map-1.0.1.tgz 1602ms (cache miss)
2899 http fetch GET 200 https://registry.npmjs.org/functions-have-names/-/functions-have-names-1.2.3.tgz 1601ms (cache miss)
2900 http fetch GET 200 https://registry.npmjs.org/safe-array-concat/-/safe-array-concat-1.1.4.tgz 1597ms (cache miss)
2901 http fetch GET 200 https://registry.npmjs.org/own-keys/-/own-keys-1.0.1.tgz 1596ms (cache miss)
2902 http fetch GET 200 https://registry.npmjs.org/safe-regex-test/-/safe-regex-test-1.1.0.tgz 1599ms (cache miss)
2903 http fetch GET 200 https://registry.npmjs.org/string.prototype.trim/-/string.prototype.trim-1.2.10.tgz 1600ms (cache miss)
2904 http fetch GET 200 https://registry.npmjs.org/stop-iteration-iterator/-/stop-iteration-iterator-1.1.0.tgz 1601ms (cache miss)
2905 http fetch GET 200 https://registry.npmjs.org/set-proto/-/set-proto-1.0.0.tgz 1601ms (cache miss)
2906 timing reifyNode:node_modules/is-async-function Completed in 1928ms
2907 timing reifyNode:node_modules/is-number-object Completed in 1929ms
2908 http fetch GET 200 https://registry.npmjs.org/is-boolean-object/-/is-boolean-object-1.2.2.tgz 1659ms (cache miss)
2909 http fetch GET 200 https://registry.npmjs.org/source-map-support/-/source-map-support-0.5.21.tgz 1651ms (cache miss)
2910 http fetch GET 200 https://registry.npmjs.org/which-builtin-type/-/which-builtin-type-1.2.1.tgz 1654ms (cache miss)
2911 http fetch GET 200 https://registry.npmjs.org/which-typed-array/-/which-typed-array-1.1.20.tgz 1645ms (cache miss)
2912 http fetch GET 200 https://registry.npmjs.org/is-typed-array/-/is-typed-array-1.1.15.tgz 1641ms (cache miss)
2913 http fetch GET 200 https://registry.npmjs.org/is-weakref/-/is-weakref-1.1.1.tgz 1641ms (cache miss)
2914 http fetch GET 200 https://registry.npmjs.org/is-shared-array-buffer/-/is-shared-array-buffer-1.0.4.tgz 1641ms (cache miss)
2915 http fetch GET 200 https://registry.npmjs.org/is-string/-/is-string-1.1.1.tgz 1641ms (cache miss)
2916 timing reifyNode:node_modules/which-collection Completed in 1983ms
2917 timing reifyNode:node_modules/is-finalizationregistry Completed in 1984ms
2918 http fetch GET 200 https://registry.npmjs.org/@jridgewell/source-map/-/source-map-0.3.11.tgz 1706ms (cache miss)
2919 http fetch GET 200 https://registry.npmjs.org/is-regex/-/is-regex-1.2.1.tgz 1692ms (cache miss)
2920 http fetch GET 200 https://registry.npmjs.org/is-callable/-/is-callable-1.2.7.tgz 1687ms (cache miss)
2921 http fetch GET 200 https://registry.npmjs.org/get-symbol-description/-/get-symbol-description-1.1.0.tgz 1686ms (cache miss)
2922 http fetch GET 200 https://registry.npmjs.org/is-array-buffer/-/is-array-buffer-3.0.5.tgz 1687ms (cache miss)
2923 http fetch GET 200 https://registry.npmjs.org/globalthis/-/globalthis-1.0.4.tgz 1686ms (cache miss)
2924 http fetch GET 200 https://registry.npmjs.org/function.prototype.name/-/function.prototype.name-1.1.8.tgz 1687ms (cache miss)
2925 timing reifyNode:node_modules/is-weakmap Completed in 2028ms
2926 timing reifyNode:node_modules/is-generator-function Completed in 2027ms
2927 timing reifyNode:node_modules/has-bigints Completed in 2024ms
2928 timing reifyNode:node_modules/is-bigint Completed in 2025ms
2929 timing reifyNode:node_modules/source-map-support Completed in 2024ms
2930 http fetch GET 200 https://registry.npmjs.org/is-set/-/is-set-2.0.3.tgz 1736ms (cache miss)
2931 http fetch GET 200 https://registry.npmjs.org/array-buffer-byte-length/-/array-buffer-byte-length-1.0.2.tgz 1725ms (cache miss)
2932 http fetch GET 200 https://registry.npmjs.org/object-keys/-/object-keys-1.1.1.tgz 1726ms (cache miss)
2933 http fetch GET 200 https://registry.npmjs.org/has-property-descriptors/-/has-property-descriptors-1.0.2.tgz 1726ms (cache miss)
2934 http fetch GET 200 https://registry.npmjs.org/es-to-primitive/-/es-to-primitive-1.3.0.tgz 1729ms (cache miss)
2935 http fetch GET 200 https://registry.npmjs.org/data-view-byte-offset/-/data-view-byte-offset-1.0.1.tgz 1730ms (cache miss)
2936 http fetch GET 200 https://registry.npmjs.org/available-typed-arrays/-/available-typed-arrays-1.0.7.tgz 1728ms (cache miss)
2937 http fetch GET 200 https://registry.npmjs.org/data-view-byte-length/-/data-view-byte-length-1.0.2.tgz 1729ms (cache miss)
2938 http fetch GET 200 https://registry.npmjs.org/arraybuffer.prototype.slice/-/arraybuffer.prototype.slice-1.0.4.tgz 1729ms (cache miss)
2939 timing reifyNode:node_modules/package-json-from-dist Completed in 2081ms
2940 timing reifyNode:node_modules/is-weakset Completed in 2082ms
2941 timing reifyNode:node_modules/is-map Completed in 2081ms
2942 timing reifyNode:node_modules/async-function Completed in 2080ms
2943 timing reifyNode:node_modules/is-boolean-object Completed in 2080ms
2944 timing reifyNode:node_modules/which-builtin-type Completed in 2079ms
2945 timing reifyNode:node_modules/side-channel-weakmap Completed in 2077ms
2946 timing reifyNode:node_modules/possible-typed-array-names Completed in 2078ms
2947 http fetch GET 200 https://registry.npmjs.org/is-data-view/-/is-data-view-1.0.2.tgz 1782ms (cache miss)
2948 http fetch GET 200 https://registry.npmjs.org/is-negative-zero/-/is-negative-zero-2.0.3.tgz 1784ms (cache miss)
2949 http fetch GET 200 https://registry.npmjs.org/define-data-property/-/define-data-property-1.1.4.tgz 1778ms (cache miss)
2950 http fetch GET 200 https://registry.npmjs.org/set-function-name/-/set-function-name-2.0.2.tgz 1778ms (cache miss)
2951 http fetch GET 200 https://registry.npmjs.org/internal-slot/-/internal-slot-1.1.0.tgz 1778ms (cache miss)
2952 timing reifyNode:node_modules/which-boxed-primitive Completed in 2118ms
2953 timing reifyNode:node_modules/functions-have-names Completed in 2117ms
2954 timing reifyNode:node_modules/typed-array-byte-length Completed in 2117ms
2955 http fetch GET 200 https://registry.npmjs.org/is-symbol/-/is-symbol-1.1.1.tgz 1837ms (cache miss)
2956 timing reifyNode:node_modules/typed-array-buffer Completed in 2118ms
2957 http fetch GET 200 https://registry.npmjs.org/safe-push-apply/-/safe-push-apply-1.0.0.tgz 1831ms (cache miss)
2958 http fetch GET 200 https://registry.npmjs.org/call-bound/-/call-bound-1.0.4.tgz 1823ms (cache miss)
2959 http fetch GET 200 https://registry.npmjs.org/call-bind/-/call-bind-1.0.9.tgz 1823ms (cache miss)
2960 http fetch GET 200 https://registry.npmjs.org/define-properties/-/define-properties-1.2.1.tgz 1824ms (cache miss)
2961 http fetch GET 200 https://registry.npmjs.org/regjsgen/-/regjsgen-0.8.0.tgz 1821ms (cache miss)
2962 timing reifyNode:node_modules/regjsgen Completed in 2125ms
2963 timing reifyNode:node_modules/generator-function Completed in 2169ms
2964 timing reifyNode:node_modules/reflect.getprototypeof Completed in 2166ms
2965 http fetch GET 200 https://registry.npmjs.org/typed-array-length/-/typed-array-length-1.0.7.tgz 1882ms (cache miss)
2966 timing reifyNode:node_modules/safe-regex-test Completed in 2165ms
2967 timing reifyNode:node_modules/stop-iteration-iterator Completed in 2165ms
2968 http fetch GET 200 https://registry.npmjs.org/filelist/-/filelist-1.0.6.tgz 1859ms (cache miss)
2969 timing reifyNode:node_modules/filelist Completed in 2163ms
2970 http fetch GET 200 https://registry.npmjs.org/universalify/-/universalify-2.0.1.tgz 1859ms (cache miss)
2971 timing reifyNode:node_modules/universalify Completed in 2163ms
2972 timing reifyNode:node_modules/side-channel-map Completed in 2214ms
2973 timing reifyNode:node_modules/typed-array-byte-offset Completed in 2214ms
2974 http fetch GET 200 https://registry.npmjs.org/set-function-length/-/set-function-length-1.2.2.tgz 1913ms (cache miss)
2975 http fetch GET 200 https://registry.npmjs.org/unicode-match-property-value-ecmascript/-/unicode-match-property-value-ecmascript-2.2.1.tgz 1909ms (cache miss)
2976 timing reifyNode:node_modules/unicode-match-property-value-ecmascript Completed in 2210ms
2977 http fetch GET 200 https://registry.npmjs.org/unicode-match-property-ecmascript/-/unicode-match-property-ecmascript-2.0.0.tgz 1910ms (cache miss)
2978 timing reifyNode:node_modules/unicode-match-property-ecmascript Completed in 2211ms
2979 http fetch GET 200 https://registry.npmjs.org/graceful-fs/-/graceful-fs-4.2.11.tgz 1905ms (cache miss)
2980 http fetch GET 200 https://registry.npmjs.org/regenerate/-/regenerate-1.4.2.tgz 1907ms (cache miss)
2981 timing reifyNode:node_modules/regenerate Completed in 2212ms
2982 http fetch GET 200 https://registry.npmjs.org/fast-deep-equal/-/fast-deep-equal-3.1.3.tgz 1903ms (cache miss)
2983 http fetch GET 200 https://registry.npmjs.org/at-least-node/-/at-least-node-1.0.0.tgz 1907ms (cache miss)
2984 timing reifyNode:node_modules/at-least-node Completed in 2212ms
2985 http fetch GET 200 https://registry.npmjs.org/lodash.debounce/-/lodash.debounce-4.0.8.tgz 1906ms (cache miss)
2986 timing reifyNode:node_modules/lodash.debounce Completed in 2212ms
2987 timing reifyNode:node_modules/for-each Completed in 2254ms
2988 timing reifyNode:node_modules/side-channel-list Completed in 2253ms
2989 timing reifyNode:node_modules/unbox-primitive Completed in 2252ms
2990 timing reifyNode:node_modules/is-date-object Completed in 2254ms
2991 timing reifyNode:node_modules/is-symbol Completed in 2254ms
2992 http fetch GET 200 https://registry.npmjs.org/string.prototype.trimstart/-/string.prototype.trimstart-1.0.8.tgz 1969ms (cache miss)
2993 timing reifyNode:node_modules/safe-push-apply Completed in 2252ms
2994 timing reifyNode:node_modules/safe-array-concat Completed in 2252ms
2995 timing reifyNode:node_modules/own-keys Completed in 2252ms
2996 timing reifyNode:node_modules/is-typed-array Completed in 2252ms
2997 http fetch GET 200 https://registry.npmjs.org/data-view-buffer/-/data-view-buffer-1.0.2.tgz 1955ms (cache miss)
2998 http fetch GET 200 https://registry.npmjs.org/regjsparser/-/regjsparser-0.13.1.tgz 1948ms (cache miss)
2999 http fetch GET 200 https://registry.npmjs.org/jsonfile/-/jsonfile-6.2.1.tgz 1945ms (cache miss)
3000 timing reifyNode:node_modules/jsonfile Completed in 2250ms
3001 http fetch GET 200 https://registry.npmjs.org/is-module/-/is-module-1.0.0.tgz 1939ms (cache miss)
3002 timing reifyNode:node_modules/is-module Completed in 2250ms
3003 http fetch GET 200 https://registry.npmjs.org/deepmerge/-/deepmerge-4.3.1.tgz 1939ms (cache miss)
3004 http fetch GET 200 https://registry.npmjs.org/estree-walker/-/estree-walker-2.0.2.tgz 1943ms (cache miss)
3005 timing reifyNode:node_modules/typed-array-length Completed in 2304ms
3006 http fetch GET 200 https://registry.npmjs.org/string.prototype.trimend/-/string.prototype.trimend-1.0.9.tgz 2020ms (cache miss)
3007 timing reifyNode:node_modules/is-weakref Completed in 2303ms
3008 timing reifyNode:node_modules/is-shared-array-buffer Completed in 2303ms
3009 timing reifyNode:node_modules/is-regex Completed in 2303ms
3010 timing reifyNode:node_modules/is-negative-zero Completed in 2303ms
3011 timing reifyNode:node_modules/has-property-descriptors Completed in 2303ms
3012 timing reifyNode:node_modules/set-function-name Completed in 2303ms
3013 http fetch GET 200 https://registry.npmjs.org/require-from-string/-/require-from-string-2.0.2.tgz 1993ms (cache miss)
3014 timing reifyNode:node_modules/require-from-string Completed in 2301ms
3015 http fetch GET 200 https://registry.npmjs.org/serialize-javascript/-/serialize-javascript-7.0.5.tgz 1991ms (cache miss)
3016 timing reifyNode:node_modules/serialize-javascript Completed in 2302ms
3017 http fetch GET 200 https://registry.npmjs.org/@types/resolve/-/resolve-1.20.2.tgz 1990ms (cache miss)
3018 timing reifyNode:node_modules/@types/resolve Completed in 2303ms
3019 http fetch GET 200 https://registry.npmjs.org/esutils/-/esutils-2.0.3.tgz 1990ms (cache miss)
3020 http fetch GET 200 https://registry.npmjs.org/@babel/helper-optimise-call-expression/-/helper-optimise-call-expression-7.29.7.tgz 1990ms (cache miss)
3021 timing reifyNode:node_modules/@babel/helper-optimise-call-expression Completed in 2303ms
3022 timing reifyNode:node_modules/use-sync-external-store Completed in 2374ms
3023 timing reifyNode:node_modules/@jridgewell/source-map Completed in 2369ms
3024 timing reifyNode:node_modules/string.prototype.trimstart Completed in 2367ms
3025 timing reifyNode:node_modules/is-string Completed in 2365ms
3026 timing reifyNode:node_modules/is-array-buffer Completed in 2365ms
3027 http fetch GET 200 https://registry.npmjs.org/side-channel/-/side-channel-1.1.0.tgz 2064ms (cache miss)
3028 timing reifyNode:node_modules/set-function-length Completed in 2364ms
3029 timing reifyNode:node_modules/define-properties Completed in 2365ms
3030 timing reifyNode:node_modules/regjsparser Completed in 2362ms
3031 timing reifyNode:node_modules/graceful-fs Completed in 2362ms
3032 http fetch GET 200 https://registry.npmjs.org/string.prototype.matchall/-/string.prototype.matchall-4.0.12.tgz 2055ms (cache miss)
3033 http fetch GET 200 https://registry.npmjs.org/@babel/helper-member-expression-to-functions/-/helper-member-expression-to-functions-7.29.7.tgz 2050ms (cache miss)
3034 http fetch GET 200 https://registry.npmjs.org/@babel/helper-remap-async-to-generator/-/helper-remap-async-to-generator-7.29.7.tgz 2048ms (cache miss)
3035 timing reifyNode:node_modules/@babel/helper-remap-async-to-generator Completed in 2363ms
3036 http fetch GET 200 https://registry.npmjs.org/@babel/helper-annotate-as-pure/-/helper-annotate-as-pure-7.29.7.tgz 2049ms (cache miss)
3037 timing reifyNode:node_modules/@babel/helper-annotate-as-pure Completed in 2364ms
3038 http fetch GET 200 https://registry.npmjs.org/@babel/helper-skip-transparent-expression-wrappers/-/helper-skip-transparent-expression-wrappers-7.29.7.tgz 2048ms (cache miss)
3039 timing reifyNode:node_modules/@babel/helper-skip-transparent-expression-wrappers Completed in 2364ms
3040 http fetch GET 200 https://registry.npmjs.org/@babel/helper-create-regexp-features-plugin/-/helper-create-regexp-features-plugin-7.29.7.tgz 2049ms (cache miss)
3041 http fetch GET 200 https://registry.npmjs.org/babel-plugin-polyfill-regenerator/-/babel-plugin-polyfill-regenerator-0.6.8.tgz 2048ms (cache miss)
3042 timing metavuln:cache:put:security-advisory:@vitejs/plugin-react:9Gy9+ze27G1us6B+W8biV10fSWWlbvxdqXOWR2dOcacJriijvaJSB375JaNqMBMF4g4ZE1YqsyqGPI5D0gHDqQ== Completed in 671ms
3043 timing metavuln:calculate:security-advisory:@vitejs/plugin-react:I1BdsVrQ8+F0Nz5pjiEY7gYSFBzvKNwOR8nQyg9euOprN34SC4VipJH1GMc8WCRl+e0xZWGr2QiYwiNwqO4gag== Completed in 802ms
3044 timing metavuln:cache:put:security-advisory:vite-plugin-pwa:tlB8Hq2WonxqQm+sn18tR++g4F82HC7LjkZqgboA29XOETB41i0e0qC8gTMhbEl4prEuNHv46MtoWdO8cnfOkg== Completed in 603ms
3045 timing metavuln:calculate:security-advisory:vite-plugin-pwa:I1BdsVrQ8+F0Nz5pjiEY7gYSFBzvKNwOR8nQyg9euOprN34SC4VipJH1GMc8WCRl+e0xZWGr2QiYwiNwqO4gag== Completed in 803ms
3046 timing reifyNode:node_modules/string.prototype.trimend Completed in 2431ms
3047 timing reifyNode:node_modules/is-set Completed in 2428ms
3048 timing reifyNode:node_modules/is-data-view Completed in 2428ms
3049 timing reifyNode:node_modules/is-callable Completed in 2428ms
3050 timing reifyNode:node_modules/array-buffer-byte-length Completed in 2427ms
3051 timing reifyNode:node_modules/data-view-byte-offset Completed in 2428ms
3052 timing reifyNode:node_modules/data-view-buffer Completed in 2428ms
3053 timing reifyNode:node_modules/available-typed-arrays Completed in 2428ms
3054 timing reifyNode:node_modules/data-view-byte-length Completed in 2428ms
3055 timing reifyNode:node_modules/call-bound Completed in 2428ms
3056 http fetch GET 200 https://registry.npmjs.org/json-schema-traverse/-/json-schema-traverse-1.0.0.tgz 2119ms (cache miss)
3057 http fetch GET 200 https://registry.npmjs.org/@babel/helper-wrap-function/-/helper-wrap-function-7.29.7.tgz 2112ms (cache miss)
3058 timing reifyNode:node_modules/@babel/helper-wrap-function Completed in 2426ms
3059 timing reifyNode:node_modules/babel-plugin-polyfill-regenerator Completed in 2427ms
3060 http fetch GET 200 https://registry.npmjs.org/@babel/plugin-transform-unicode-escapes/-/plugin-transform-unicode-escapes-7.29.7.tgz 2102ms (cache miss)
3061 timing reifyNode:node_modules/@babel/plugin-transform-unicode-escapes Completed in 2427ms
3062 http fetch GET 200 https://registry.npmjs.org/@babel/plugin-transform-unicode-property-regex/-/plugin-transform-unicode-property-regex-7.29.7.tgz 2103ms (cache miss)
3063 timing reifyNode:node_modules/@babel/plugin-transform-unicode-property-regex Completed in 2427ms
3064 timing metavuln:cache:get:security-advisory:vite:tMBsdAS7JBTyRORp0YaJR984WAAsOxgmReSLBN0Nd41GhzEakjROICqAJ31iOdYG5Ijo/MlJ01p3ig1iN88+Tw== Completed in 52ms
3065 timing metavuln:load:security-advisory:vite:jKdCIzePj7J1488qgRXvF8Srh9wutSuR1exB8YooNX62hT+qhtrUXYbArLNoIhgwbaCqKpmduh18syZU7BR9SA== Completed in 87ms
3066 timing reifyNode:node_modules/which-typed-array Completed in 2572ms
3067 timing reifyNode:node_modules/set-proto Completed in 2571ms
3068 http fetch GET 200 https://registry.npmjs.org/has-proto/-/has-proto-1.2.0.tgz 2272ms (cache miss)
3069 timing reifyNode:node_modules/get-symbol-description Completed in 2567ms
3070 timing reifyNode:node_modules/object-keys Completed in 2567ms
3071 http fetch GET 200 https://registry.npmjs.org/@babel/helper-replace-supers/-/helper-replace-supers-7.29.7.tgz 2252ms (cache miss)
3072 timing reifyNode:node_modules/@babel/helper-replace-supers Completed in 2564ms
3073 timing reifyNode:node_modules/@babel/helper-member-expression-to-functions Completed in 2564ms
3074 http fetch GET 200 https://registry.npmjs.org/@babel/plugin-transform-unicode-sets-regex/-/plugin-transform-unicode-sets-regex-7.29.7.tgz 2246ms (cache miss)
3075 timing reifyNode:node_modules/@babel/plugin-transform-unicode-sets-regex Completed in 2564ms
3076 http fetch GET 200 https://registry.npmjs.org/@babel/plugin-transform-typeof-symbol/-/plugin-transform-typeof-symbol-7.29.7.tgz 2239ms (cache miss)
3077 timing reifyNode:node_modules/@babel/plugin-transform-typeof-symbol Completed in 2565ms
3078 http fetch GET 200 https://registry.npmjs.org/@babel/plugin-transform-template-literals/-/plugin-transform-template-literals-7.29.7.tgz 2240ms (cache miss)
3079 http fetch GET 200 https://registry.npmjs.org/@babel/plugin-transform-spread/-/plugin-transform-spread-7.29.7.tgz 2239ms (cache miss)
3080 http fetch GET 200 https://registry.npmjs.org/@babel/plugin-transform-shorthand-properties/-/plugin-transform-shorthand-properties-7.29.7.tgz 2238ms (cache miss)
3081 timing reifyNode:node_modules/@babel/plugin-transform-shorthand-properties Completed in 2565ms
3082 http fetch GET 200 https://registry.npmjs.org/@babel/plugin-transform-regexp-modifiers/-/plugin-transform-regexp-modifiers-7.29.7.tgz 2238ms (cache miss)
3083 timing reifyNode:node_modules/@babel/plugin-transform-regexp-modifiers Completed in 2566ms
3084 http fetch GET 200 https://registry.npmjs.org/@babel/plugin-transform-reserved-words/-/plugin-transform-reserved-words-7.29.7.tgz 2239ms (cache miss)
3085 timing reifyNode:node_modules/@babel/plugin-transform-reserved-words Completed in 2566ms
3086 timing reifyNode:node_modules/side-channel Completed in 2623ms
3087 timing reifyNode:node_modules/internal-slot Completed in 2624ms
3088 http fetch GET 200 https://registry.npmjs.org/@babel/plugin-transform-unicode-regex/-/plugin-transform-unicode-regex-7.29.7.tgz 2297ms (cache miss)
3089 timing reifyNode:node_modules/@babel/plugin-transform-unicode-regex Completed in 2620ms
3090 timing reifyNode:node_modules/@babel/plugin-transform-template-literals Completed in 2620ms
3091 timing reifyNode:node_modules/@babel/plugin-transform-spread Completed in 2621ms
3092 http fetch GET 200 https://registry.npmjs.org/@babel/plugin-transform-private-property-in-object/-/plugin-transform-private-property-in-object-7.29.7.tgz 2292ms (cache miss)
3093 http fetch GET 200 https://registry.npmjs.org/@babel/plugin-transform-optional-chaining/-/plugin-transform-optional-chaining-7.29.7.tgz 2291ms (cache miss)
3094 http fetch GET 200 https://registry.npmjs.org/@babel/plugin-transform-private-methods/-/plugin-transform-private-methods-7.29.7.tgz 2293ms (cache miss)
3095 timing reifyNode:node_modules/@babel/plugin-transform-private-methods Completed in 2621ms
3096 http fetch GET 200 https://registry.npmjs.org/@babel/plugin-transform-object-super/-/plugin-transform-object-super-7.29.7.tgz 2291ms (cache miss)
3097 timing reifyNode:node_modules/@babel/plugin-transform-object-super Completed in 2621ms
3098 http fetch GET 200 https://registry.npmjs.org/@babel/plugin-transform-optional-catch-binding/-/plugin-transform-optional-catch-binding-7.29.7.tgz 2292ms (cache miss)
3099 timing reifyNode:node_modules/@babel/plugin-transform-optional-catch-binding Completed in 2622ms
3100 http fetch GET 200 https://registry.npmjs.org/idb/-/idb-7.1.1.tgz 2430ms (cache miss)
3101 http fetch GET 200 https://registry.npmjs.org/tr46/-/tr46-1.0.1.tgz 2422ms (cache miss)
3102 timing reifyNode:node_modules/string.prototype.trim Completed in 2690ms
3103 timing reifyNode:node_modules/arraybuffer.prototype.slice Completed in 2686ms
3104 timing reifyNode:node_modules/define-data-property Completed in 2685ms
3105 timing reifyNode:node_modules/call-bind Completed in 2686ms
3106 timing reifyNode:node_modules/fast-deep-equal Completed in 2681ms
3107 http fetch GET 200 https://registry.npmjs.org/@babel/plugin-transform-sticky-regex/-/plugin-transform-sticky-regex-7.29.7.tgz 2356ms (cache miss)
3108 timing reifyNode:node_modules/@babel/plugin-transform-sticky-regex Completed in 2682ms
3109 timing reifyNode:node_modules/@babel/plugin-transform-private-property-in-object Completed in 2682ms
3110 timing reifyNode:node_modules/@babel/plugin-transform-optional-chaining Completed in 2682ms
3111 http fetch GET 200 https://registry.npmjs.org/@babel/plugin-transform-numeric-separator/-/plugin-transform-numeric-separator-7.29.7.tgz 2351ms (cache miss)
3112 timing reifyNode:node_modules/@babel/plugin-transform-numeric-separator Completed in 2683ms
3113 http fetch GET 200 https://registry.npmjs.org/@babel/plugin-transform-nullish-coalescing-operator/-/plugin-transform-nullish-coalescing-operator-7.29.7.tgz 2352ms (cache miss)
3114 timing reifyNode:node_modules/@babel/plugin-transform-nullish-coalescing-operator Completed in 2683ms
3115 http fetch GET 200 https://registry.npmjs.org/@babel/plugin-transform-new-target/-/plugin-transform-new-target-7.29.7.tgz 2351ms (cache miss)
3116 timing reifyNode:node_modules/@babel/plugin-transform-new-target Completed in 2684ms
3117 http fetch GET 200 https://registry.npmjs.org/@babel/plugin-transform-modules-commonjs/-/plugin-transform-modules-commonjs-7.29.7.tgz 2351ms (cache miss)
3118 http fetch GET 200 https://registry.npmjs.org/@babel/plugin-transform-modules-umd/-/plugin-transform-modules-umd-7.29.7.tgz 2351ms (cache miss)
3119 http fetch GET 200 https://registry.npmjs.org/@babel/plugin-transform-named-capturing-groups-regex/-/plugin-transform-named-capturing-groups-regex-7.29.7.tgz 2352ms (cache miss)
3120 timing reifyNode:node_modules/@babel/plugin-transform-named-capturing-groups-regex Completed in 2685ms
3121 timing reifyNode:node_modules/has-proto Completed in 2751ms
3122 timing reifyNode:node_modules/globalthis Completed in 2752ms
3123 timing reifyNode:node_modules/@babel/helper-create-regexp-features-plugin Completed in 2746ms
3124 http fetch GET 200 https://registry.npmjs.org/@babel/plugin-transform-property-literals/-/plugin-transform-property-literals-7.29.7.tgz 2418ms (cache miss)
3125 timing reifyNode:node_modules/@babel/plugin-transform-property-literals Completed in 2745ms
3126 timing reifyNode:node_modules/@babel/plugin-transform-modules-umd Completed in 2745ms
3127 http fetch GET 200 https://registry.npmjs.org/@babel/plugin-transform-logical-assignment-operators/-/plugin-transform-logical-assignment-operators-7.29.7.tgz 2412ms (cache miss)
3128 timing reifyNode:node_modules/@babel/plugin-transform-logical-assignment-operators Completed in 2746ms
3129 http fetch GET 200 https://registry.npmjs.org/@babel/plugin-transform-literals/-/plugin-transform-literals-7.29.7.tgz 2412ms (cache miss)
3130 timing reifyNode:node_modules/@babel/plugin-transform-literals Completed in 2746ms
3131 http fetch GET 200 https://registry.npmjs.org/@babel/plugin-transform-json-strings/-/plugin-transform-json-strings-7.29.7.tgz 2411ms (cache miss)
3132 timing reifyNode:node_modules/@babel/plugin-transform-json-strings Completed in 2747ms
3133 http fetch GET 200 https://registry.npmjs.org/@babel/plugin-transform-modules-amd/-/plugin-transform-modules-amd-7.29.7.tgz 2414ms (cache miss)
3134 http fetch GET 200 https://registry.npmjs.org/@babel/plugin-transform-member-expression-literals/-/plugin-transform-member-expression-literals-7.29.7.tgz 2414ms (cache miss)
3135 timing reifyNode:node_modules/@babel/plugin-transform-member-expression-literals Completed in 2747ms
3136 http fetch GET 200 https://registry.npmjs.org/@babel/plugin-transform-function-name/-/plugin-transform-function-name-7.29.7.tgz 2421ms (cache miss)
3137 timing reifyNode:node_modules/@babel/plugin-transform-function-name Completed in 2756ms
3138 http fetch GET 200 https://registry.npmjs.org/@babel/plugin-transform-for-of/-/plugin-transform-for-of-7.29.7.tgz 2423ms (cache miss)
3139 timing reifyNode:node_modules/tr46 Completed in 2862ms
3140 http fetch GET 200 https://registry.npmjs.org/whatwg-url/-/whatwg-url-7.1.0.tgz 2552ms (cache miss)
3141 http fetch GET 200 https://registry.npmjs.org/smob/-/smob-1.6.2.tgz 2543ms (cache miss)
3142 timing reifyNode:node_modules/esutils Completed in 2853ms
3143 http fetch GET 200 https://registry.npmjs.org/@babel/plugin-transform-modules-systemjs/-/plugin-transform-modules-systemjs-7.29.7.tgz 2519ms (cache miss)
3144 timing reifyNode:node_modules/@babel/plugin-transform-modules-amd Completed in 2851ms
3145 http fetch GET 200 https://registry.npmjs.org/@babel/plugin-transform-export-namespace-from/-/plugin-transform-export-namespace-from-7.29.7.tgz 2516ms (cache miss)
3146 timing reifyNode:node_modules/@babel/plugin-transform-export-namespace-from Completed in 2852ms
3147 http fetch GET 200 https://registry.npmjs.org/@babel/plugin-transform-exponentiation-operator/-/plugin-transform-exponentiation-operator-7.29.7.tgz 2515ms (cache miss)
3148 timing reifyNode:node_modules/@babel/plugin-transform-exponentiation-operator Completed in 2853ms
3149 http fetch GET 200 https://registry.npmjs.org/@babel/plugin-transform-explicit-resource-management/-/plugin-transform-explicit-resource-management-7.29.7.tgz 2516ms (cache miss)
3150 http fetch GET 200 https://registry.npmjs.org/@babel/plugin-transform-duplicate-named-capturing-groups-regex/-/plugin-transform-duplicate-named-capturing-groups-regex-7.29.7.tgz 2515ms (cache miss)
3151 timing reifyNode:node_modules/@babel/plugin-transform-duplicate-named-capturing-groups-regex Completed in 2852ms
3152 http fetch GET 200 https://registry.npmjs.org/@babel/plugin-transform-duplicate-keys/-/plugin-transform-duplicate-keys-7.29.7.tgz 2516ms (cache miss)
3153 timing reifyNode:node_modules/@babel/plugin-transform-duplicate-keys Completed in 2853ms
3154 http fetch GET 200 https://registry.npmjs.org/@babel/plugin-transform-dynamic-import/-/plugin-transform-dynamic-import-7.29.7.tgz 2516ms (cache miss)
3155 timing reifyNode:node_modules/@babel/plugin-transform-dynamic-import Completed in 2854ms
3156 timing reifyNode:node_modules/idb Completed in 2956ms
3157 timing reifyNode:node_modules/deepmerge Completed in 2940ms
3158 timing reifyNode:node_modules/@babel/plugin-transform-explicit-resource-management Completed in 2941ms
3159 http fetch GET 200 https://registry.npmjs.org/@babel/plugin-transform-dotall-regex/-/plugin-transform-dotall-regex-7.29.7.tgz 2602ms (cache miss)
3160 timing reifyNode:node_modules/@babel/plugin-transform-dotall-regex Completed in 2940ms
3161 http fetch GET 200 https://registry.npmjs.org/@babel/plugin-transform-computed-properties/-/plugin-transform-computed-properties-7.29.7.tgz 2602ms (cache miss)
3162 http fetch GET 200 https://registry.npmjs.org/@babel/plugin-transform-class-properties/-/plugin-transform-class-properties-7.29.7.tgz 2602ms (cache miss)
3163 timing reifyNode:node_modules/@babel/plugin-transform-class-properties Completed in 2942ms
3164 http fetch GET 200 https://registry.npmjs.org/@babel/plugin-transform-block-scoped-functions/-/plugin-transform-block-scoped-functions-7.29.7.tgz 2601ms (cache miss)
3165 timing reifyNode:node_modules/@babel/plugin-transform-block-scoped-functions Completed in 2943ms
3166 http fetch GET 200 https://registry.npmjs.org/regexp.prototype.flags/-/regexp.prototype.flags-1.5.4.tgz 2716ms (cache miss)
3167 timing reifyNode:node_modules/smob Completed in 3014ms
3168 http fetch GET 200 https://registry.npmjs.org/@babel/plugin-transform-object-rest-spread/-/plugin-transform-object-rest-spread-7.29.7.tgz 2682ms (cache miss)
3169 timing reifyNode:node_modules/@babel/plugin-transform-computed-properties Completed in 3010ms
3170 http fetch GET 200 https://registry.npmjs.org/@babel/plugin-syntax-import-attributes/-/plugin-syntax-import-attributes-7.29.7.tgz 2668ms (cache miss)
3171 timing reifyNode:node_modules/@babel/plugin-syntax-import-attributes Completed in 3011ms
3172 http fetch GET 200 https://registry.npmjs.org/@babel/plugin-transform-arrow-functions/-/plugin-transform-arrow-functions-7.29.7.tgz 2670ms (cache miss)
3173 timing reifyNode:node_modules/@babel/plugin-transform-arrow-functions Completed in 3012ms
3174 http fetch GET 200 https://registry.npmjs.org/@babel/plugin-bugfix-v8-static-class-fields-redefine-readonly/-/plugin-bugfix-v8-static-class-fields-redefine-readonly-7.29.7.tgz 2668ms (cache miss)
3175 http fetch GET 200 https://registry.npmjs.org/@babel/plugin-syntax-unicode-sets-regex/-/plugin-syntax-unicode-sets-regex-7.18.6.tgz 2669ms (cache miss)
3176 timing reifyNode:node_modules/@babel/plugin-syntax-unicode-sets-regex Completed in 3013ms
3177 http fetch GET 200 https://registry.npmjs.org/@babel/plugin-proposal-private-property-in-object/-/plugin-proposal-private-property-in-object-7.21.0-placeholder-for-preset-env.2.tgz 2669ms (cache miss)
3178 timing reifyNode:node_modules/whatwg-url Completed in 3059ms
3179 timing reifyNode:node_modules/@babel/plugin-transform-modules-systemjs Completed in 3054ms
3180 http fetch GET 200 https://registry.npmjs.org/@babel/plugin-transform-async-to-generator/-/plugin-transform-async-to-generator-7.29.7.tgz 2713ms (cache miss)
3181 timing reifyNode:node_modules/@babel/plugin-transform-async-to-generator Completed in 3054ms
3182 timing reifyNode:node_modules/@babel/plugin-bugfix-v8-static-class-fields-redefine-readonly Completed in 3053ms
3183 timing reifyNode:node_modules/@babel/plugin-proposal-private-property-in-object Completed in 3054ms
3184 http fetch GET 200 https://registry.npmjs.org/@babel/plugin-bugfix-safari-class-field-initializer-scope/-/plugin-bugfix-safari-class-field-initializer-scope-7.29.7.tgz 2709ms (cache miss)
3185 timing reifyNode:node_modules/@babel/plugin-bugfix-safari-class-field-initializer-scope Completed in 3054ms
3186 http fetch GET 200 https://registry.npmjs.org/@babel/plugin-bugfix-safari-id-destructuring-collision-in-function-expression/-/plugin-bugfix-safari-id-destructuring-collision-in-function-expression-7.29.7.tgz 2709ms (cache miss)
3187 timing reifyNode:node_modules/@babel/plugin-bugfix-safari-id-destructuring-collision-in-function-expression Completed in 3054ms
3188 http fetch GET 200 https://registry.npmjs.org/leven/-/leven-3.1.0.tgz 2709ms (cache miss)
3189 timing reifyNode:node_modules/leven Completed in 3055ms
3190 http fetch GET 200 https://registry.npmjs.org/@babel/plugin-bugfix-safari-rest-destructuring-rhs-array/-/plugin-bugfix-safari-rest-destructuring-rhs-array-7.29.7.tgz 2711ms (cache miss)
3191 http fetch GET 200 https://registry.npmjs.org/@babel/plugin-bugfix-v8-spread-parameters-in-optional-chaining/-/plugin-bugfix-v8-spread-parameters-in-optional-chaining-7.29.7.tgz 2711ms (cache miss)
3192 timing reifyNode:node_modules/@babel/plugin-bugfix-v8-spread-parameters-in-optional-chaining Completed in 3055ms
3193 http fetch GET 200 https://registry.npmjs.org/jsonpointer/-/jsonpointer-5.0.1.tgz 2710ms (cache miss)
3194 timing reifyNode:node_modules/jsonpointer Completed in 3056ms
3195 http fetch GET 200 https://registry.npmjs.org/workbox-sw/-/workbox-sw-7.4.1.tgz 2709ms (cache miss)
3196 timing reifyNode:node_modules/json-schema-traverse Completed in 3117ms
3197 http fetch GET 200 https://registry.npmjs.org/ejs/-/ejs-3.1.10.tgz 2809ms (cache miss)
3198 timing reifyNode:node_modules/@babel/plugin-transform-for-of Completed in 3116ms
3199 http fetch GET 200 https://registry.npmjs.org/@babel/plugin-transform-destructuring/-/plugin-transform-destructuring-7.29.7.tgz 2778ms (cache miss)
3200 http fetch GET 200 https://registry.npmjs.org/@babel/plugin-transform-async-generator-functions/-/plugin-transform-async-generator-functions-7.29.7.tgz 2774ms (cache miss)
3201 timing reifyNode:node_modules/@babel/plugin-transform-async-generator-functions Completed in 3117ms
3202 timing reifyNode:node_modules/@babel/plugin-bugfix-safari-rest-destructuring-rhs-array Completed in 3116ms
3203 http fetch GET 200 https://registry.npmjs.org/@babel/plugin-bugfix-firefox-class-in-computed-class-key/-/plugin-bugfix-firefox-class-in-computed-class-key-7.29.7.tgz 2770ms (cache miss)
3204 timing reifyNode:node_modules/@babel/plugin-bugfix-firefox-class-in-computed-class-key Completed in 3117ms
3205 http fetch GET 200 https://registry.npmjs.org/object.assign/-/object.assign-4.1.7.tgz 2901ms (cache miss)
3206 timing reifyNode:node_modules/function.prototype.name Completed in 3185ms
3207 timing reifyNode:node_modules/regexp.prototype.flags Completed in 3184ms
3208 http fetch GET 200 https://registry.npmjs.org/@rollup/pluginutils/-/pluginutils-5.3.0.tgz 2870ms (cache miss)
3209 timing reifyNode:node_modules/@babel/plugin-transform-object-rest-spread Completed in 3182ms
3210 http fetch GET 200 https://registry.npmjs.org/@babel/plugin-transform-class-static-block/-/plugin-transform-class-static-block-7.29.7.tgz 2841ms (cache miss)
3211 timing reifyNode:node_modules/@babel/plugin-transform-class-static-block Completed in 3181ms
3212 http fetch GET 200 https://registry.npmjs.org/strip-comments/-/strip-comments-2.0.1.tgz 2825ms (cache miss)
3213 http fetch GET 200 https://registry.npmjs.org/stringify-object/-/stringify-object-3.3.0.tgz 2825ms (cache miss)
3214 timing reifyNode:node_modules/stringify-object Completed in 3182ms
3215 http fetch GET 200 https://registry.npmjs.org/tempy/-/tempy-0.6.0.tgz 2829ms (cache miss)
3216 timing reifyNode:node_modules/tempy Completed in 3186ms
3217 http fetch GET 200 https://registry.npmjs.org/upath/-/upath-1.2.0.tgz 2830ms (cache miss)
3218 http fetch GET 200 https://registry.npmjs.org/regexpu-core/-/regexpu-core-6.4.0.tgz 2926ms (cache miss)
3219 http fetch GET 200 https://registry.npmjs.org/babel-plugin-polyfill-corejs2/-/babel-plugin-polyfill-corejs2-0.4.17.tgz 2923ms (cache miss)
3220 http fetch GET 200 https://registry.npmjs.org/@babel/plugin-syntax-import-assertions/-/plugin-syntax-import-assertions-7.29.7.tgz 2896ms (cache miss)
3221 timing reifyNode:node_modules/@babel/plugin-syntax-import-assertions Completed in 3238ms
3222 http fetch GET 200 https://registry.npmjs.org/fast-json-stable-stringify/-/fast-json-stable-stringify-2.1.0.tgz 2882ms (cache miss)
3223 timing reifyNode:node_modules/string.prototype.matchall Completed in 3277ms
3224 timing reifyNode:node_modules/ejs Completed in 3278ms
3225 http fetch GET 200 https://registry.npmjs.org/@babel/plugin-transform-parameters/-/plugin-transform-parameters-7.29.7.tgz 2947ms (cache miss)
3226 timing reifyNode:node_modules/@babel/plugin-transform-destructuring Completed in 3274ms
3227 http fetch GET 200 https://registry.npmjs.org/@babel/plugin-transform-classes/-/plugin-transform-classes-7.29.7.tgz 2935ms (cache miss)
3228 timing reifyNode:node_modules/workbox-sw Completed in 3274ms
3229 timing reifyNode:node_modules/upath Completed in 3275ms
3230 http fetch GET 200 https://registry.npmjs.org/@rollup/plugin-terser/-/plugin-terser-1.0.0.tgz 2916ms (cache miss)
3231 http fetch GET 200 https://registry.npmjs.org/pretty-bytes/-/pretty-bytes-6.1.1.tgz 2914ms (cache miss)
3232 timing reifyNode:node_modules/pretty-bytes Completed in 3276ms
3233 timing reifyNode:node_modules/object.assign Completed in 3339ms
3234 timing reifyNode:node_modules/@rollup/pluginutils Completed in 3332ms
3235 timing reifyNode:node_modules/@babel/plugin-transform-modules-commonjs Completed in 3329ms
3236 http fetch GET 200 https://registry.npmjs.org/escalade/-/escalade-3.2.0.tgz 2964ms (cache miss)
3237 http fetch GET 200 https://registry.npmjs.org/thenify-all/-/thenify-all-1.6.0.tgz 2963ms (cache miss)
3238 timing reifyNode:node_modules/thenify-all Completed in 3322ms
3239 http fetch GET 200 https://registry.npmjs.org/type-fest/-/type-fest-0.16.0.tgz 3107ms (cache miss)
3240 timing reifyNode:node_modules/regexpu-core Completed in 3371ms
3241 timing reifyNode:node_modules/babel-plugin-polyfill-corejs2 Completed in 3370ms
3242 http fetch GET 200 https://registry.npmjs.org/@types/estree/-/estree-1.0.8.tgz 3005ms (cache miss)
3243 timing reifyNode:node_modules/@types/estree Completed in 3369ms
3244 http fetch GET 200 https://registry.npmjs.org/lines-and-columns/-/lines-and-columns-1.2.4.tgz 3001ms (cache miss)
3245 timing reifyNode:node_modules/lines-and-columns Completed in 3361ms
3246 http fetch GET 200 https://registry.npmjs.org/supports-preserve-symlinks-flag/-/supports-preserve-symlinks-flag-1.0.0.tgz 3001ms (cache miss)
3247 http fetch GET 200 https://registry.npmjs.org/thenify/-/thenify-3.3.1.tgz 3005ms (cache miss)
3248 timing reifyNode:node_modules/thenify Completed in 3364ms
3249 http fetch GET 200 https://registry.npmjs.org/ts-interface-checker/-/ts-interface-checker-0.1.13.tgz 3005ms (cache miss)
3250 http fetch GET 200 https://registry.npmjs.org/pirates/-/pirates-4.0.7.tgz 3004ms (cache miss)
3251 timing reifyNode:node_modules/pirates Completed in 3364ms
3252 http fetch GET 200 https://registry.npmjs.org/mz/-/mz-2.7.0.tgz 3004ms (cache miss)
3253 timing metavuln:cache:put:security-advisory:vite:tMBsdAS7JBTyRORp0YaJR984WAAsOxgmReSLBN0Nd41GhzEakjROICqAJ31iOdYG5Ijo/MlJ01p3ig1iN88+Tw== Completed in 873ms
3254 timing metavuln:calculate:security-advisory:vite:jKdCIzePj7J1488qgRXvF8Srh9wutSuR1exB8YooNX62hT+qhtrUXYbArLNoIhgwbaCqKpmduh18syZU7BR9SA== Completed in 1012ms
3255 timing auditReport:init Completed in 2561ms
3256 timing reify:audit Completed in 3470ms
3257 timing reifyNode:node_modules/@babel/plugin-transform-parameters Completed in 3435ms
3258 timing reifyNode:node_modules/@babel/plugin-transform-classes Completed in 3433ms
3259 http fetch GET 200 https://registry.npmjs.org/is-number/-/is-number-7.0.0.tgz 3069ms (cache miss)
3260 timing reifyNode:node_modules/is-number Completed in 3427ms
3261 http fetch GET 200 https://registry.npmjs.org/queue-microtask/-/queue-microtask-1.2.3.tgz 3067ms (cache miss)
3262 timing reifyNode:node_modules/queue-microtask Completed in 3428ms
3263 http fetch GET 200 https://registry.npmjs.org/tinyglobby/-/tinyglobby-0.2.16.tgz 3069ms (cache miss)
3264 http fetch GET 200 https://registry.npmjs.org/pify/-/pify-2.3.0.tgz 3066ms (cache miss)
3265 timing reifyNode:node_modules/pify Completed in 3429ms
3266 http fetch GET 200 https://registry.npmjs.org/camelcase-css/-/camelcase-css-2.0.1.tgz 3067ms (cache miss)
3267 timing reifyNode:node_modules/camelcase-css Completed in 3429ms
3268 http fetch GET 200 https://registry.npmjs.org/is-extglob/-/is-extglob-2.1.1.tgz 3066ms (cache miss)
3269 timing reifyNode:node_modules/is-extglob Completed in 3429ms
3270 http fetch GET 200 https://registry.npmjs.org/binary-extensions/-/binary-extensions-2.3.0.tgz 3066ms (cache miss)
3271 timing reifyNode:node_modules/binary-extensions Completed in 3430ms
3272 http fetch GET 200 https://registry.npmjs.org/to-regex-range/-/to-regex-range-5.0.1.tgz 3066ms (cache miss)
3273 timing reifyNode:node_modules/to-regex-range Completed in 3430ms
3274 http fetch GET 200 https://registry.npmjs.org/path-parse/-/path-parse-1.0.7.tgz 3069ms (cache miss)
3275 timing reifyNode:node_modules/path-parse Completed in 3432ms
3276 timing reifyNode:node_modules/strip-comments Completed in 3482ms
3277 http fetch GET 200 https://registry.npmjs.org/merge2/-/merge2-1.4.1.tgz 3110ms (cache miss)
3278 timing reifyNode:node_modules/merge2 Completed in 3476ms
3279 http fetch GET 200 https://registry.npmjs.org/reusify/-/reusify-1.1.0.tgz 3113ms (cache miss)
3280 http fetch GET 200 https://registry.npmjs.org/run-parallel/-/run-parallel-1.2.0.tgz 3113ms (cache miss)
3281 timing reifyNode:node_modules/run-parallel Completed in 3477ms
3282 http fetch GET 200 https://registry.npmjs.org/@nodelib/fs.scandir/-/fs.scandir-2.1.5.tgz 3113ms (cache miss)
3283 timing reifyNode:node_modules/signal-exit Completed in 3545ms
3284 timing reifyNode:node_modules/type-fest Completed in 3539ms
3285 timing reifyNode:node_modules/es-to-primitive Completed in 3533ms
3286 timing reifyNode:node_modules/estree-walker Completed in 3528ms
3287 http fetch GET 200 https://registry.npmjs.org/commander/-/commander-4.1.1.tgz 3156ms (cache miss)
3288 timing reifyNode:node_modules/tinyglobby Completed in 3516ms
3289 http fetch GET 200 https://registry.npmjs.org/read-cache/-/read-cache-1.0.0.tgz 3154ms (cache miss)
3290 timing reifyNode:node_modules/read-cache Completed in 3516ms
3291 http fetch GET 200 https://registry.npmjs.org/is-core-module/-/is-core-module-2.16.2.tgz 3155ms (cache miss)
3292 http fetch GET 200 https://registry.npmjs.org/fill-range/-/fill-range-7.1.1.tgz 3150ms (cache miss)
3293 timing reifyNode:node_modules/fill-range Completed in 3517ms
3294 http fetch GET 200 https://registry.npmjs.org/@nodelib/fs.walk/-/fs.walk-1.2.8.tgz 3151ms (cache miss)
3295 http fetch GET 200 https://registry.npmjs.org/@nodelib/fs.stat/-/fs.stat-2.0.5.tgz 3152ms (cache miss)
3296 http fetch GET 200 https://registry.npmjs.org/is-binary-path/-/is-binary-path-2.1.0.tgz 3150ms (cache miss)
3297 timing reifyNode:node_modules/is-binary-path Completed in 3517ms
3298 http fetch GET 200 https://registry.npmjs.org/braces/-/braces-3.0.3.tgz 3150ms (cache miss)
3299 http fetch GET 200 https://registry.npmjs.org/anymatch/-/anymatch-3.1.3.tgz 3150ms (cache miss)
3300 timing reifyNode:node_modules/anymatch Completed in 3518ms
3301 http fetch GET 200 https://registry.npmjs.org/@babel/plugin-transform-block-scoping/-/plugin-transform-block-scoping-7.29.7.tgz 3234ms (cache miss)
3302 timing reifyNode:node_modules/mz Completed in 3567ms
3303 http fetch GET 200 https://registry.npmjs.org/readdirp/-/readdirp-3.6.0.tgz 3199ms (cache miss)
3304 timing reifyNode:node_modules/readdirp Completed in 3567ms
3305 http fetch GET 200 https://registry.npmjs.org/normalize-path/-/normalize-path-3.0.0.tgz 3196ms (cache miss)
3306 timing reifyNode:node_modules/normalize-path Completed in 3568ms
3307 http fetch GET 200 https://registry.npmjs.org/postcss-load-config/-/postcss-load-config-6.0.1.tgz 3199ms (cache miss)
3308 http fetch GET 200 https://registry.npmjs.org/postcss-nested/-/postcss-nested-6.2.0.tgz 3199ms (cache miss)
3309 timing reifyNode:node_modules/postcss-nested Completed in 3568ms
3310 http fetch GET 200 https://registry.npmjs.org/postcss-js/-/postcss-js-4.1.0.tgz 3199ms (cache miss)
3311 http fetch GET 200 https://registry.npmjs.org/@rollup/plugin-replace/-/plugin-replace-6.0.3.tgz 3259ms (cache miss)
3312 timing reifyNode:node_modules/escalade Completed in 3611ms
3313 timing reifyNode:node_modules/supports-preserve-symlinks-flag Completed in 3611ms
3314 http fetch GET 200 https://registry.npmjs.org/micromatch/-/micromatch-4.0.8.tgz 3240ms (cache miss)
3315 http fetch GET 200 https://registry.npmjs.org/is-glob/-/is-glob-4.0.3.tgz 3234ms (cache miss)
3316 timing reifyNode:node_modules/is-glob Completed in 3611ms
3317 http fetch GET 200 https://registry.npmjs.org/dlv/-/dlv-1.1.3.tgz 3233ms (cache miss)
3318 timing reifyNode:node_modules/commander Completed in 3654ms
3319 timing reifyNode:node_modules/micromatch Completed in 3654ms
3320 http fetch GET 200 https://registry.npmjs.org/glob-parent/-/glob-parent-6.0.2.tgz 3277ms (cache miss)
3321 timing reifyNode:node_modules/glob-parent Completed in 3655ms
3322 http fetch GET 200 https://registry.npmjs.org/engine.io-parser/-/engine.io-parser-5.2.3.tgz 3275ms (cache miss)
3323 http fetch GET 200 https://registry.npmjs.org/didyoumean/-/didyoumean-1.2.2.tgz 3278ms (cache miss)
3324 timing reifyNode:node_modules/didyoumean Completed in 3656ms
3325 http fetch GET 200 https://registry.npmjs.org/arg/-/arg-5.0.2.tgz 3277ms (cache miss)
3326 timing reifyNode:node_modules/arg Completed in 3657ms
3327 http fetch GET 200 https://registry.npmjs.org/xmlhttprequest-ssl/-/xmlhttprequest-ssl-2.1.2.tgz 3277ms (cache miss)
3328 timing reifyNode:node_modules/xmlhttprequest-ssl Completed in 3657ms
3329 http fetch GET 200 https://registry.npmjs.org/@alloc/quick-lru/-/quick-lru-5.2.0.tgz 3278ms (cache miss)
3330 timing reifyNode:node_modules/@alloc/quick-lru Completed in 3658ms
3331 timing reifyNode:node_modules/@babel/plugin-transform-block-scoping Completed in 3718ms
3332 timing reifyNode:node_modules/postcss-js Completed in 3709ms
3333 http fetch GET 200 https://registry.npmjs.org/object-hash/-/object-hash-3.0.0.tgz 3339ms (cache miss)
3334 http fetch GET 200 https://registry.npmjs.org/socket.io-parser/-/socket.io-parser-4.2.6.tgz 3328ms (cache miss)
3335 http fetch GET 200 https://registry.npmjs.org/path-is-absolute/-/path-is-absolute-1.0.1.tgz 3326ms (cache miss)
3336 timing reifyNode:node_modules/path-is-absolute Completed in 3709ms
3337 http fetch GET 200 https://registry.npmjs.org/concat-map/-/concat-map-0.0.1.tgz 3327ms (cache miss)
3338 http fetch GET 200 https://registry.npmjs.org/@socket.io/component-emitter/-/component-emitter-3.1.2.tgz 3329ms (cache miss)
3339 http fetch GET 200 https://registry.npmjs.org/balanced-match/-/balanced-match-1.0.2.tgz 3328ms (cache miss)
3340 timing reifyNode:node_modules/balanced-match Completed in 3710ms
3341 http fetch GET 200 https://registry.npmjs.org/foreground-child/-/foreground-child-3.3.1.tgz 3551ms (cache miss)
3342 http fetch GET 200 https://registry.npmjs.org/minipass/-/minipass-7.1.3.tgz 3553ms (cache miss)
3343 timing reifyNode:node_modules/@rollup/plugin-replace Completed in 3791ms
3344 http fetch GET 200 https://registry.npmjs.org/esbuild/-/esbuild-0.21.5.tgz 3427ms (cache miss)
3345 timing reifyNode:node_modules/is-core-module Completed in 3785ms
3346 timing reifyNode:node_modules/postcss-load-config Completed in 3786ms
3347 timing reifyNode:node_modules/dlv Completed in 3785ms
3348 http fetch GET 200 https://registry.npmjs.org/lilconfig/-/lilconfig-3.1.3.tgz 3415ms (cache miss)
3349 timing reifyNode:node_modules/lilconfig Completed in 3786ms
3350 http fetch GET 200 https://registry.npmjs.org/wrappy/-/wrappy-1.0.2.tgz 3403ms (cache miss)
3351 timing reifyNode:node_modules/wrappy Completed in 3786ms
3352 http fetch GET 200 https://registry.npmjs.org/once/-/once-1.4.0.tgz 3403ms (cache miss)
3353 timing reifyNode:node_modules/once Completed in 3788ms
3354 http fetch GET 200 https://registry.npmjs.org/inherits/-/inherits-2.0.4.tgz 3403ms (cache miss)
3355 timing reifyNode:node_modules/inherits Completed in 3788ms
3356 http fetch GET 200 https://registry.npmjs.org/inflight/-/inflight-1.0.6.tgz 3403ms (cache miss)
3357 warn deprecated inflight@1.0.6: This module is not supported, and leaks memory. Do not use it. Check out lru-cache if you want a good and tested way to coalesce async requests by a key value, which is much more comprehensive and powerful.
3358 timing reifyNode:node_modules/inflight Completed in 3790ms
3359 timing reifyNode:node_modules/ts-interface-checker Completed in 3875ms
3360 http fetch GET 200 https://registry.npmjs.org/picomatch/-/picomatch-2.3.2.tgz 3508ms (cache miss)
3361 timing reifyNode:node_modules/object-hash Completed in 3875ms
3362 timing reifyNode:node_modules/concat-map Completed in 3874ms
3363 http fetch GET 200 https://registry.npmjs.org/minimatch/-/minimatch-3.1.5.tgz 3491ms (cache miss)
3364 timing reifyNode:node_modules/minimatch Completed in 3875ms
3365 http fetch GET 200 https://registry.npmjs.org/glob/-/glob-7.2.3.tgz 3489ms (cache miss)
3366 http fetch GET 200 https://registry.npmjs.org/clsx/-/clsx-1.2.1.tgz 3483ms (cache miss)
3367 http fetch GET 200 https://registry.npmjs.org/fs.realpath/-/fs.realpath-1.0.0.tgz 3491ms (cache miss)
3368 timing reifyNode:node_modules/fs.realpath Completed in 3877ms
3369 http fetch GET 200 https://registry.npmjs.org/object-assign/-/object-assign-4.1.1.tgz 3493ms (cache miss)
3370 timing reifyNode:node_modules/object-assign Completed in 3882ms
3371 timing reifyNode:node_modules/minipass Completed in 3955ms
3372 http fetch GET 200 https://registry.npmjs.org/babel-plugin-polyfill-corejs3/-/babel-plugin-polyfill-corejs3-0.14.2.tgz 3617ms (cache miss)
3373 http fetch GET 200 https://registry.npmjs.org/@rollup/plugin-babel/-/plugin-babel-6.1.0.tgz 3570ms (cache miss)
3374 timing reifyNode:node_modules/esbuild Completed in 3924ms
3375 http fetch GET 200 https://registry.npmjs.org/brace-expansion/-/brace-expansion-1.1.14.tgz 3541ms (cache miss)
3376 timing reifyNode:node_modules/brace-expansion Completed in 3923ms
3377 timing reifyNode:node_modules/clsx Completed in 3924ms
3378 http fetch GET 200 https://registry.npmjs.org/remove-accents/-/remove-accents-0.5.0.tgz 3529ms (cache miss)
3379 http fetch GET 200 https://registry.npmjs.org/unload/-/unload-2.2.0.tgz 3529ms (cache miss)
3380 http fetch GET 200 https://registry.npmjs.org/rimraf/-/rimraf-3.0.2.tgz 3529ms (cache miss)
3381 timing reifyNode:node_modules/foreground-child Completed in 4022ms
3382 timing reifyNode:node_modules/braces Completed in 3992ms
3383 http fetch GET 200 https://registry.npmjs.org/postcss-import/-/postcss-import-15.1.0.tgz 3623ms (cache miss)
3384 http fetch GET 200 https://registry.npmjs.org/react-lifecycles-compat/-/react-lifecycles-compat-3.0.4.tgz 3603ms (cache miss)
3385 warn deprecated rimraf@3.0.2: Rimraf versions prior to v4 are no longer supported
3386 timing reifyNode:node_modules/rimraf Completed in 3995ms
3387 http fetch GET 200 https://registry.npmjs.org/oblivious-set/-/oblivious-set-1.0.0.tgz 3599ms (cache miss)
3388 http fetch GET 200 https://registry.npmjs.org/nano-time/-/nano-time-1.0.0.tgz 3599ms (cache miss)
3389 timing reifyNode:node_modules/nano-time Completed in 4000ms
3390 http fetch GET 200 https://registry.npmjs.org/microseconds/-/microseconds-0.2.0.tgz 3607ms (cache miss)
3391 timing reifyNode:node_modules/microseconds Completed in 4003ms
3392 http fetch GET 200 https://registry.npmjs.org/js-sha3/-/js-sha3-0.8.0.tgz 3607ms (cache miss)
3393 http fetch GET 200 https://registry.npmjs.org/detect-node/-/detect-node-2.1.0.tgz 3607ms (cache miss)
3394 timing reifyNode:node_modules/detect-node Completed in 4004ms
3395 timing reifyNode:node_modules/fast-json-stable-stringify Completed in 4079ms
3396 timing reifyNode:node_modules/picomatch Completed in 4070ms
3397 http fetch GET 200 https://registry.npmjs.org/nanoid/-/nanoid-3.3.12.tgz 3668ms (cache miss)
3398 http fetch GET 200 https://registry.npmjs.org/agent-base/-/agent-base-6.0.2.tgz 3668ms (cache miss)
3399 http fetch GET 200 https://registry.npmjs.org/util-deprecate/-/util-deprecate-1.0.2.tgz 3672ms (cache miss)
3400 timing reifyNode:node_modules/util-deprecate Completed in 4071ms
3401 http fetch GET 200 https://registry.npmjs.org/loose-envify/-/loose-envify-1.4.0.tgz 3672ms (cache miss)
3402 http fetch GET 200 https://registry.npmjs.org/cssesc/-/cssesc-3.0.0.tgz 3671ms (cache miss)
3403 http fetch GET 200 https://registry.npmjs.org/object-inspect/-/object-inspect-1.13.4.tgz 3870ms (cache miss)
3404 timing reifyNode:node_modules/babel-plugin-polyfill-corejs3 Completed in 4148ms
3405 timing reifyNode:node_modules/@rollup/plugin-babel Completed in 4146ms
3406 timing reifyNode:node_modules/@rollup/plugin-terser Completed in 4146ms
3407 http fetch GET 200 https://registry.npmjs.org/fastq/-/fastq-1.20.1.tgz 3773ms (cache miss)
3408 warn deprecated glob@7.2.3: Old versions of glob are not supported, and contain widely publicized security vulnerabilities, which have been fixed in the current version. Please update. Support for old versions may be purchased (at exorbitant rates) by contacting i@izs.me
3409 timing reifyNode:node_modules/glob Completed in 4137ms
3410 timing reifyNode:node_modules/remove-accents Completed in 4137ms
3411 http fetch GET 200 https://registry.npmjs.org/yallist/-/yallist-3.1.1.tgz 3736ms (cache miss)
3412 timing reifyNode:node_modules/yallist Completed in 4137ms
3413 timing reifyNode:node_modules/loose-envify Completed in 4138ms
3414 http fetch GET 200 https://registry.npmjs.org/math-intrinsics/-/math-intrinsics-1.1.0.tgz 3736ms (cache miss)
3415 http fetch GET 200 https://registry.npmjs.org/gopd/-/gopd-1.2.0.tgz 3737ms (cache miss)
3416 http fetch GET 200 https://registry.npmjs.org/get-proto/-/get-proto-1.0.1.tgz 3736ms (cache miss)
3417 http fetch GET 200 https://registry.npmjs.org/@babel/plugin-transform-regenerator/-/plugin-transform-regenerator-7.29.7.tgz 3917ms (cache miss)
3418 timing reifyNode:node_modules/postcss-import Completed in 4232ms
3419 http fetch GET 200 https://registry.npmjs.org/chokidar/-/chokidar-3.6.0.tgz 3853ms (cache miss)
3420 timing reifyNode:node_modules/@socket.io/component-emitter Completed in 4232ms
3421 timing reifyNode:node_modules/react-lifecycles-compat Completed in 4231ms
3422 http fetch GET 200 https://registry.npmjs.org/react-is/-/react-is-16.13.1.tgz 3845ms (cache miss)
3423 http fetch GET 200 https://registry.npmjs.org/dunder-proto/-/dunder-proto-1.0.1.tgz 3831ms (cache miss)
3424 http fetch GET 200 https://registry.npmjs.org/function-bind/-/function-bind-1.1.2.tgz 3830ms (cache miss)
3425 http fetch GET 200 https://registry.npmjs.org/call-bind-apply-helpers/-/call-bind-apply-helpers-1.0.2.tgz 3830ms (cache miss)
3426 http fetch GET 200 https://registry.npmjs.org/has-tostringtag/-/has-tostringtag-1.0.2.tgz 3828ms (cache miss)
3427 http fetch GET 200 https://registry.npmjs.org/@emotion/is-prop-valid/-/is-prop-valid-0.8.8.tgz 3829ms (cache miss)
3428 http fetch GET 200 https://registry.npmjs.org/@emotion/memoize/-/memoize-0.7.4.tgz 3830ms (cache miss)
3429 http fetch GET 200 https://registry.npmjs.org/acorn/-/acorn-8.16.0.tgz 4054ms (cache miss)
3430 timing reifyNode:node_modules/cssesc Completed in 4304ms
3431 http fetch GET 200 https://registry.npmjs.org/es-object-atoms/-/es-object-atoms-1.1.2.tgz 3899ms (cache miss)
3432 http fetch GET 200 https://registry.npmjs.org/es-define-property/-/es-define-property-1.0.1.tgz 3901ms (cache miss)
3433 http fetch GET 200 https://registry.npmjs.org/delayed-stream/-/delayed-stream-1.0.0.tgz 3899ms (cache miss)
3434 timing reifyNode:node_modules/delayed-stream Completed in 4305ms
3435 http fetch GET 200 https://registry.npmjs.org/mime-types/-/mime-types-2.1.35.tgz 3899ms (cache miss)
3436 timing reifyNode:node_modules/mime-types Completed in 4306ms
3437 http fetch GET 200 https://registry.npmjs.org/es-errors/-/es-errors-1.3.0.tgz 3900ms (cache miss)
3438 http fetch GET 200 https://registry.npmjs.org/hasown/-/hasown-2.0.3.tgz 3899ms (cache miss)
3439 http fetch GET 200 https://registry.npmjs.org/es-set-tostringtag/-/es-set-tostringtag-2.1.0.tgz 3899ms (cache miss)
3440 timing reifyNode:node_modules/object-inspect Completed in 4404ms
3441 timing reifyNode:node_modules/fastq Completed in 4382ms
3442 timing reifyNode:node_modules/reusify Completed in 4383ms
3443 timing reifyNode:node_modules/react-is Completed in 4381ms
3444 http fetch GET 200 https://registry.npmjs.org/get-intrinsic/-/get-intrinsic-1.3.0.tgz 3978ms (cache miss)
3445 http fetch GET 200 https://registry.npmjs.org/https-proxy-agent/-/https-proxy-agent-5.0.1.tgz 3969ms (cache miss)
3446 http fetch GET 200 https://registry.npmjs.org/ms/-/ms-2.1.3.tgz 3973ms (cache miss)
3447 timing reifyNode:node_modules/ms Completed in 4391ms
3448 http fetch GET 200 https://registry.npmjs.org/update-browserslist-db/-/update-browserslist-db-1.2.3.tgz 3976ms (cache miss)
3449 http fetch GET 200 https://registry.npmjs.org/asynckit/-/asynckit-0.4.0.tgz 3981ms (cache miss)
3450 http fetch GET 200 https://registry.npmjs.org/node-releases/-/node-releases-2.0.46.tgz 3984ms (cache miss)
3451 timing reifyNode:node_modules/acorn Completed in 4492ms
3452 http fetch GET 200 https://registry.npmjs.org/magic-string/-/magic-string-0.30.21.tgz 4178ms (cache miss)
3453 timing reifyNode:node_modules/@babel/plugin-transform-regenerator Completed in 4487ms
3454 timing reifyNode:node_modules/chokidar Completed in 4475ms
3455 http fetch GET 200 https://registry.npmjs.org/combined-stream/-/combined-stream-1.0.8.tgz 4063ms (cache miss)
3456 timing reifyNode:node_modules/combined-stream Completed in 4475ms
3457 http fetch GET 200 https://registry.npmjs.org/proxy-from-env/-/proxy-from-env-2.1.0.tgz 4060ms (cache miss)
3458 timing reifyNode:node_modules/proxy-from-env Completed in 4473ms
3459 http fetch GET 200 https://registry.npmjs.org/postcss-value-parser/-/postcss-value-parser-4.2.0.tgz 4059ms (cache miss)
3460 http fetch GET 200 https://registry.npmjs.org/path-scurry/-/path-scurry-2.0.2.tgz 4304ms (cache miss)
3461 http fetch GET 200 https://registry.npmjs.org/@rollup/plugin-node-resolve/-/plugin-node-resolve-16.0.3.tgz 4241ms (cache miss)
3462 timing reifyNode:node_modules/js-sha3 Completed in 4616ms
3463 http fetch GET 200 https://registry.npmjs.org/@types/babel__template/-/babel__template-7.4.4.tgz 4220ms (cache miss)
3464 timing reifyNode:node_modules/@types/babel__template Completed in 4638ms
3465 http fetch GET 200 https://registry.npmjs.org/@babel/helper-globals/-/helper-globals-7.29.7.tgz 4222ms (cache miss)
3466 http fetch GET 200 https://registry.npmjs.org/@babel/helper-module-imports/-/helper-module-imports-7.29.7.tgz 4223ms (cache miss)
3467 http fetch GET 200 https://registry.npmjs.org/@babel/helper-plugin-utils/-/helper-plugin-utils-7.29.7.tgz 4225ms (cache miss)
3468 timing reifyNode:node_modules/@babel/helper-plugin-utils Completed in 4642ms
3469 http fetch GET 200 https://registry.npmjs.org/@babel/helper-string-parser/-/helper-string-parser-7.29.7.tgz 4229ms (cache miss)
3470 timing reifyNode:node_modules/hasown Completed in 4780ms
3471 timing reifyNode:node_modules/update-browserslist-db Completed in 4780ms
3472 http fetch GET 200 https://registry.npmjs.org/@types/babel__generator/-/babel__generator-7.27.0.tgz 4369ms (cache miss)
3473 timing reifyNode:node_modules/@types/babel__generator Completed in 4786ms
3474 timing reifyNode:node_modules/@babel/helper-string-parser Completed in 4790ms
3475 http fetch GET 200 https://registry.npmjs.org/picocolors/-/picocolors-1.1.1.tgz 4370ms (cache miss)
3476 timing reifyNode:node_modules/picocolors Completed in 4790ms
3477 http fetch GET 200 https://registry.npmjs.org/js-tokens/-/js-tokens-4.0.0.tgz 4369ms (cache miss)
3478 timing reifyNode:node_modules/js-tokens Completed in 4791ms
3479 http fetch GET 200 https://registry.npmjs.org/gensync/-/gensync-1.0.0-beta.2.tgz 4370ms (cache miss)
3480 http fetch GET 200 https://registry.npmjs.org/@babel/helper-validator-option/-/helper-validator-option-7.29.7.tgz 4375ms (cache miss)
3481 timing reifyNode:node_modules/path-scurry Completed in 4861ms
3482 timing reifyNode:node_modules/magic-string Completed in 4841ms
3483 http fetch GET 200 https://registry.npmjs.org/prop-types/-/prop-types-15.8.1.tgz 4434ms (cache miss)
3484 http fetch GET 200 https://registry.npmjs.org/big-integer/-/big-integer-1.6.52.tgz 4430ms (cache miss)
3485 http fetch GET 200 https://registry.npmjs.org/follow-redirects/-/follow-redirects-1.16.0.tgz 4408ms (cache miss)
3486 http fetch GET 200 https://registry.npmjs.org/@types/babel__traverse/-/babel__traverse-7.28.0.tgz 4406ms (cache miss)
3487 timing reifyNode:node_modules/@types/babel__traverse Completed in 4822ms
3488 timing reifyNode:node_modules/@babel/helper-globals Completed in 4822ms
3489 http fetch GET 200 https://registry.npmjs.org/convert-source-map/-/convert-source-map-2.0.0.tgz 4401ms (cache miss)
3490 timing reifyNode:node_modules/convert-source-map Completed in 4823ms
3491 http fetch GET 200 https://registry.npmjs.org/debug/-/debug-4.4.3.tgz 4402ms (cache miss)
3492 http fetch GET 200 https://registry.npmjs.org/@babel/helper-define-polyfill-provider/-/helper-define-polyfill-provider-0.6.8.tgz 4561ms (cache miss)
3493 http fetch GET 200 https://registry.npmjs.org/workbox-navigation-preload/-/workbox-navigation-preload-7.4.1.tgz 4514ms (cache miss)
3494 http fetch GET 200 https://registry.npmjs.org/workbox-cacheable-response/-/workbox-cacheable-response-7.4.1.tgz 4508ms (cache miss)
3495 timing reifyNode:node_modules/@rollup/plugin-node-resolve Completed in 4864ms
3496 timing reifyNode:node_modules/@nodelib/fs.stat Completed in 4855ms
3497 timing reifyNode:node_modules/es-set-tostringtag Completed in 4853ms
3498 timing reifyNode:node_modules/follow-redirects Completed in 4849ms
3499 http fetch GET 200 https://registry.npmjs.org/lru-cache/-/lru-cache-5.1.1.tgz 4432ms (cache miss)
3500 timing reifyNode:node_modules/lru-cache Completed in 4849ms
3501 http fetch GET 200 https://registry.npmjs.org/@babel/helper-validator-identifier/-/helper-validator-identifier-7.29.7.tgz 4429ms (cache miss)
3502 http fetch GET 200 https://registry.npmjs.org/jsesc/-/jsesc-3.1.0.tgz 4432ms (cache miss)
3503 http fetch GET 200 https://registry.npmjs.org/react-refresh/-/react-refresh-0.17.0.tgz 4425ms (cache miss)
3504 http fetch GET 200 https://registry.npmjs.org/@types/babel__core/-/babel__core-7.20.5.tgz 4425ms (cache miss)
3505 timing reifyNode:node_modules/@types/babel__core Completed in 4851ms
3506 http fetch GET 200 https://registry.npmjs.org/@babel/code-frame/-/code-frame-7.29.7.tgz 4426ms (cache miss)
3507 http fetch GET 200 https://registry.npmjs.org/@babel/helper-compilation-targets/-/helper-compilation-targets-7.29.7.tgz 4427ms (cache miss)
3508 http fetch GET 200 https://registry.npmjs.org/@rolldown/pluginutils/-/pluginutils-1.0.0-beta.27.tgz 4425ms (cache miss)
3509 timing reifyNode:node_modules/@rolldown/pluginutils Completed in 4852ms
3510 timing reifyNode:node_modules/prop-types Completed in 4881ms
3511 http fetch GET 200 https://registry.npmjs.org/mime-db/-/mime-db-1.52.0.tgz 4480ms (cache miss)
3512 timing reifyNode:node_modules/agent-base Completed in 4881ms
3513 timing reifyNode:node_modules/gopd Completed in 4882ms
3514 timing reifyNode:node_modules/es-define-property Completed in 4883ms
3515 http fetch GET 200 https://registry.npmjs.org/semver/-/semver-6.3.1.tgz 4457ms (cache miss)
3516 timing reifyNode:node_modules/debug Completed in 4880ms
3517 timing reifyNode:node_modules/@babel/code-frame Completed in 4880ms
3518 http fetch GET 200 https://registry.npmjs.org/@babel/plugin-transform-react-jsx-source/-/plugin-transform-react-jsx-source-7.29.7.tgz 4453ms (cache miss)
3519 timing reifyNode:node_modules/@babel/plugin-transform-react-jsx-source Completed in 4880ms
3520 http fetch GET 200 https://registry.npmjs.org/@babel/plugin-transform-react-jsx-self/-/plugin-transform-react-jsx-self-7.29.7.tgz 4453ms (cache miss)
3521 timing reifyNode:node_modules/@babel/plugin-transform-react-jsx-self Completed in 4881ms
3522 timing reifyNode:node_modules/workbox-navigation-preload Completed in 4917ms
3523 timing reifyNode:node_modules/workbox-cacheable-response Completed in 4918ms
3524 http fetch GET 200 https://registry.npmjs.org/eta/-/eta-4.6.0.tgz 4560ms (cache miss)
3525 http fetch GET 200 https://registry.npmjs.org/@apideck/better-ajv-errors/-/better-ajv-errors-0.3.7.tgz 4557ms (cache miss)
3526 timing reifyNode:node_modules/big-integer Completed in 4909ms
3527 timing reifyNode:node_modules/dunder-proto Completed in 4908ms
3528 http fetch GET 200 https://registry.npmjs.org/form-data/-/form-data-4.0.5.tgz 4492ms (cache miss)
3529 timing reifyNode:node_modules/node-releases Completed in 4905ms
3530 timing reifyNode:node_modules/postcss-value-parser Completed in 4905ms
3531 timing reifyNode:node_modules/gensync Completed in 4904ms
3532 timing reifyNode:node_modules/@babel/helper-define-polyfill-provider Completed in 4952ms
3533 http fetch GET 200 https://registry.npmjs.org/workbox-google-analytics/-/workbox-google-analytics-7.4.1.tgz 4596ms (cache miss)
3534 http fetch GET 200 https://registry.npmjs.org/source-map/-/source-map-0.8.0-beta.0.tgz 4588ms (cache miss)
3535 timing reifyNode:node_modules/get-intrinsic Completed in 4934ms
3536 http fetch GET 200 https://registry.npmjs.org/@jridgewell/resolve-uri/-/resolve-uri-3.1.2.tgz 4514ms (cache miss)
3537 timing reifyNode:node_modules/@babel/helper-validator-identifier Completed in 4929ms
3538 timing reifyNode:node_modules/semver Completed in 4929ms
3539 timing reifyNode:node_modules/jsesc Completed in 4931ms
3540 timing reifyNode:node_modules/@babel/helper-validator-option Completed in 4931ms
3541 http fetch GET 200 https://registry.npmjs.org/@types/prop-types/-/prop-types-15.7.15.tgz 4502ms (cache miss)
3542 timing reifyNode:node_modules/@types/prop-types Completed in 4931ms
3543 timing reifyNode:node_modules/mime-db Completed in 4957ms
3544 timing reifyNode:node_modules/function-bind Completed in 4956ms
3545 timing reifyNode:node_modules/get-proto Completed in 4957ms
3546 timing reifyNode:node_modules/@emotion/memoize Completed in 4957ms
3547 timing reifyNode:node_modules/https-proxy-agent Completed in 4953ms
3548 http fetch GET 200 https://registry.npmjs.org/browserslist/-/browserslist-4.28.2.tgz 4534ms (cache miss)
3549 http fetch GET 200 https://registry.npmjs.org/brace-expansion/-/brace-expansion-2.1.1.tgz 4510ms (cache miss)
3550 timing reifyNode:node_modules/filelist/node_modules/brace-expansion Completed in 4991ms
3551 http fetch GET 200 https://registry.npmjs.org/@types/react-dom/-/react-dom-18.3.7.tgz 4513ms (cache miss)
3552 timing reifyNode:node_modules/workbox-google-analytics Completed in 4987ms
3553 timing reifyNode:node_modules/eta Completed in 4988ms
3554 timing reifyNode:node_modules/@apideck/better-ajv-errors Completed in 4988ms
3555 http fetch GET 200 https://registry.npmjs.org/match-sorter/-/match-sorter-6.3.4.tgz 4580ms (cache miss)
3556 timing reifyNode:node_modules/es-object-atoms Completed in 4977ms
3557 timing reifyNode:node_modules/form-data Completed in 4972ms
3558 http fetch GET 200 https://registry.npmjs.org/commander/-/commander-2.20.3.tgz 4530ms (cache miss)
3559 http fetch GET 200 https://registry.npmjs.org/balanced-match/-/balanced-match-4.0.4.tgz 4530ms (cache miss)
3560 http fetch GET 200 https://registry.npmjs.org/brace-expansion/-/brace-expansion-5.0.6.tgz 4530ms (cache miss)
3561 http fetch GET 200 https://registry.npmjs.org/minimatch/-/minimatch-5.1.9.tgz 4532ms (cache miss)
3562 warn deprecated source-map@0.8.0-beta.0: The work that was done in this beta branch won't be included in future versions
3563 timing reifyNode:node_modules/source-map Completed in 5008ms
3564 timing reifyNode:node_modules/@nodelib/fs.scandir Completed in 5000ms
3565 http fetch GET 200 https://registry.npmjs.org/tslib/-/tslib-2.8.1.tgz 4593ms (cache miss)
3566 timing reifyNode:node_modules/@jridgewell/resolve-uri Completed in 4993ms
3567 http fetch GET 200 https://registry.npmjs.org/pretty-bytes/-/pretty-bytes-5.6.0.tgz 4549ms (cache miss)
3568 timing reifyNode:node_modules/workbox-build/node_modules/pretty-bytes Completed in 5022ms
3569 http fetch GET 200 https://registry.npmjs.org/glob-parent/-/glob-parent-5.1.2.tgz 4548ms (cache miss)
3570 timing reifyNode:node_modules/fast-glob/node_modules/glob-parent Completed in 5011ms
3571 http fetch GET 200 https://registry.npmjs.org/fdir/-/fdir-6.5.0.tgz 4550ms (cache miss)
3572 http fetch GET 200 https://registry.npmjs.org/has-symbols/-/has-symbols-1.1.0.tgz 4616ms (cache miss)
3573 timing reifyNode:node_modules/has-tostringtag Completed in 5018ms
3574 timing reifyNode:node_modules/browserslist Completed in 5013ms
3575 timing reifyNode:node_modules/filelist/node_modules/minimatch Completed in 5052ms
3576 http fetch GET 200 https://registry.npmjs.org/@babel/helper-create-class-features-plugin/-/helper-create-class-features-plugin-7.29.7.tgz 4747ms (cache miss)
3577 http fetch GET 200 https://registry.npmjs.org/any-promise/-/any-promise-1.3.0.tgz 4689ms (cache miss)
3578 timing reifyNode:node_modules/oblivious-set Completed in 5044ms
3579 timing reifyNode:node_modules/match-sorter Completed in 5043ms
3580 timing reifyNode:node_modules/@babel/helper-module-imports Completed in 5038ms
3581 timing reifyNode:node_modules/terser/node_modules/commander Completed in 5074ms
3582 timing reifyNode:node_modules/@types/react-dom Completed in 5039ms
3583 http fetch GET 200 https://registry.npmjs.org/jackspeak/-/jackspeak-4.2.3.tgz 4838ms (cache miss)
3584 http fetch GET 200 https://registry.npmjs.org/workbox-range-requests/-/workbox-range-requests-7.4.1.tgz 4724ms (cache miss)
3585 http fetch GET 200 https://registry.npmjs.org/ws/-/ws-8.20.1.tgz 4680ms (cache miss)
3586 timing reifyNode:node_modules/unload Completed in 5060ms
3587 http fetch GET 200 https://registry.npmjs.org/scheduler/-/scheduler-0.23.2.tgz 4661ms (cache miss)
3588 timing reifyNode:node_modules/tslib Completed in 5059ms
3589 timing reifyNode:node_modules/asynckit Completed in 5060ms
3590 http fetch GET 200 https://registry.npmjs.org/glob-parent/-/glob-parent-5.1.2.tgz 4608ms (cache miss)
3591 timing reifyNode:node_modules/chokidar/node_modules/glob-parent Completed in 5071ms
3592 http fetch GET 200 https://registry.npmjs.org/source-map-js/-/source-map-js-1.2.1.tgz 4676ms (cache miss)
3593 timing reifyNode:node_modules/has-symbols Completed in 5075ms
3594 timing reifyNode:node_modules/@emotion/is-prop-valid Completed in 5074ms
3595 timing reifyNode:node_modules/react-refresh Completed in 5070ms
3596 timing reifyNode:node_modules/jackspeak Completed in 5128ms
3597 timing reifyNode:node_modules/@babel/helper-create-class-features-plugin Completed in 5108ms
3598 timing reifyNode:node_modules/workbox-range-requests Completed in 5103ms
3599 timing reifyNode:node_modules/any-promise Completed in 5094ms
3600 timing reifyNode:node_modules/call-bind-apply-helpers Completed in 5090ms
3601 http fetch GET 200 https://registry.npmjs.org/@vitejs/plugin-react/-/plugin-react-4.7.0.tgz 4647ms (cache miss)
3602 timing reifyNode:node_modules/@nodelib/fs.walk Completed in 5110ms
3603 timing reifyNode:node_modules/ws Completed in 5109ms
3604 timing reifyNode:node_modules/scheduler Completed in 5107ms
3605 http fetch GET 200 https://registry.npmjs.org/@babel/compat-data/-/compat-data-7.29.7.tgz 4681ms (cache miss)
3606 timing reifyNode:node_modules/source-map-js Completed in 5121ms
3607 timing reifyNode:node_modules/es-errors Completed in 5119ms
3608 http fetch GET 200 https://registry.npmjs.org/electron-to-chromium/-/electron-to-chromium-1.5.361.tgz 4705ms (cache miss)
3609 http fetch GET 200 https://registry.npmjs.org/baseline-browser-mapping/-/baseline-browser-mapping-2.10.32.tgz 4704ms (cache miss)
3610 http fetch GET 200 https://registry.npmjs.org/@tailwindcss/typography/-/typography-0.5.19.tgz 4675ms (cache miss)
3611 timing reifyNode:node_modules/@vitejs/plugin-react Completed in 5117ms
3612 timing reifyNode:node_modules/tinyglobby/node_modules/fdir Completed in 5136ms
3613 http fetch GET 200 https://registry.npmjs.org/fast-uri/-/fast-uri-3.1.2.tgz 4848ms (cache miss)
3614 http fetch GET 200 https://registry.npmjs.org/workbox-broadcast-update/-/workbox-broadcast-update-7.4.1.tgz 4795ms (cache miss)
3615 http fetch GET 200 https://registry.npmjs.org/picomatch/-/picomatch-4.0.4.tgz 4685ms (cache miss)
3616 http fetch GET 200 https://registry.npmjs.org/workbox-recipes/-/workbox-recipes-7.4.1.tgz 4819ms (cache miss)
3617 timing reifyNode:node_modules/electron-to-chromium Completed in 5148ms
3618 timing reifyNode:node_modules/baseline-browser-mapping Completed in 5149ms
3619 timing reifyNode:node_modules/@babel/compat-data Completed in 5148ms
3620 http fetch GET 200 https://registry.npmjs.org/picomatch/-/picomatch-4.0.4.tgz 4703ms (cache miss)
3621 timing reifyNode:node_modules/workbox-broadcast-update Completed in 5181ms
3622 timing reifyNode:node_modules/@babel/helper-compilation-targets Completed in 5160ms
3623 timing reifyNode:node_modules/@tailwindcss/typography Completed in 5160ms
3624 timing reifyNode:node_modules/@rollup/pluginutils/node_modules/picomatch Completed in 5197ms
3625 timing reifyNode:node_modules/fast-uri Completed in 5201ms
3626 timing reifyNode:node_modules/workbox-recipes Completed in 5194ms
3627 timing reifyNode:node_modules/nanoid Completed in 5182ms
3628 http fetch GET 200 https://registry.npmjs.org/@babel/template/-/template-7.29.7.tgz 4750ms (cache miss)
3629 timing reifyNode:node_modules/workbox-build/node_modules/balanced-match Completed in 5215ms
3630 timing reifyNode:node_modules/tinyglobby/node_modules/picomatch Completed in 5207ms
3631 timing reifyNode:node_modules/socket.io-parser Completed in 5208ms
3632 http fetch GET 200 https://registry.npmjs.org/@babel/preset-modules/-/preset-modules-0.1.6-no-external-plugins.tgz 4922ms (cache miss)
3633 timing reifyNode:node_modules/@babel/template Completed in 5213ms
3634 http fetch GET 200 https://registry.npmjs.org/workbox-streams/-/workbox-streams-7.4.1.tgz 4896ms (cache miss)
3635 http fetch GET 200 https://registry.npmjs.org/fraction.js/-/fraction.js-5.3.4.tgz 4810ms (cache miss)
3636 timing reifyNode:node_modules/@babel/preset-modules Completed in 5269ms
3637 timing reifyNode:node_modules/workbox-build/node_modules/brace-expansion Completed in 5271ms
3638 timing reifyNode:node_modules/workbox-streams Completed in 5276ms
3639 http fetch GET 200 https://registry.npmjs.org/jake/-/jake-10.9.4.tgz 4987ms (cache miss)
3640 http fetch GET 200 https://registry.npmjs.org/workbox-expiration/-/workbox-expiration-7.4.1.tgz 4935ms (cache miss)
3641 timing reifyNode:node_modules/fraction.js Completed in 5265ms
3642 http fetch GET 200 https://registry.npmjs.org/@babel/helper-module-transforms/-/helper-module-transforms-7.29.7.tgz 4839ms (cache miss)
3643 http fetch GET 200 https://registry.npmjs.org/core-js-compat/-/core-js-compat-3.49.0.tgz 4985ms (cache miss)
3644 timing reifyNode:node_modules/workbox-expiration Completed in 5307ms
3645 timing reifyNode:node_modules/math-intrinsics Completed in 5292ms
3646 http fetch GET 200 https://registry.npmjs.org/json5/-/json5-2.2.3.tgz 4864ms (cache miss)
3647 timing reifyNode:node_modules/jake Completed in 5325ms
3648 timing reifyNode:node_modules/@babel/helper-module-transforms Completed in 5296ms
3649 http fetch GET 200 https://registry.npmjs.org/react-intersection-observer/-/react-intersection-observer-9.16.0.tgz 4864ms (cache miss)
3650 timing reifyNode:node_modules/core-js-compat Completed in 5335ms
3651 http fetch GET 200 https://registry.npmjs.org/@jridgewell/remapping/-/remapping-2.3.5.tgz 4887ms (cache miss)
3652 http fetch GET 200 https://registry.npmjs.org/@jridgewell/sourcemap-codec/-/sourcemap-codec-1.5.5.tgz 4911ms (cache miss)
3653 timing reifyNode:node_modules/json5 Completed in 5325ms
3654 timing reifyNode:node_modules/engine.io-parser Completed in 5344ms
3655 timing reifyNode:node_modules/react-intersection-observer Completed in 5334ms
3656 timing reifyNode:node_modules/@jridgewell/remapping Completed in 5348ms
3657 http fetch GET 200 https://registry.npmjs.org/@babel/preset-env/-/preset-env-7.29.7.tgz 5020ms (cache miss)
3658 timing reifyNode:node_modules/@jridgewell/sourcemap-codec Completed in 5361ms
3659 http fetch GET 200 https://registry.npmjs.org/@jridgewell/gen-mapping/-/gen-mapping-0.3.13.tgz 4951ms (cache miss)
3660 http fetch GET 200 https://registry.npmjs.org/fs-extra/-/fs-extra-9.1.0.tgz 5051ms (cache miss)
3661 timing reifyNode:node_modules/@babel/preset-env Completed in 5410ms
3662 timing reifyNode:node_modules/@jridgewell/gen-mapping Completed in 5399ms
3663 timing reifyNode:node_modules/fs-extra Completed in 5437ms
3664 http fetch GET 200 https://registry.npmjs.org/vite-plugin-pwa/-/vite-plugin-pwa-0.17.5.tgz 5024ms (cache miss)
3665 http fetch GET 200 https://registry.npmjs.org/react/-/react-18.3.1.tgz 5022ms (cache miss)
3666 http fetch GET 200 https://registry.npmjs.org/@types/react/-/react-18.3.29.tgz 5021ms (cache miss)
3667 http fetch GET 200 https://registry.npmjs.org/workbox-routing/-/workbox-routing-7.4.1.tgz 5145ms (cache miss)
3668 http fetch GET 200 https://registry.npmjs.org/workbox-background-sync/-/workbox-background-sync-7.4.1.tgz 5145ms (cache miss)
3669 timing reifyNode:node_modules/vite-plugin-pwa Completed in 5476ms
3670 http fetch GET 200 https://registry.npmjs.org/react-hot-toast/-/react-hot-toast-2.6.0.tgz 5046ms (cache miss)
3671 timing reifyNode:node_modules/react Completed in 5478ms
3672 timing reifyNode:node_modules/@types/react Completed in 5485ms
3673 timing reifyNode:node_modules/workbox-routing Completed in 5516ms
3674 timing reifyNode:node_modules/workbox-background-sync Completed in 5517ms
3675 timing reifyNode:node_modules/react-hot-toast Completed in 5511ms
3676 http fetch GET 200 https://registry.npmjs.org/@jridgewell/trace-mapping/-/trace-mapping-0.3.31.tgz 5149ms (cache miss)
3677 http fetch GET 200 https://registry.npmjs.org/postcss-selector-parser/-/postcss-selector-parser-6.1.2.tgz 5121ms (cache miss)
3678 http fetch GET 200 https://registry.npmjs.org/postcss-selector-parser/-/postcss-selector-parser-6.0.10.tgz 5153ms (cache miss)
3679 http fetch GET 200 https://registry.npmjs.org/postcss-selector-parser/-/postcss-selector-parser-6.1.2.tgz 5134ms (cache miss)
3680 timing reifyNode:node_modules/postcss-nested/node_modules/postcss-selector-parser Completed in 5607ms
3681 http fetch GET 200 https://registry.npmjs.org/fast-glob/-/fast-glob-3.3.3.tgz 5231ms (cache miss)
3682 timing reifyNode:node_modules/@jridgewell/trace-mapping Completed in 5600ms
3683 timing reifyNode:node_modules/postcss-selector-parser Completed in 5598ms
3684 timing reifyNode:node_modules/tailwindcss/node_modules/postcss-selector-parser Completed in 5599ms
3685 timing reifyNode:node_modules/fast-glob Completed in 5633ms
3686 http fetch GET 200 https://registry.npmjs.org/workbox-strategies/-/workbox-strategies-7.4.1.tgz 5337ms (cache miss)
3687 timing reifyNode:node_modules/workbox-strategies Completed in 5700ms
3688 http fetch GET 200 https://registry.npmjs.org/workbox-window/-/workbox-window-7.4.1.tgz 5361ms (cache miss)
3689 timing reifyNode:node_modules/workbox-window Completed in 5739ms
3690 http fetch GET 200 https://registry.npmjs.org/react-router/-/react-router-6.30.3.tgz 5340ms (cache miss)
3691 http fetch GET 200 https://registry.npmjs.org/postcss/-/postcss-8.5.15.tgz 5289ms (cache miss)
3692 timing reifyNode:node_modules/react-router Completed in 5746ms
3693 timing reifyNode:node_modules/postcss Completed in 5748ms
3694 http fetch GET 200 https://registry.npmjs.org/broadcast-channel/-/broadcast-channel-3.7.0.tgz 5379ms (cache miss)
3695 http fetch GET 200 https://registry.npmjs.org/source-map/-/source-map-0.6.1.tgz 5326ms (cache miss)
3696 http fetch GET 200 https://registry.npmjs.org/csstype/-/csstype-3.2.3.tgz 5355ms (cache miss)
3697 timing reifyNode:node_modules/broadcast-channel Completed in 5800ms
3698 timing reifyNode:node_modules/source-map-support/node_modules/source-map Completed in 5840ms
3699 timing reifyNode:node_modules/csstype Completed in 5808ms
3700 http fetch GET 200 https://registry.npmjs.org/goober/-/goober-2.1.19.tgz 5451ms (cache miss)
3701 http fetch GET 200 https://registry.npmjs.org/react-router-dom/-/react-router-dom-6.30.3.tgz 5416ms (cache miss)
3702 timing reifyNode:node_modules/goober Completed in 5869ms
3703 http fetch GET 200 https://registry.npmjs.org/@babel/generator/-/generator-7.29.7.tgz 5441ms (cache miss)
3704 timing reifyNode:node_modules/react-router-dom Completed in 5866ms
3705 timing reifyNode:node_modules/@babel/generator Completed in 5890ms
3706 http fetch GET 200 https://registry.npmjs.org/minimatch/-/minimatch-10.2.5.tgz 5461ms (cache miss)
3707 timing reifyNode:node_modules/workbox-build/node_modules/minimatch Completed in 5953ms
3708 http fetch GET 200 https://registry.npmjs.org/autoprefixer/-/autoprefixer-10.5.0.tgz 5559ms (cache miss)
3709 http fetch GET 200 https://registry.npmjs.org/workbox-precaching/-/workbox-precaching-7.4.1.tgz 5690ms (cache miss)
3710 timing reifyNode:node_modules/autoprefixer Completed in 6016ms
3711 timing reifyNode:node_modules/workbox-precaching Completed in 6065ms
3712 http fetch GET 200 https://registry.npmjs.org/@isaacs/cliui/-/cliui-9.0.0.tgz 5878ms (cache miss)
3713 http fetch GET 200 https://registry.npmjs.org/glob/-/glob-11.1.0.tgz 5649ms (cache miss)
3714 timing reifyNode:node_modules/@isaacs/cliui Completed in 6153ms
3715 http fetch GET 200 https://registry.npmjs.org/@rollup/rollup-linux-x64-gnu/-/rollup-linux-x64-gnu-4.60.4.tgz 5766ms (cache miss)
3716 timing reifyNode:node_modules/@rollup/rollup-linux-x64-gnu Completed in 6130ms
3717 warn deprecated glob@11.1.0: Old versions of glob are not supported, and contain widely publicized security vulnerabilities, which have been fixed in the current version. Please update. Support for old versions may be purchased (at exorbitant rates) by contacting i@izs.me
3718 timing reifyNode:node_modules/workbox-build/node_modules/glob Completed in 6141ms
3719 http fetch GET 200 https://registry.npmjs.org/jiti/-/jiti-1.21.7.tgz 5754ms (cache miss)
3720 http fetch GET 200 https://registry.npmjs.org/@rollup/rollup-linux-x64-musl/-/rollup-linux-x64-musl-4.60.4.tgz 5786ms (cache miss)
3721 timing reifyNode:node_modules/@rollup/rollup-linux-x64-musl Completed in 6153ms
3722 timing reifyNode:node_modules/jiti Completed in 6148ms
3723 http fetch GET 200 https://registry.npmjs.org/@babel/traverse/-/traverse-7.29.7.tgz 5747ms (cache miss)
3724 http fetch GET 200 https://registry.npmjs.org/workbox-core/-/workbox-core-7.4.1.tgz 5845ms (cache miss)
3725 http fetch GET 200 https://registry.npmjs.org/@babel/parser/-/parser-7.29.7.tgz 5751ms (cache miss)
3726 timing reifyNode:node_modules/workbox-core Completed in 6210ms
3727 timing reifyNode:node_modules/@babel/traverse Completed in 6186ms
3728 timing reifyNode:node_modules/@babel/parser Completed in 6196ms
3729 http fetch GET 200 https://registry.npmjs.org/workbox-build/-/workbox-build-7.4.1.tgz 5945ms (cache miss)
3730 timing reifyNode:node_modules/workbox-build Completed in 6308ms
3731 http fetch GET 200 https://registry.npmjs.org/async/-/async-3.2.6.tgz 6071ms (cache miss)
3732 timing reifyNode:node_modules/async Completed in 6383ms
3733 http fetch GET 200 https://registry.npmjs.org/terser/-/terser-5.48.0.tgz 6137ms (cache miss)
3734 http fetch GET 200 https://registry.npmjs.org/common-tags/-/common-tags-1.8.2.tgz 6085ms (cache miss)
3735 timing reifyNode:node_modules/common-tags Completed in 6452ms
3736 timing reifyNode:node_modules/terser Completed in 6461ms
3737 http fetch GET 200 https://registry.npmjs.org/socket.io-client/-/socket.io-client-4.8.3.tgz 5997ms (cache miss)
3738 timing reifyNode:node_modules/socket.io-client Completed in 6446ms
3739 http fetch GET 200 https://registry.npmjs.org/resolve/-/resolve-1.22.12.tgz 6135ms (cache miss)
3740 http fetch GET 200 https://registry.npmjs.org/engine.io-client/-/engine.io-client-6.6.5.tgz 6129ms (cache miss)
3741 timing reifyNode:node_modules/resolve Completed in 6517ms
3742 timing reifyNode:node_modules/engine.io-client Completed in 6524ms
3743 http fetch GET 200 https://registry.npmjs.org/zustand/-/zustand-4.5.7.tgz 6083ms (cache miss)
3744 http fetch GET 200 https://registry.npmjs.org/@remix-run/router/-/router-1.23.2.tgz 6137ms (cache miss)
3745 timing reifyNode:node_modules/zustand Completed in 6520ms
3746 timing reifyNode:node_modules/@remix-run/router Completed in 6542ms
3747 http fetch GET 200 https://registry.npmjs.org/rollup/-/rollup-4.60.4.tgz 6201ms (cache miss)
3748 timing reifyNode:node_modules/rollup Completed in 6569ms
3749 http fetch GET 200 https://registry.npmjs.org/@babel/core/-/core-7.29.7.tgz 6231ms (cache miss)
3750 timing reifyNode:node_modules/@babel/core Completed in 6669ms
3751 http fetch GET 200 https://registry.npmjs.org/@babel/runtime/-/runtime-7.29.7.tgz 6335ms (cache miss)
3752 timing reifyNode:node_modules/@babel/runtime Completed in 6757ms
3753 http fetch GET 200 https://registry.npmjs.org/vite/-/vite-5.4.21.tgz 6337ms (cache miss)
3754 timing reifyNode:node_modules/vite Completed in 6783ms
3755 http fetch GET 200 https://registry.npmjs.org/lru-cache/-/lru-cache-11.5.0.tgz 6478ms (cache miss)
3756 timing reifyNode:node_modules/path-scurry/node_modules/lru-cache Completed in 6987ms
3757 http fetch GET 200 https://registry.npmjs.org/@babel/helpers/-/helpers-7.29.7.tgz 6528ms (cache miss)
3758 http fetch GET 200 https://registry.npmjs.org/dom-helpers/-/dom-helpers-5.2.1.tgz 6577ms (cache miss)
3759 timing reifyNode:node_modules/@babel/helpers Completed in 6962ms
3760 http fetch GET 200 https://registry.npmjs.org/@trickfilm400/rollup-plugin-off-main-thread/-/rollup-plugin-off-main-thread-3.0.0-pre1.tgz 6630ms (cache miss)
3761 http fetch GET 200 https://registry.npmjs.org/axios/-/axios-1.16.1.tgz 6529ms (cache miss)
3762 timing reifyNode:node_modules/dom-helpers Completed in 6979ms
3763 timing reifyNode:node_modules/axios Completed in 6969ms
3764 timing reifyNode:node_modules/@trickfilm400/rollup-plugin-off-main-thread Completed in 6997ms
3765 http fetch GET 200 https://registry.npmjs.org/sucrase/-/sucrase-3.35.1.tgz 6618ms (cache miss)
3766 timing reifyNode:node_modules/sucrase Completed in 6995ms
3767 http fetch GET 200 https://registry.npmjs.org/react-dom/-/react-dom-18.3.1.tgz 6578ms (cache miss)
3768 timing reifyNode:node_modules/react-dom Completed in 7020ms
3769 http fetch GET 200 https://registry.npmjs.org/@babel/types/-/types-7.29.7.tgz 6764ms (cache miss)
3770 timing reifyNode:node_modules/@babel/types Completed in 7192ms
3771 http fetch GET 200 https://registry.npmjs.org/react-query/-/react-query-3.39.3.tgz 6834ms (cache miss)
3772 timing reifyNode:node_modules/react-query Completed in 7273ms
3773 http fetch GET 200 https://registry.npmjs.org/regenerate-unicode-properties/-/regenerate-unicode-properties-10.2.2.tgz 7017ms (cache miss)
3774 timing reifyNode:node_modules/regenerate-unicode-properties Completed in 7324ms
3775 http fetch GET 200 https://registry.npmjs.org/ajv/-/ajv-8.20.0.tgz 7203ms (cache miss)
3776 timing reifyNode:node_modules/ajv Completed in 7571ms
3777 http fetch GET 200 https://registry.npmjs.org/react-virtualized/-/react-virtualized-9.22.6.tgz 7165ms (cache miss)
3778 timing reifyNode:node_modules/react-virtualized Completed in 7599ms
3779 http fetch GET 200 https://registry.npmjs.org/framer-motion/-/framer-motion-10.18.0.tgz 7220ms (cache miss)
3780 timing reifyNode:node_modules/framer-motion Completed in 7656ms
3781 http fetch GET 200 https://registry.npmjs.org/tailwindcss/-/tailwindcss-3.4.19.tgz 7241ms (cache miss)
3782 timing reifyNode:node_modules/tailwindcss Completed in 7685ms
3783 http fetch GET 200 https://registry.npmjs.org/@esbuild/linux-x64/-/linux-x64-0.21.5.tgz 7358ms (cache miss)
3784 timing reifyNode:node_modules/@esbuild/linux-x64 Completed in 7719ms
3785 http fetch GET 200 https://registry.npmjs.org/caniuse-lite/-/caniuse-lite-1.0.30001793.tgz 7576ms (cache miss)
3786 timing reifyNode:node_modules/caniuse-lite Completed in 7993ms
3787 http fetch GET 200 https://registry.npmjs.org/typescript/-/typescript-5.9.3.tgz 8028ms (cache miss)
3788 timing reifyNode:node_modules/typescript Completed in 8459ms
3789 http fetch GET 200 https://registry.npmjs.org/es-abstract/-/es-abstract-1.24.2.tgz 8939ms (cache miss)
3790 timing reifyNode:node_modules/es-abstract Completed in 9241ms
3791 http fetch GET 200 https://registry.npmjs.org/lucide-react/-/lucide-react-0.294.0.tgz 9569ms (cache miss)
3792 timing reifyNode:node_modules/lucide-react Completed in 10002ms
3793 http fetch GET 200 https://registry.npmjs.org/date-fns/-/date-fns-2.30.0.tgz 15828ms (cache miss)
3794 timing reifyNode:node_modules/date-fns Completed in 16264ms
3795 timing reify:unpack Completed in 16324ms
3796 timing reify:unretire Completed in 1ms
3797 timing build:queue Completed in 25ms
3798 timing build:link:node_modules/baseline-browser-mapping Completed in 15ms
3799 timing build:link:node_modules/acorn Completed in 15ms
3800 timing build:link:node_modules/autoprefixer Completed in 15ms
3801 timing build:link:node_modules/workbox-build/node_modules/glob Completed in 12ms
3802 timing build:link:node_modules/browserslist Completed in 15ms
3803 timing build:link:node_modules/cssesc Completed in 15ms
3804 timing build:link:node_modules/@babel/parser Completed in 17ms
3805 timing build:link:node_modules/ejs Completed in 14ms
3806 timing build:link:node_modules/esbuild Completed in 14ms
3807 timing build:link:node_modules/jake Completed in 14ms
3808 timing build:link:node_modules/jsesc Completed in 14ms
3809 timing build:link:node_modules/json5 Completed in 14ms
3810 timing build:link:node_modules/jiti Completed in 14ms
3811 timing build:link:node_modules/loose-envify Completed in 14ms
3812 timing build:link:node_modules/nanoid Completed in 14ms
3813 timing build:link:node_modules/regjsparser Completed in 14ms
3814 timing build:link:node_modules/resolve Completed in 14ms
3815 timing build:link:node_modules/rimraf Completed in 14ms
3816 timing build:link:node_modules/rollup Completed in 14ms
3817 timing build:link:node_modules/sucrase Completed in 13ms
3818 timing build:link:node_modules/semver Completed in 14ms
3819 timing build:link:node_modules/tailwindcss Completed in 13ms
3820 timing build:link:node_modules/update-browserslist-db Completed in 13ms
3821 timing build:link:node_modules/vite Completed in 13ms
3822 timing build:link:node_modules/terser Completed in 13ms
3823 timing build:link:node_modules/typescript Completed in 13ms
3824 timing build:link:node_modules/which Completed in 13ms
3825 timing build:link Completed in 18ms
3826 info run esbuild@0.21.5 postinstall node_modules/esbuild node install.js
3827 info run esbuild@0.21.5 postinstall { code: 0, signal: null }
3828 timing build:run:postinstall:node_modules/esbuild Completed in 334ms
3829 timing build:run:postinstall Completed in 335ms
3830 timing build:deps Completed in 378ms
3831 timing build Completed in 379ms
3832 timing reify:build Completed in 382ms
3833 timing reify:trash Completed in 26ms
3834 timing reify:save Completed in 203ms
3835 timing reify Completed in 26304ms
3836 silly ADD node_modules/isexe
3837 silly ADD node_modules/shebang-regex
3838 silly ADD node_modules/@isaacs/cliui
3839 silly ADD node_modules/which
3840 silly ADD node_modules/shebang-command
3841 silly ADD node_modules/path-key
3842 silly ADD node_modules/signal-exit
3843 silly ADD node_modules/cross-spawn
3844 silly ADD node_modules/path-scurry
3845 silly ADD node_modules/path-scurry/node_modules/lru-cache
3846 silly ADD node_modules/package-json-from-dist
3847 silly ADD node_modules/minipass
3848 silly ADD node_modules/jackspeak
3849 silly ADD node_modules/foreground-child
3850 silly ADD node_modules/use-sync-external-store
3851 silly ADD node_modules/@types/trusted-types
3852 silly ADD node_modules/idb
3853 silly ADD node_modules/is-weakset
3854 silly ADD node_modules/is-weakmap
3855 silly ADD node_modules/is-map
3856 silly ADD node_modules/generator-function
3857 silly ADD node_modules/async-function
3858 silly ADD node_modules/which-collection
3859 silly ADD node_modules/is-generator-function
3860 silly ADD node_modules/is-finalizationregistry
3861 silly ADD node_modules/is-async-function
3862 silly ADD node_modules/is-number-object
3863 silly ADD node_modules/is-boolean-object
3864 silly ADD node_modules/is-bigint
3865 silly ADD node_modules/punycode
3866 silly ADD node_modules/webidl-conversions
3867 silly ADD node_modules/tr46
3868 silly ADD node_modules/lodash.sortby
3869 silly ADD node_modules/crypto-random-string
3870 silly ADD node_modules/unicode-property-aliases-ecmascript
3871 silly ADD node_modules/unicode-canonical-property-names-ecmascript
3872 silly ADD node_modules/which-boxed-primitive
3873 silly ADD node_modules/has-bigints
3874 silly ADD node_modules/which-builtin-type
3875 silly ADD node_modules/reflect.getprototypeof
3876 silly ADD node_modules/for-each
3877 silly ADD node_modules/buffer-from
3878 silly ADD node_modules/source-map-support
3879 silly ADD node_modules/source-map-support/node_modules/source-map
3880 silly ADD node_modules/acorn
3881 silly ADD node_modules/@jridgewell/source-map
3882 silly ADD node_modules/unique-string
3883 silly ADD node_modules/type-fest
3884 silly ADD node_modules/temp-dir
3885 silly ADD node_modules/is-stream
3886 silly ADD node_modules/is-regexp
3887 silly ADD node_modules/is-obj
3888 silly ADD node_modules/get-own-enumerable-property-symbols
3889 silly ADD node_modules/side-channel-weakmap
3890 silly ADD node_modules/side-channel-map
3891 silly ADD node_modules/side-channel-list
3892 silly ADD node_modules/isarray
3893 silly ADD node_modules/functions-have-names
3894 silly ADD node_modules/is-symbol
3895 silly ADD node_modules/is-date-object
3896 silly ADD node_modules/possible-typed-array-names
3897 silly ADD node_modules/which-typed-array
3898 silly ADD node_modules/unbox-primitive
3899 silly ADD node_modules/typed-array-length
3900 silly ADD node_modules/typed-array-byte-offset
3901 silly ADD node_modules/typed-array-byte-length
3902 silly ADD node_modules/typed-array-buffer
3903 silly ADD node_modules/string.prototype.trimstart
3904 silly ADD node_modules/string.prototype.trimend
3905 silly ADD node_modules/string.prototype.trim
3906 silly ADD node_modules/stop-iteration-iterator
3907 silly ADD node_modules/set-proto
3908 silly ADD node_modules/safe-regex-test
3909 silly ADD node_modules/safe-push-apply
3910 silly ADD node_modules/safe-array-concat
3911 silly ADD node_modules/own-keys
3912 silly ADD node_modules/object.assign
3913 silly ADD node_modules/object-inspect
3914 silly ADD node_modules/is-weakref
3915 silly ADD node_modules/is-typed-array
3916 silly ADD node_modules/is-string
3917 silly ADD node_modules/is-shared-array-buffer
3918 silly ADD node_modules/is-set
3919 silly ADD node_modules/is-regex
3920 silly ADD node_modules/is-negative-zero
3921 silly ADD node_modules/is-data-view
3922 silly ADD node_modules/is-callable
3923 silly ADD node_modules/is-array-buffer
3924 silly ADD node_modules/has-proto
3925 silly ADD node_modules/globalthis
3926 silly ADD node_modules/get-symbol-description
3927 silly ADD node_modules/function.prototype.name
3928 silly ADD node_modules/es-to-primitive
3929 silly ADD node_modules/data-view-byte-offset
3930 silly ADD node_modules/data-view-byte-length
3931 silly ADD node_modules/data-view-buffer
3932 silly ADD node_modules/available-typed-arrays
3933 silly ADD node_modules/arraybuffer.prototype.slice
3934 silly ADD node_modules/array-buffer-byte-length
3935 silly ADD node_modules/object-keys
3936 silly ADD node_modules/has-property-descriptors
3937 silly ADD node_modules/define-data-property
3938 silly ADD node_modules/set-function-length
3939 silly ADD node_modules/side-channel
3940 silly ADD node_modules/set-function-name
3941 silly ADD node_modules/regexp.prototype.flags
3942 silly ADD node_modules/internal-slot
3943 silly ADD node_modules/es-abstract
3944 silly ADD node_modules/define-properties
3945 silly ADD node_modules/call-bound
3946 silly ADD node_modules/call-bind
3947 silly ADD node_modules/whatwg-url
3948 silly ADD node_modules/unicode-match-property-value-ecmascript
3949 silly ADD node_modules/unicode-match-property-ecmascript
3950 silly ADD node_modules/regjsparser
3951 silly ADD node_modules/regjsgen
3952 silly ADD node_modules/regenerate-unicode-properties
3953 silly ADD node_modules/regenerate
3954 silly ADD node_modules/filelist
3955 silly ADD node_modules/filelist/node_modules/brace-expansion
3956 silly ADD node_modules/filelist/node_modules/minimatch
3957 silly ADD node_modules/async
3958 silly ADD node_modules/universalify
3959 silly ADD node_modules/jsonfile
3960 silly ADD node_modules/graceful-fs
3961 silly ADD node_modules/at-least-node
3962 silly ADD node_modules/jake
3963 silly ADD node_modules/lodash.debounce
3964 silly ADD node_modules/@babel/helper-define-polyfill-provider
3965 silly ADD node_modules/require-from-string
3966 silly ADD node_modules/json-schema-traverse
3967 silly ADD node_modules/fast-uri
3968 silly ADD node_modules/fast-deep-equal
3969 silly ADD node_modules/string.prototype.matchall
3970 silly ADD node_modules/ejs
3971 silly ADD node_modules/estree-walker
3972 silly ADD node_modules/terser
3973 silly ADD node_modules/terser/node_modules/commander
3974 silly ADD node_modules/smob
3975 silly ADD node_modules/serialize-javascript
3976 silly ADD node_modules/magic-string
3977 silly ADD node_modules/is-module
3978 silly ADD node_modules/deepmerge
3979 silly ADD node_modules/@types/resolve
3980 silly ADD node_modules/@rollup/pluginutils
3981 silly ADD node_modules/@rollup/pluginutils/node_modules/picomatch
3982 silly ADD node_modules/esutils
3983 silly ADD node_modules/@babel/helper-replace-supers
3984 silly ADD node_modules/@babel/helper-optimise-call-expression
3985 silly ADD node_modules/@babel/helper-member-expression-to-functions
3986 silly ADD node_modules/@babel/helper-create-class-features-plugin
3987 silly ADD node_modules/@babel/helper-wrap-function
3988 silly ADD node_modules/@babel/helper-remap-async-to-generator
3989 silly ADD node_modules/regexpu-core
3990 silly ADD node_modules/@babel/helper-annotate-as-pure
3991 silly ADD node_modules/@babel/helper-create-regexp-features-plugin
3992 silly ADD node_modules/@babel/helper-skip-transparent-expression-wrappers
3993 silly ADD node_modules/core-js-compat
3994 silly ADD node_modules/babel-plugin-polyfill-regenerator
3995 silly ADD node_modules/babel-plugin-polyfill-corejs3
3996 silly ADD node_modules/babel-plugin-polyfill-corejs2
3997 silly ADD node_modules/@babel/preset-modules
3998 silly ADD node_modules/@babel/plugin-transform-unicode-sets-regex
3999 silly ADD node_modules/@babel/plugin-transform-unicode-regex
4000 silly ADD node_modules/@babel/plugin-transform-unicode-property-regex
4001 silly ADD node_modules/@babel/plugin-transform-unicode-escapes
4002 silly ADD node_modules/@babel/plugin-transform-typeof-symbol
4003 silly ADD node_modules/@babel/plugin-transform-template-literals
4004 silly ADD node_modules/@babel/plugin-transform-sticky-regex
4005 silly ADD node_modules/@babel/plugin-transform-spread
4006 silly ADD node_modules/@babel/plugin-transform-shorthand-properties
4007 silly ADD node_modules/@babel/plugin-transform-reserved-words
4008 silly ADD node_modules/@babel/plugin-transform-regexp-modifiers
4009 silly ADD node_modules/@babel/plugin-transform-regenerator
4010 silly ADD node_modules/@babel/plugin-transform-property-literals
4011 silly ADD node_modules/@babel/plugin-transform-private-property-in-object
4012 silly ADD node_modules/@babel/plugin-transform-private-methods
4013 silly ADD node_modules/@babel/plugin-transform-parameters
4014 silly ADD node_modules/@babel/plugin-transform-optional-chaining
4015 silly ADD node_modules/@babel/plugin-transform-optional-catch-binding
4016 silly ADD node_modules/@babel/plugin-transform-object-super
4017 silly ADD node_modules/@babel/plugin-transform-object-rest-spread
4018 silly ADD node_modules/@babel/plugin-transform-numeric-separator
4019 silly ADD node_modules/@babel/plugin-transform-nullish-coalescing-operator
4020 silly ADD node_modules/@babel/plugin-transform-new-target
4021 silly ADD node_modules/@babel/plugin-transform-named-capturing-groups-regex
4022 silly ADD node_modules/@babel/plugin-transform-modules-umd
4023 silly ADD node_modules/@babel/plugin-transform-modules-systemjs
4024 silly ADD node_modules/@babel/plugin-transform-modules-commonjs
4025 silly ADD node_modules/@babel/plugin-transform-modules-amd
4026 silly ADD node_modules/@babel/plugin-transform-member-expression-literals
4027 silly ADD node_modules/@babel/plugin-transform-logical-assignment-operators
4028 silly ADD node_modules/@babel/plugin-transform-literals
4029 silly ADD node_modules/@babel/plugin-transform-json-strings
4030 silly ADD node_modules/@babel/plugin-transform-function-name
4031 silly ADD node_modules/@babel/plugin-transform-for-of
4032 silly ADD node_modules/@babel/plugin-transform-export-namespace-from
4033 silly ADD node_modules/@babel/plugin-transform-exponentiation-operator
4034 silly ADD node_modules/@babel/plugin-transform-explicit-resource-management
4035 silly ADD node_modules/@babel/plugin-transform-dynamic-import
4036 silly ADD node_modules/@babel/plugin-transform-duplicate-named-capturing-groups-regex
4037 silly ADD node_modules/@babel/plugin-transform-duplicate-keys
4038 silly ADD node_modules/@babel/plugin-transform-dotall-regex
4039 silly ADD node_modules/@babel/plugin-transform-destructuring
4040 silly ADD node_modules/@babel/plugin-transform-computed-properties
4041 silly ADD node_modules/@babel/plugin-transform-classes
4042 silly ADD node_modules/@babel/plugin-transform-class-static-block
4043 silly ADD node_modules/@babel/plugin-transform-class-properties
4044 silly ADD node_modules/@babel/plugin-transform-block-scoping
4045 silly ADD node_modules/@babel/plugin-transform-block-scoped-functions
4046 silly ADD node_modules/@babel/plugin-transform-async-to-generator
4047 silly ADD node_modules/@babel/plugin-transform-async-generator-functions
4048 silly ADD node_modules/@babel/plugin-transform-arrow-functions
4049 silly ADD node_modules/@babel/plugin-syntax-unicode-sets-regex
4050 silly ADD node_modules/@babel/plugin-syntax-import-attributes
4051 silly ADD node_modules/@babel/plugin-syntax-import-assertions
4052 silly ADD node_modules/@babel/plugin-proposal-private-property-in-object
4053 silly ADD node_modules/@babel/plugin-bugfix-v8-static-class-fields-redefine-readonly
4054 silly ADD node_modules/@babel/plugin-bugfix-v8-spread-parameters-in-optional-chaining
4055 silly ADD node_modules/@babel/plugin-bugfix-safari-rest-destructuring-rhs-array
4056 silly ADD node_modules/@babel/plugin-bugfix-safari-id-destructuring-collision-in-function-expression
4057 silly ADD node_modules/@babel/plugin-bugfix-safari-class-field-initializer-scope
4058 silly ADD node_modules/@babel/plugin-bugfix-firefox-class-in-computed-class-key
4059 silly ADD node_modules/leven
4060 silly ADD node_modules/jsonpointer
4061 silly ADD node_modules/workbox-sw
4062 silly ADD node_modules/workbox-streams
4063 silly ADD node_modules/workbox-strategies
4064 silly ADD node_modules/workbox-routing
4065 silly ADD node_modules/workbox-recipes
4066 silly ADD node_modules/workbox-range-requests
4067 silly ADD node_modules/workbox-precaching
4068 silly ADD node_modules/workbox-navigation-preload
4069 silly ADD node_modules/workbox-google-analytics
4070 silly ADD node_modules/workbox-expiration
4071 silly ADD node_modules/workbox-core
4072 silly ADD node_modules/workbox-cacheable-response
4073 silly ADD node_modules/workbox-broadcast-update
4074 silly ADD node_modules/workbox-background-sync
4075 silly ADD node_modules/upath
4076 silly ADD node_modules/tempy
4077 silly ADD node_modules/strip-comments
4078 silly ADD node_modules/stringify-object
4079 silly ADD node_modules/source-map
4080 silly ADD node_modules/fs-extra
4081 silly ADD node_modules/fast-json-stable-stringify
4082 silly ADD node_modules/eta
4083 silly ADD node_modules/common-tags
4084 silly ADD node_modules/@trickfilm400/rollup-plugin-off-main-thread
4085 silly ADD node_modules/@rollup/plugin-terser
4086 silly ADD node_modules/@rollup/plugin-replace
4087 silly ADD node_modules/@rollup/plugin-node-resolve
4088 silly ADD node_modules/@rollup/plugin-babel
4089 silly ADD node_modules/@babel/preset-env
4090 silly ADD node_modules/ajv
4091 silly ADD node_modules/@apideck/better-ajv-errors
4092 silly ADD node_modules/workbox-window
4093 silly ADD node_modules/workbox-build
4094 silly ADD node_modules/workbox-build/node_modules/balanced-match
4095 silly ADD node_modules/workbox-build/node_modules/brace-expansion
4096 silly ADD node_modules/workbox-build/node_modules/minimatch
4097 silly ADD node_modules/workbox-build/node_modules/pretty-bytes
4098 silly ADD node_modules/workbox-build/node_modules/glob
4099 silly ADD node_modules/pretty-bytes
4100 silly ADD node_modules/@types/estree
4101 silly ADD
4102 silly ADD
4103 silly ADD
4104 silly ADD
4105 silly ADD
4106 silly ADD
4107 silly ADD node_modules/@rollup/rollup-linux-x64-musl
4108 silly ADD node_modules/@rollup/rollup-linux-x64-gnu
4109 silly ADD
4110 silly ADD
4111 silly ADD
4112 silly ADD
4113 silly ADD
4114 silly ADD
4115 silly ADD
4116 silly ADD
4117 silly ADD
4118 silly ADD
4119 silly ADD
4120 silly ADD
4121 silly ADD
4122 silly ADD
4123 silly ADD
4124 silly ADD
4125 silly ADD
4126 silly ADD
4127 silly ADD
4128 silly ADD
4129 silly ADD
4130 silly ADD
4131 silly ADD
4132 silly ADD node_modules/@esbuild/linux-x64
4133 silly ADD
4134 silly ADD
4135 silly ADD
4136 silly ADD
4137 silly ADD
4138 silly ADD
4139 silly ADD
4140 silly ADD
4141 silly ADD
4142 silly ADD
4143 silly ADD
4144 silly ADD
4145 silly ADD
4146 silly ADD
4147 silly ADD
4148 silly ADD
4149 silly ADD node_modules/rollup
4150 silly ADD node_modules/esbuild
4151 silly ADD node_modules/escalade
4152 silly ADD node_modules/is-number
4153 silly ADD node_modules/thenify
4154 silly ADD node_modules/thenify-all
4155 silly ADD node_modules/any-promise
4156 silly ADD node_modules/ts-interface-checker
4157 silly ADD node_modules/tinyglobby
4158 silly ADD node_modules/tinyglobby/node_modules/picomatch
4159 silly ADD node_modules/tinyglobby/node_modules/fdir
4160 silly ADD node_modules/pirates
4161 silly ADD node_modules/mz
4162 silly ADD node_modules/lines-and-columns
4163 silly ADD node_modules/commander
4164 silly ADD node_modules/queue-microtask
4165 silly ADD node_modules/supports-preserve-symlinks-flag
4166 silly ADD node_modules/path-parse
4167 silly ADD node_modules/is-core-module
4168 silly ADD node_modules/pify
4169 silly ADD node_modules/camelcase-css
4170 silly ADD node_modules/read-cache
4171 silly ADD node_modules/is-extglob
4172 silly ADD node_modules/binary-extensions
4173 silly ADD node_modules/to-regex-range
4174 silly ADD node_modules/reusify
4175 silly ADD node_modules/run-parallel
4176 silly ADD node_modules/fastq
4177 silly ADD node_modules/@nodelib/fs.scandir
4178 silly ADD node_modules/merge2
4179 silly ADD node_modules/@nodelib/fs.walk
4180 silly ADD node_modules/@nodelib/fs.stat
4181 silly ADD node_modules/fill-range
4182 silly ADD node_modules/picomatch
4183 silly ADD node_modules/readdirp
4184 silly ADD node_modules/is-binary-path
4185 silly ADD
4186 silly ADD node_modules/braces
4187 silly ADD node_modules/anymatch
4188 silly ADD node_modules/sucrase
4189 silly ADD node_modules/resolve
4190 silly ADD node_modules/postcss-nested
4191 silly ADD node_modules/postcss-nested/node_modules/postcss-selector-parser
4192 silly ADD node_modules/postcss-load-config
4193 silly ADD node_modules/postcss-js
4194 silly ADD node_modules/postcss-import
4195 silly ADD node_modules/object-hash
4196 silly ADD node_modules/normalize-path
4197 silly ADD node_modules/micromatch
4198 silly ADD node_modules/lilconfig
4199 silly ADD node_modules/jiti
4200 silly ADD node_modules/is-glob
4201 silly ADD node_modules/glob-parent
4202 silly ADD node_modules/fast-glob
4203 silly ADD node_modules/fast-glob/node_modules/glob-parent
4204 silly ADD node_modules/dlv
4205 silly ADD node_modules/didyoumean
4206 silly ADD node_modules/chokidar
4207 silly ADD node_modules/chokidar/node_modules/glob-parent
4208 silly ADD node_modules/arg
4209 silly ADD node_modules/@alloc/quick-lru
4210 silly ADD node_modules/xmlhttprequest-ssl
4211 silly ADD node_modules/ws
4212 silly ADD node_modules/engine.io-parser
4213 silly ADD node_modules/socket.io-parser
4214 silly ADD node_modules/engine.io-client
4215 silly ADD node_modules/@socket.io/component-emitter
4216 silly ADD node_modules/concat-map
4217 silly ADD node_modules/balanced-match
4218 silly ADD node_modules/brace-expansion
4219 silly ADD node_modules/wrappy
4220 silly ADD node_modules/path-is-absolute
4221 silly ADD node_modules/once
4222 silly ADD node_modules/minimatch
4223 silly ADD node_modules/inherits
4224 silly ADD node_modules/inflight
4225 silly ADD node_modules/fs.realpath
4226 silly ADD node_modules/glob
4227 silly ADD node_modules/react-is
4228 silly ADD node_modules/object-assign
4229 silly ADD node_modules/react-lifecycles-compat
4230 silly ADD node_modules/prop-types
4231 silly ADD node_modules/dom-helpers
4232 silly ADD node_modules/clsx
4233 silly ADD node_modules/react-router
4234 silly ADD node_modules/@remix-run/router
4235 silly ADD node_modules/big-integer
4236 silly ADD node_modules/remove-accents
4237 silly ADD node_modules/unload
4238 silly ADD node_modules/rimraf
4239 silly ADD node_modules/oblivious-set
4240 silly ADD node_modules/nano-time
4241 silly ADD node_modules/microseconds
4242 silly ADD node_modules/js-sha3
4243 silly ADD node_modules/detect-node
4244 silly ADD node_modules/match-sorter
4245 silly ADD node_modules/broadcast-channel
4246 silly ADD node_modules/goober
4247 silly ADD node_modules/scheduler
4248 silly ADD node_modules/loose-envify
4249 silly ADD node_modules/util-deprecate
4250 silly ADD node_modules/cssesc
4251 silly ADD node_modules/source-map-js
4252 silly ADD node_modules/nanoid
4253 silly ADD node_modules/mime-db
4254 silly ADD node_modules/yallist
4255 silly ADD node_modules/agent-base
4256 silly ADD node_modules/dunder-proto
4257 silly ADD node_modules/math-intrinsics
4258 silly ADD node_modules/has-symbols
4259 silly ADD node_modules/gopd
4260 silly ADD node_modules/get-proto
4261 silly ADD node_modules/function-bind
4262 silly ADD node_modules/es-object-atoms
4263 silly ADD node_modules/es-define-property
4264 silly ADD node_modules/call-bind-apply-helpers
4265 silly ADD node_modules/@emotion/memoize
4266 silly ADD node_modules/tslib
4267 silly ADD node_modules/@emotion/is-prop-valid
4268 silly ADD node_modules/has-tostringtag
4269 silly ADD node_modules/get-intrinsic
4270 silly ADD node_modules/es-errors
4271 silly ADD node_modules/delayed-stream
4272 silly ADD node_modules/mime-types
4273 silly ADD node_modules/hasown
4274 silly ADD node_modules/es-set-tostringtag
4275 silly ADD node_modules/combined-stream
4276 silly ADD node_modules/asynckit
4277 silly ADD node_modules/ms
4278 silly ADD node_modules/@babel/runtime
4279 silly ADD node_modules/update-browserslist-db
4280 silly ADD node_modules/node-releases
4281 silly ADD node_modules/electron-to-chromium
4282 silly ADD node_modules/baseline-browser-mapping
4283 silly ADD node_modules/proxy-from-env
4284 silly ADD node_modules/https-proxy-agent
4285 silly ADD node_modules/form-data
4286 silly ADD node_modules/follow-redirects
4287 silly ADD node_modules/postcss-value-parser
4288 silly ADD node_modules/fraction.js
4289 silly ADD node_modules/caniuse-lite
4290 silly ADD node_modules/@types/babel__traverse
4291 silly ADD node_modules/@types/babel__template
4292 silly ADD node_modules/@types/babel__generator
4293 silly ADD node_modules/@jridgewell/resolve-uri
4294 silly ADD node_modules/@jridgewell/sourcemap-codec
4295 silly ADD node_modules/@babel/helper-string-parser
4296 silly ADD node_modules/@babel/helper-globals
4297 silly ADD node_modules/@babel/helper-plugin-utils
4298 silly ADD node_modules/@babel/helper-module-imports
4299 silly ADD node_modules/lru-cache
4300 silly ADD node_modules/browserslist
4301 silly ADD node_modules/@babel/helper-validator-option
4302 silly ADD node_modules/@babel/compat-data
4303 silly ADD node_modules/jsesc
4304 silly ADD node_modules/@jridgewell/trace-mapping
4305 silly ADD node_modules/@jridgewell/gen-mapping
4306 silly ADD node_modules/picocolors
4307 silly ADD node_modules/js-tokens
4308 silly ADD node_modules/@babel/helper-validator-identifier
4309 silly ADD node_modules/semver
4310 silly ADD node_modules/json5
4311 silly ADD node_modules/gensync
4312 silly ADD node_modules/debug
4313 silly ADD node_modules/convert-source-map
4314 silly ADD node_modules/@jridgewell/remapping
4315 silly ADD node_modules/@babel/types
4316 silly ADD node_modules/@babel/traverse
4317 silly ADD node_modules/@babel/template
4318 silly ADD node_modules/@babel/parser
4319 silly ADD node_modules/@babel/helpers
4320 silly ADD node_modules/@babel/helper-module-transforms
4321 silly ADD node_modules/@babel/helper-compilation-targets
4322 silly ADD node_modules/@babel/generator
4323 silly ADD node_modules/@babel/code-frame
4324 silly ADD node_modules/react-refresh
4325 silly ADD node_modules/@types/babel__core
4326 silly ADD node_modules/@rolldown/pluginutils
4327 silly ADD node_modules/@babel/plugin-transform-react-jsx-source
4328 silly ADD node_modules/@babel/plugin-transform-react-jsx-self
4329 silly ADD node_modules/@babel/core
4330 silly ADD node_modules/csstype
4331 silly ADD node_modules/@types/prop-types
4332 silly ADD node_modules/postcss-selector-parser
4333 silly ADD node_modules/zustand
4334 silly ADD node_modules/vite-plugin-pwa
4335 silly ADD node_modules/typescript
4336 silly ADD node_modules/socket.io-client
4337 silly ADD node_modules/react-virtualized
4338 silly ADD node_modules/react-router-dom
4339 silly ADD node_modules/react-query
4340 silly ADD node_modules/react-intersection-observer
4341 silly ADD node_modules/react-hot-toast
4342 silly ADD node_modules/react-dom
4343 silly ADD node_modules/react
4344 silly ADD node_modules/lucide-react
4345 silly ADD node_modules/framer-motion
4346 silly ADD node_modules/date-fns
4347 silly ADD node_modules/axios
4348 silly ADD node_modules/postcss
4349 silly ADD node_modules/autoprefixer
4350 silly ADD node_modules/vite
4351 silly ADD node_modules/@vitejs/plugin-react
4352 silly ADD node_modules/@types/react-dom
4353 silly ADD node_modules/@types/react
4354 silly ADD node_modules/tailwindcss
4355 silly ADD node_modules/tailwindcss/node_modules/postcss-selector-parser
4356 silly ADD node_modules/@tailwindcss/typography
4357 timing command:install Completed in 26339ms
4358 verbose exit 0
4359 timing npm Completed in 26443ms
4360 info ok
