0 verbose cli /usr/bin/node /usr/bin/npm
1 info using npm@9.2.0
2 info using node@v22.22.1
3 timing npm:load:whichnode Completed in 0ms
4 timing config:load:defaults Completed in 2ms
5 timing config:load:file:/usr/share/nodejs/npm/npmrc Completed in 18ms
6 timing config:load:builtin Completed in 18ms
7 timing config:load:cli Completed in 3ms
8 timing config:load:env Completed in 0ms
9 timing config:load:file:/home/ubuntu/novel-master-frontend/.npmrc Completed in 0ms
10 timing config:load:project Completed in 3ms
11 timing config:load:file:/home/ubuntu/.npmrc Completed in 0ms
12 timing config:load:user Completed in 0ms
13 timing config:load:file:/etc/npmrc Completed in 0ms
14 timing config:load:global Completed in 1ms
15 timing config:load:setEnvs Completed in 1ms
16 timing config:load Completed in 28ms
17 timing npm:load:configload Completed in 28ms
18 timing npm:load:mkdirpcache Completed in 0ms
19 timing npm:load:mkdirplogs Completed in 1ms
20 verbose title npm install
21 verbose argv "install"
22 timing npm:load:setTitle Completed in 1ms
23 timing config:load:flatten Completed in 3ms
24 timing npm:load:display Completed in 3ms
25 verbose logfile logs-max:10 dir:/home/ubuntu/.npm/_logs/2026-05-25T15_39_54_886Z-
26 verbose logfile /home/ubuntu/.npm/_logs/2026-05-25T15_39_54_886Z-debug-0.log
27 timing npm:load:logFile Completed in 10ms
28 timing npm:load:timers Completed in 0ms
29 timing npm:load:configScope Completed in 0ms
30 timing npm:load Completed in 45ms
31 timing config:load:flatten Completed in 1ms
32 timing arborist:ctor Completed in 1ms
33 silly logfile done cleaning log files
34 timing arborist:ctor Completed in 0ms
35 timing idealTree:init Completed in 20ms
36 timing idealTree:userRequests Completed in 0ms
37 silly idealTree buildDeps
38 silly fetch manifest react@^18.2.0
39 http fetch GET 200 https://registry.npmjs.org/react 133ms (cache revalidated)
40 silly fetch manifest react-dom@^18.2.0
41 http fetch GET 200 https://registry.npmjs.org/react-dom 62ms (cache revalidated)
42 silly fetch manifest react-router-dom@^6.20.0
43 http fetch GET 200 https://registry.npmjs.org/react-router-dom 53ms (cache revalidated)
44 silly fetch manifest react-query@^3.39.3
45 http fetch GET 200 https://registry.npmjs.org/react-query 50ms (cache revalidated)
46 silly fetch manifest axios@^1.6.2
47 http fetch GET 200 https://registry.npmjs.org/axios 65ms (cache revalidated)
48 silly fetch manifest socket.io-client@^4.7.4
49 http fetch GET 200 https://registry.npmjs.org/socket.io-client 32ms (cache revalidated)
50 silly fetch manifest zustand@^4.4.7
51 http fetch GET 200 https://registry.npmjs.org/zustand 31ms (cache revalidated)
52 silly fetch manifest @types/react@^18.2.43
53 http fetch GET 200 https://registry.npmjs.org/@types%2freact 42ms (cache revalidated)
54 silly fetch manifest immer@>=9.0.6
55 http fetch GET 200 https://registry.npmjs.org/immer 32ms (cache revalidated)
56 silly fetch manifest framer-motion@^10.16.16
57 http fetch GET 200 https://registry.npmjs.org/framer-motion 47ms (cache revalidated)
58 silly fetch manifest lucide-react@^0.294.0
59 http fetch GET 200 https://registry.npmjs.org/lucide-react 44ms (cache revalidated)
60 silly fetch manifest date-fns@^2.30.0
61 http fetch GET 200 https://registry.npmjs.org/date-fns 38ms (cache revalidated)
62 silly fetch manifest react-hot-toast@^2.4.1
63 http fetch GET 200 https://registry.npmjs.org/react-hot-toast 27ms (cache revalidated)
64 silly fetch manifest tailwindcss@^3.3.6
65 http fetch GET 200 https://registry.npmjs.org/tailwindcss 52ms (cache revalidated)
66 silly fetch manifest autoprefixer@^10.4.16
67 http fetch GET 200 https://registry.npmjs.org/autoprefixer 45ms (cache revalidated)
68 silly fetch manifest postcss@^8.4.32
69 http fetch GET 200 https://registry.npmjs.org/postcss 30ms (cache revalidated)
70 silly fetch manifest @tailwindcss/typography@^0.5.10
71 http fetch GET 200 https://registry.npmjs.org/@tailwindcss%2ftypography 59ms (cache revalidated)
72 silly fetch manifest react-intersection-observer@^9.5.3
73 http fetch GET 200 https://registry.npmjs.org/react-intersection-observer 28ms (cache revalidated)
74 silly fetch manifest react-virtualized@^9.22.5
75 http fetch GET 200 https://registry.npmjs.org/react-virtualized 32ms (cache revalidated)
76 silly fetch manifest @vitejs/plugin-react@^4.2.1
77 http fetch GET 200 https://registry.npmjs.org/@vitejs%2fplugin-react 150ms (cache revalidated)
78 silly fetch manifest vite@^5.0.8
79 http fetch GET 200 https://registry.npmjs.org/vite 37ms (cache revalidated)
80 silly fetch manifest @types/node@^18.0.0 || >=20.0.0
81 http fetch GET 200 https://registry.npmjs.org/@types%2fnode 50ms (cache revalidated)
82 silly fetch manifest less@*
83 http fetch GET 200 https://registry.npmjs.org/less 32ms (cache revalidated)
84 silly fetch manifest lightningcss@^1.21.0
85 http fetch GET 200 https://registry.npmjs.org/lightningcss 30ms (cache revalidated)
86 silly fetch manifest sass@*
87 http fetch GET 200 https://registry.npmjs.org/sass 35ms (cache revalidated)
88 silly fetch manifest sass-embedded@*
89 http fetch GET 200 https://registry.npmjs.org/sass-embedded 38ms (cache revalidated)
90 silly fetch manifest stylus@*
91 http fetch GET 200 https://registry.npmjs.org/stylus 46ms (cache revalidated)
92 silly fetch manifest sugarss@*
93 http fetch GET 200 https://registry.npmjs.org/sugarss 35ms (cache revalidated)
94 silly fetch manifest terser@^5.4.0
95 http fetch GET 200 https://registry.npmjs.org/terser 30ms (cache revalidated)
96 silly fetch manifest vite-plugin-pwa@^0.17.4
97 http fetch GET 200 https://registry.npmjs.org/vite-plugin-pwa 31ms (cache revalidated)
98 silly fetch manifest typescript@^5.3.3
99 http fetch GET 200 https://registry.npmjs.org/typescript 69ms (cache revalidated)
100 silly fetch manifest @types/react-dom@^18.2.17
101 http fetch GET 200 https://registry.npmjs.org/@types%2freact-dom 50ms (cache revalidated)
102 silly placeDep ROOT @tailwindcss/typography@0.5.19 OK for: novel-master-frontend@1.0.0 want: ^0.5.10
103 silly placeDep ROOT tailwindcss@3.4.19 OK for: @tailwindcss/typography@0.5.19 want: >=3.0.0 || insiders || >=4.0.0-alpha.20 || >=4.0.0-beta.1
104 silly placeDep ROOT @types/react@18.3.29 OK for: novel-master-frontend@1.0.0 want: ^18.2.43
105 silly placeDep ROOT @types/react-dom@18.3.7 OK for: novel-master-frontend@1.0.0 want: ^18.2.17
106 silly placeDep ROOT @vitejs/plugin-react@4.7.0 OK for: novel-master-frontend@1.0.0 want: ^4.2.1
107 silly placeDep ROOT vite@5.4.21 OK for: @vitejs/plugin-react@4.7.0 want: ^4.2.0 || ^5.0.0 || ^6.0.0 || ^7.0.0
108 silly placeDep ROOT autoprefixer@10.5.0 OK for: novel-master-frontend@1.0.0 want: ^10.4.16
109 silly placeDep ROOT postcss@8.5.15 OK for: autoprefixer@10.5.0 want: ^8.1.0
110 silly placeDep ROOT axios@1.16.1 OK for: novel-master-frontend@1.0.0 want: ^1.6.2
111 silly placeDep ROOT date-fns@2.30.0 OK for: novel-master-frontend@1.0.0 want: ^2.30.0
112 silly placeDep ROOT framer-motion@10.18.0 OK for: novel-master-frontend@1.0.0 want: ^10.16.16
113 silly placeDep ROOT lucide-react@0.294.0 OK for: novel-master-frontend@1.0.0 want: ^0.294.0
114 silly placeDep ROOT react@18.3.1 OK for: lucide-react@0.294.0 want: ^16.5.1 || ^17.0.0 || ^18.0.0
115 silly placeDep ROOT react-dom@18.3.1 OK for: novel-master-frontend@1.0.0 want: ^18.2.0
116 silly placeDep ROOT react-hot-toast@2.6.0 OK for: novel-master-frontend@1.0.0 want: ^2.4.1
117 silly placeDep ROOT react-intersection-observer@9.16.0 OK for: novel-master-frontend@1.0.0 want: ^9.5.3
118 silly placeDep ROOT react-query@3.39.3 OK for: novel-master-frontend@1.0.0 want: ^3.39.3
119 silly placeDep ROOT react-router-dom@6.30.3 OK for: novel-master-frontend@1.0.0 want: ^6.20.0
120 silly placeDep ROOT react-virtualized@9.22.6 OK for: novel-master-frontend@1.0.0 want: ^9.22.5
121 silly placeDep ROOT socket.io-client@4.8.3 OK for: novel-master-frontend@1.0.0 want: ^4.7.4
122 silly placeDep ROOT typescript@5.9.3 OK for: novel-master-frontend@1.0.0 want: ^5.3.3
123 silly placeDep ROOT vite-plugin-pwa@0.17.5 OK for: novel-master-frontend@1.0.0 want: ^0.17.4
124 silly placeDep ROOT zustand@4.5.7 OK for: novel-master-frontend@1.0.0 want: ^4.4.7
125 silly fetch manifest postcss-selector-parser@6.0.10
126 silly fetch manifest arg@^5.0.2
127 silly fetch manifest dlv@^1.1.3
128 silly fetch manifest jiti@^1.21.7
129 silly fetch manifest is-glob@^4.0.3
130 silly fetch manifest resolve@^1.22.8
131 silly fetch manifest sucrase@^3.35.0
132 silly fetch manifest chokidar@^3.6.0
133 silly fetch manifest fast-glob@^3.3.2
134 silly fetch manifest lilconfig@^3.1.3
135 silly fetch manifest didyoumean@^1.2.2
136 silly fetch manifest micromatch@^4.0.8
137 silly fetch manifest picocolors@^1.1.1
138 silly fetch manifest postcss-js@^4.0.1
139 silly fetch manifest glob-parent@^6.0.2
140 silly fetch manifest object-hash@^3.0.0
141 silly fetch manifest normalize-path@^3.0.0
142 silly fetch manifest postcss-import@^15.1.0
143 silly fetch manifest postcss-nested@^6.2.0
144 silly fetch manifest @alloc/quick-lru@^5.2.0
145 silly fetch manifest postcss-load-config@^4.0.2 || ^5.0 || ^6.0
146 silly fetch manifest postcss-selector-parser@^6.1.2
147 silly fetch manifest csstype@^3.2.2
148 silly fetch manifest @types/prop-types@*
149 silly fetch manifest @babel/core@^7.28.0
150 silly fetch manifest react-refresh@^0.17.0
151 silly fetch manifest @types/babel__core@^7.20.5
152 silly fetch manifest @rolldown/pluginutils@1.0.0-beta.27
153 silly fetch manifest @babel/plugin-transform-react-jsx-self@^7.27.1
154 silly fetch manifest @babel/plugin-transform-react-jsx-source@^7.27.1
155 silly fetch manifest rollup@^4.20.0
156 silly fetch manifest esbuild@^0.21.3
157 silly fetch manifest fsevents@~2.3.3
158 silly fetch manifest browserslist@^4.28.2
159 silly fetch manifest caniuse-lite@^1.0.30001787
160 silly fetch manifest fraction.js@^5.3.4
161 silly fetch manifest postcss-value-parser@^4.2.0
162 silly fetch manifest nanoid@^3.3.12
163 silly fetch manifest source-map-js@^1.2.1
164 silly fetch manifest follow-redirects@^1.16.0
165 silly fetch manifest form-data@^4.0.5
166 silly fetch manifest https-proxy-agent@^5.0.1
167 silly fetch manifest proxy-from-env@^2.1.0
168 silly fetch manifest @babel/runtime@^7.21.0
169 silly fetch manifest tslib@^2.4.0
170 silly fetch manifest @emotion/is-prop-valid@^0.8.2
171 silly fetch manifest loose-envify@^1.1.0
172 silly fetch manifest scheduler@^0.23.2
173 silly fetch manifest csstype@^3.1.3
174 silly fetch manifest goober@^2.1.16
175 silly fetch manifest @babel/runtime@^7.5.5
176 silly fetch manifest broadcast-channel@^3.4.1
177 silly fetch manifest match-sorter@^6.0.2
178 silly fetch manifest react-router@6.30.3
179 silly fetch manifest @remix-run/router@1.23.2
180 silly fetch manifest clsx@^1.0.4
181 silly fetch manifest prop-types@^15.7.2
182 silly fetch manifest dom-helpers@^5.1.3
183 silly fetch manifest loose-envify@^1.4.0
184 silly fetch manifest @babel/runtime@^7.7.2
185 silly fetch manifest react-lifecycles-compat@^3.0.4
186 silly fetch manifest @socket.io/component-emitter@~3.1.0
187 silly fetch manifest debug@~4.4.1
188 silly fetch manifest engine.io-client@~6.6.1
189 silly fetch manifest socket.io-parser@~4.2.4
190 silly fetch manifest debug@^4.3.4
191 silly fetch manifest pretty-bytes@^6.1.1
192 silly fetch manifest workbox-build@^7.0.0
193 silly fetch manifest workbox-window@^7.0.0
194 silly fetch manifest use-sync-external-store@^1.2.2
195 http fetch GET 200 https://registry.npmjs.org/dlv 165ms (cache revalidated)
196 http fetch GET 200 https://registry.npmjs.org/postcss-selector-parser 173ms (cache revalidated)
197 http fetch GET 200 https://registry.npmjs.org/chokidar 196ms (cache revalidated)
198 http fetch GET 200 https://registry.npmjs.org/postcss-selector-parser 202ms (cache revalidated)
199 http fetch GET 200 https://registry.npmjs.org/postcss-js 199ms (cache revalidated)
200 http fetch GET 200 https://registry.npmjs.org/lilconfig 202ms (cache revalidated)
201 http fetch GET 200 https://registry.npmjs.org/micromatch 203ms (cache revalidated)
202 http fetch GET 200 https://registry.npmjs.org/resolve 206ms (cache revalidated)
203 http fetch GET 200 https://registry.npmjs.org/arg 216ms (cache revalidated)
204 http fetch GET 200 https://registry.npmjs.org/didyoumean 214ms (cache revalidated)
205 http fetch GET 200 https://registry.npmjs.org/postcss-import 212ms (cache revalidated)
206 http fetch GET 200 https://registry.npmjs.org/postcss-nested 214ms (cache revalidated)
207 http fetch GET 200 https://registry.npmjs.org/picocolors 225ms (cache revalidated)
208 http fetch GET 200 https://registry.npmjs.org/is-glob 228ms (cache revalidated)
209 http fetch GET 200 https://registry.npmjs.org/fast-glob 228ms (cache revalidated)
210 http fetch GET 200 https://registry.npmjs.org/sucrase 239ms (cache revalidated)
211 http fetch GET 200 https://registry.npmjs.org/normalize-path 243ms (cache revalidated)
212 http fetch GET 200 https://registry.npmjs.org/postcss-load-config 243ms (cache revalidated)
213 http fetch GET 200 https://registry.npmjs.org/@types%2fprop-types 252ms (cache revalidated)
214 http fetch GET 200 https://registry.npmjs.org/object-hash 255ms (cache revalidated)
215 http fetch GET 200 https://registry.npmjs.org/csstype 255ms (cache revalidated)
216 http fetch GET 200 https://registry.npmjs.org/@babel%2fcore 258ms (cache revalidated)
217 http fetch GET 200 https://registry.npmjs.org/@alloc%2fquick-lru 264ms (cache revalidated)
218 http fetch GET 200 https://registry.npmjs.org/@types%2fbabel__core 263ms (cache revalidated)
219 http fetch GET 200 https://registry.npmjs.org/esbuild 263ms (cache revalidated)
220 http fetch GET 200 https://registry.npmjs.org/@babel%2fplugin-transform-react-jsx-self 272ms (cache revalidated)
221 http fetch GET 200 https://registry.npmjs.org/@babel%2fplugin-transform-react-jsx-source 274ms (cache revalidated)
222 http fetch GET 200 https://registry.npmjs.org/react-refresh 282ms (cache revalidated)
223 http fetch GET 200 https://registry.npmjs.org/rollup 331ms (cache revalidated)
224 http fetch GET 200 https://registry.npmjs.org/caniuse-lite 389ms (cache revalidated)
225 http fetch GET 200 https://registry.npmjs.org/postcss-value-parser 438ms (cache revalidated)
226 http fetch GET 200 https://registry.npmjs.org/browserslist 442ms (cache revalidated)
227 http fetch GET 200 https://registry.npmjs.org/fsevents 454ms (cache revalidated)
228 http fetch GET 200 https://registry.npmjs.org/@rolldown%2fpluginutils 458ms (cache revalidated)
229 http fetch GET 200 https://registry.npmjs.org/fraction.js 456ms (cache revalidated)
230 http fetch GET 200 https://registry.npmjs.org/nanoid 460ms (cache revalidated)
231 http fetch GET 200 https://registry.npmjs.org/form-data 463ms (cache revalidated)
232 http fetch GET 200 https://registry.npmjs.org/source-map-js 466ms (cache revalidated)
233 http fetch GET 200 https://registry.npmjs.org/proxy-from-env 469ms (cache revalidated)
234 http fetch GET 200 https://registry.npmjs.org/@babel%2fruntime 471ms (cache revalidated)
235 http fetch GET 200 https://registry.npmjs.org/https-proxy-agent 478ms (cache revalidated)
236 http fetch GET 200 https://registry.npmjs.org/csstype 478ms (cache revalidated)
237 http fetch GET 200 https://registry.npmjs.org/tslib 481ms (cache revalidated)
238 http fetch GET 200 https://registry.npmjs.org/@babel%2fruntime 480ms (cache revalidated)
239 http fetch GET 200 https://registry.npmjs.org/clsx 480ms (cache revalidated)
240 http fetch GET 200 https://registry.npmjs.org/follow-redirects 487ms (cache revalidated)
241 http fetch GET 200 https://registry.npmjs.org/broadcast-channel 484ms (cache revalidated)
242 http fetch GET 200 https://registry.npmjs.org/scheduler 501ms (cache revalidated)
243 http fetch GET 200 https://registry.npmjs.org/goober 537ms (cache revalidated)
244 http fetch GET 200 https://registry.npmjs.org/loose-envify 543ms (cache revalidated)
245 http fetch GET 200 https://registry.npmjs.org/loose-envify 549ms (cache revalidated)
246 http fetch GET 200 https://registry.npmjs.org/@emotion%2fis-prop-valid 550ms (cache revalidated)
247 http fetch GET 200 https://registry.npmjs.org/match-sorter 548ms (cache revalidated)
248 http fetch GET 200 https://registry.npmjs.org/@babel%2fruntime 549ms (cache revalidated)
249 http fetch GET 200 https://registry.npmjs.org/react-router 559ms (cache revalidated)
250 http fetch GET 200 https://registry.npmjs.org/debug 563ms (cache revalidated)
251 http fetch GET 200 https://registry.npmjs.org/debug 567ms (cache revalidated)
252 http fetch GET 200 https://registry.npmjs.org/dom-helpers 570ms (cache revalidated)
253 http fetch GET 200 https://registry.npmjs.org/glob-parent 587ms (cache revalidated)
254 http fetch GET 200 https://registry.npmjs.org/react-lifecycles-compat 571ms (cache revalidated)
255 http fetch GET 200 https://registry.npmjs.org/prop-types 573ms (cache revalidated)
256 http fetch GET 200 https://registry.npmjs.org/@socket.io%2fcomponent-emitter 571ms (cache revalidated)
257 http fetch GET 200 https://registry.npmjs.org/@remix-run%2frouter 576ms (cache revalidated)
258 http fetch GET 200 https://registry.npmjs.org/engine.io-client 573ms (cache revalidated)
259 http fetch GET 200 https://registry.npmjs.org/pretty-bytes 575ms (cache revalidated)
260 http fetch GET 200 https://registry.npmjs.org/workbox-window 575ms (cache revalidated)
261 http fetch GET 200 https://registry.npmjs.org/jiti 600ms (cache revalidated)
262 http fetch GET 200 https://registry.npmjs.org/socket.io-parser 582ms (cache revalidated)
263 http fetch GET 200 https://registry.npmjs.org/workbox-build 582ms (cache revalidated)
264 http fetch GET 200 https://registry.npmjs.org/use-sync-external-store 587ms (cache revalidated)
265 timing idealTree:#root Completed in 2856ms
266 silly placeDep ROOT postcss-selector-parser@6.0.10 OK for: @tailwindcss/typography@0.5.19 want: 6.0.10
267 silly fetch manifest cssesc@^3.0.0
268 silly fetch manifest util-deprecate@^1.0.2
269 http fetch GET 200 https://registry.npmjs.org/util-deprecate 39ms (cache revalidated)
270 http fetch GET 200 https://registry.npmjs.org/cssesc 40ms (cache revalidated)
271 timing idealTree:node_modules/@tailwindcss/typography Completed in 44ms
272 silly placeDep ROOT @types/prop-types@15.7.15 OK for: @types/react@18.3.29 want: *
273 silly placeDep ROOT csstype@3.2.3 OK for: @types/react@18.3.29 want: ^3.2.2
274 timing idealTree:node_modules/@types/react Completed in 3ms
275 timing idealTree:node_modules/@types/prop-types Completed in 0ms
276 timing idealTree:node_modules/@types/react-dom Completed in 0ms
277 silly placeDep ROOT @babel/core@7.29.7 OK for: @vitejs/plugin-react@4.7.0 want: ^7.28.0
278 silly placeDep ROOT @babel/plugin-transform-react-jsx-self@7.29.7 OK for: @vitejs/plugin-react@4.7.0 want: ^7.27.1
279 silly placeDep ROOT @babel/plugin-transform-react-jsx-source@7.29.7 OK for: @vitejs/plugin-react@4.7.0 want: ^7.27.1
280 silly placeDep ROOT @rolldown/pluginutils@1.0.0-beta.27 OK for: @vitejs/plugin-react@4.7.0 want: 1.0.0-beta.27
281 silly placeDep ROOT @types/babel__core@7.20.5 OK for: @vitejs/plugin-react@4.7.0 want: ^7.20.5
282 silly placeDep ROOT react-refresh@0.17.0 OK for: @vitejs/plugin-react@4.7.0 want: ^0.17.0
283 silly fetch manifest @babel/code-frame@^7.29.7
284 silly fetch manifest @babel/generator@^7.29.7
285 silly fetch manifest @babel/helper-compilation-targets@^7.29.7
286 silly fetch manifest @babel/helper-module-transforms@^7.29.7
287 silly fetch manifest @babel/helpers@^7.29.7
288 silly fetch manifest @babel/parser@^7.29.7
289 silly fetch manifest @babel/template@^7.29.7
290 silly fetch manifest @babel/traverse@^7.29.7
291 silly fetch manifest @babel/types@^7.29.7
292 silly fetch manifest @jridgewell/remapping@^2.3.5
293 silly fetch manifest convert-source-map@^2.0.0
294 silly fetch manifest debug@^4.1.0
295 silly fetch manifest gensync@^1.0.0-beta.2
296 silly fetch manifest json5@^2.2.3
297 silly fetch manifest semver@^6.3.1
298 silly fetch manifest @babel/helper-plugin-utils@^7.29.7
299 silly fetch manifest @babel/types@^7.20.7
300 silly fetch manifest @babel/parser@^7.20.7
301 silly fetch manifest @types/babel__template@*
302 silly fetch manifest @types/babel__traverse@*
303 silly fetch manifest @types/babel__generator@*
304 http fetch GET 200 https://registry.npmjs.org/@babel%2fcode-frame 54ms (cache revalidated)
305 http fetch GET 200 https://registry.npmjs.org/json5 63ms (cache revalidated)
306 http fetch GET 200 https://registry.npmjs.org/gensync 65ms (cache revalidated)
307 http fetch GET 200 https://registry.npmjs.org/@babel%2ftypes 67ms (cache revalidated)
308 http fetch GET 200 https://registry.npmjs.org/@babel%2fhelpers 71ms (cache revalidated)
309 http fetch GET 200 https://registry.npmjs.org/@babel%2ftraverse 73ms (cache revalidated)
310 http fetch GET 200 https://registry.npmjs.org/@babel%2ftemplate 77ms (cache revalidated)
311 http fetch GET 200 https://registry.npmjs.org/@babel%2fhelper-compilation-targets 82ms (cache revalidated)
312 http fetch GET 200 https://registry.npmjs.org/@babel%2fgenerator 85ms (cache revalidated)
313 http fetch GET 200 https://registry.npmjs.org/@babel%2fhelper-module-transforms 96ms (cache revalidated)
314 http fetch GET 200 https://registry.npmjs.org/@babel%2ftypes 95ms (cache revalidated)
315 http fetch GET 200 https://registry.npmjs.org/semver 103ms (cache revalidated)
316 http fetch GET 200 https://registry.npmjs.org/@types%2fbabel__traverse 107ms (cache revalidated)
317 http fetch GET 200 https://registry.npmjs.org/@babel%2fparser 109ms (cache revalidated)
318 http fetch GET 200 https://registry.npmjs.org/@babel%2fparser 117ms (cache revalidated)
319 http fetch GET 200 https://registry.npmjs.org/@jridgewell%2fremapping 118ms (cache revalidated)
320 http fetch GET 200 https://registry.npmjs.org/@babel%2fhelper-plugin-utils 118ms (cache revalidated)
321 http fetch GET 200 https://registry.npmjs.org/@types%2fbabel__template 118ms (cache revalidated)
322 http fetch GET 200 https://registry.npmjs.org/@types%2fbabel__generator 117ms (cache revalidated)
323 http fetch GET 200 https://registry.npmjs.org/convert-source-map 121ms (cache revalidated)
324 timing idealTree:node_modules/@vitejs/plugin-react Completed in 135ms
325 silly fetch manifest @babel/core@^7.0.0
326 silly placeDep ROOT @babel/code-frame@7.29.7 OK for: @babel/core@7.29.7 want: ^7.29.7
327 silly placeDep ROOT @babel/generator@7.29.7 OK for: @babel/core@7.29.7 want: ^7.29.7
328 silly placeDep ROOT @babel/helper-compilation-targets@7.29.7 OK for: @babel/core@7.29.7 want: ^7.29.7
329 silly placeDep ROOT @babel/helper-module-transforms@7.29.7 OK for: @babel/core@7.29.7 want: ^7.29.7
330 silly placeDep ROOT @babel/helpers@7.29.7 OK for: @babel/core@7.29.7 want: ^7.29.7
331 silly placeDep ROOT @babel/parser@7.29.7 OK for: @babel/core@7.29.7 want: ^7.29.7
332 silly placeDep ROOT @babel/template@7.29.7 OK for: @babel/core@7.29.7 want: ^7.29.7
333 silly placeDep ROOT @babel/traverse@7.29.7 OK for: @babel/core@7.29.7 want: ^7.29.7
334 silly placeDep ROOT @babel/types@7.29.7 OK for: @babel/core@7.29.7 want: ^7.29.7
335 silly placeDep ROOT @jridgewell/remapping@2.3.5 OK for: @babel/core@7.29.7 want: ^2.3.5
336 silly placeDep ROOT convert-source-map@2.0.0 OK for: @babel/core@7.29.7 want: ^2.0.0
337 silly placeDep ROOT debug@4.4.3 OK for: @babel/core@7.29.7 want: ^4.1.0
338 silly placeDep ROOT gensync@1.0.0-beta.2 OK for: @babel/core@7.29.7 want: ^1.0.0-beta.2
339 silly placeDep ROOT json5@2.2.3 OK for: @babel/core@7.29.7 want: ^2.2.3
340 silly placeDep ROOT semver@6.3.1 OK for: @babel/core@7.29.7 want: ^6.3.1
341 silly fetch manifest @babel/helper-validator-identifier@^7.29.7
342 silly fetch manifest js-tokens@^4.0.0
343 silly fetch manifest @jridgewell/gen-mapping@^0.3.12
344 silly fetch manifest @jridgewell/trace-mapping@^0.3.28
345 silly fetch manifest jsesc@^3.0.2
346 silly fetch manifest @babel/compat-data@^7.29.7
347 silly fetch manifest @babel/helper-validator-option@^7.29.7
348 silly fetch manifest browserslist@^4.24.0
349 silly fetch manifest lru-cache@^5.1.1
350 silly fetch manifest @babel/helper-module-imports@^7.29.7
351 silly fetch manifest @babel/helper-globals@^7.29.7
352 silly fetch manifest @babel/helper-string-parser@^7.29.7
353 silly fetch manifest @jridgewell/gen-mapping@^0.3.5
354 silly fetch manifest @jridgewell/trace-mapping@^0.3.24
355 silly fetch manifest ms@^2.1.3
356 http fetch GET 200 https://registry.npmjs.org/lru-cache 58ms (cache revalidated)
357 http fetch GET 200 https://registry.npmjs.org/@jridgewell%2ftrace-mapping 67ms (cache revalidated)
358 http fetch GET 200 https://registry.npmjs.org/@babel%2fcompat-data 68ms (cache revalidated)
359 http fetch GET 200 https://registry.npmjs.org/jsesc 75ms (cache revalidated)
360 http fetch GET 200 https://registry.npmjs.org/@jridgewell%2fgen-mapping 79ms (cache revalidated)
361 http fetch GET 200 https://registry.npmjs.org/@babel%2fhelper-validator-option 90ms (cache revalidated)
362 http fetch GET 200 https://registry.npmjs.org/js-tokens 100ms (cache revalidated)
363 http fetch GET 200 https://registry.npmjs.org/ms 109ms (cache revalidated)
364 http fetch GET 200 https://registry.npmjs.org/@babel%2fhelper-validator-identifier 116ms (cache revalidated)
365 http fetch GET 200 https://registry.npmjs.org/@babel%2fhelper-globals 116ms (cache revalidated)
366 http fetch GET 200 https://registry.npmjs.org/@babel%2fhelper-module-imports 134ms (cache revalidated)
367 http fetch GET 200 https://registry.npmjs.org/@jridgewell%2fgen-mapping 137ms (cache revalidated)
368 http fetch GET 200 https://registry.npmjs.org/@jridgewell%2ftrace-mapping 141ms (cache revalidated)
369 http fetch GET 200 https://registry.npmjs.org/@babel%2fhelper-string-parser 145ms (cache revalidated)
370 timing idealTree:node_modules/@babel/core Completed in 187ms
371 silly placeDep ROOT @babel/helper-validator-identifier@7.29.7 OK for: @babel/code-frame@7.29.7 want: ^7.29.7
372 silly placeDep ROOT js-tokens@4.0.0 OK for: @babel/code-frame@7.29.7 want: ^4.0.0
373 silly placeDep ROOT picocolors@1.1.1 OK for: @babel/code-frame@7.29.7 want: ^1.1.1
374 timing idealTree:node_modules/@babel/code-frame Completed in 5ms
375 silly placeDep ROOT @jridgewell/gen-mapping@0.3.13 OK for: @babel/generator@7.29.7 want: ^0.3.12
376 silly placeDep ROOT @jridgewell/trace-mapping@0.3.31 OK for: @babel/generator@7.29.7 want: ^0.3.28
377 silly placeDep ROOT jsesc@3.1.0 OK for: @babel/generator@7.29.7 want: ^3.0.2
378 silly fetch manifest @jridgewell/sourcemap-codec@^1.5.0
379 silly fetch manifest @jridgewell/resolve-uri@^3.1.0
380 silly fetch manifest @jridgewell/sourcemap-codec@^1.4.14
381 http fetch GET 200 https://registry.npmjs.org/@jridgewell%2fsourcemap-codec 39ms (cache revalidated)
382 http fetch GET 200 https://registry.npmjs.org/@jridgewell%2fresolve-uri 50ms (cache revalidated)
383 http fetch GET 200 https://registry.npmjs.org/@jridgewell%2fsourcemap-codec 54ms (cache revalidated)
384 timing idealTree:node_modules/@babel/generator Completed in 59ms
385 silly placeDep ROOT @babel/compat-data@7.29.7 OK for: @babel/helper-compilation-targets@7.29.7 want: ^7.29.7
386 silly placeDep ROOT @babel/helper-validator-option@7.29.7 OK for: @babel/helper-compilation-targets@7.29.7 want: ^7.29.7
387 silly placeDep ROOT browserslist@4.28.2 OK for: @babel/helper-compilation-targets@7.29.7 want: ^4.24.0
388 silly placeDep ROOT lru-cache@5.1.1 OK for: @babel/helper-compilation-targets@7.29.7 want: ^5.1.1
389 silly fetch manifest baseline-browser-mapping@^2.10.12
390 silly fetch manifest caniuse-lite@^1.0.30001782
391 silly fetch manifest electron-to-chromium@^1.5.328
392 silly fetch manifest node-releases@^2.0.36
393 silly fetch manifest update-browserslist-db@^1.2.3
394 silly fetch manifest yallist@^3.0.2
395 http fetch GET 200 https://registry.npmjs.org/update-browserslist-db 28ms (cache revalidated)
396 http fetch GET 200 https://registry.npmjs.org/yallist 34ms (cache revalidated)
397 http fetch GET 200 https://registry.npmjs.org/node-releases 58ms (cache revalidated)
398 http fetch GET 200 https://registry.npmjs.org/baseline-browser-mapping 62ms (cache revalidated)
399 http fetch GET 200 https://registry.npmjs.org/electron-to-chromium 72ms (cache revalidated)
400 timing idealTree:node_modules/@babel/helper-compilation-targets Completed in 93ms
401 timing idealTree:node_modules/@babel/compat-data Completed in 0ms
402 silly placeDep ROOT @babel/helper-module-imports@7.29.7 OK for: @babel/helper-module-transforms@7.29.7 want: ^7.29.7
403 timing idealTree:node_modules/@babel/helper-module-transforms Completed in 2ms
404 timing idealTree:node_modules/@babel/helper-module-imports Completed in 0ms
405 timing idealTree:node_modules/@babel/helper-validator-identifier Completed in 0ms
406 timing idealTree:node_modules/@babel/helper-validator-option Completed in 0ms
407 timing idealTree:node_modules/@babel/helpers Completed in 0ms
408 timing idealTree:node_modules/@babel/parser Completed in 0ms
409 silly placeDep ROOT @babel/helper-plugin-utils@7.29.7 OK for: @babel/plugin-transform-react-jsx-self@7.29.7 want: ^7.29.7
410 timing idealTree:node_modules/@babel/plugin-transform-react-jsx-self Completed in 3ms
411 timing idealTree:node_modules/@babel/helper-plugin-utils Completed in 0ms
412 timing idealTree:node_modules/@babel/plugin-transform-react-jsx-source Completed in 0ms
413 timing idealTree:node_modules/@babel/template Completed in 0ms
414 silly placeDep ROOT @babel/helper-globals@7.29.7 OK for: @babel/traverse@7.29.7 want: ^7.29.7
415 timing idealTree:node_modules/@babel/traverse Completed in 2ms
416 timing idealTree:node_modules/@babel/helper-globals Completed in 0ms
417 silly placeDep ROOT @babel/helper-string-parser@7.29.7 OK for: @babel/types@7.29.7 want: ^7.29.7
418 timing idealTree:node_modules/@babel/types Completed in 2ms
419 timing idealTree:node_modules/@babel/helper-string-parser Completed in 0ms
420 silly placeDep ROOT @jridgewell/sourcemap-codec@1.5.5 OK for: @jridgewell/gen-mapping@0.3.13 want: ^1.5.0
421 timing idealTree:node_modules/@jridgewell/gen-mapping Completed in 2ms
422 timing idealTree:node_modules/@jridgewell/remapping Completed in 0ms
423 timing idealTree:node_modules/@jridgewell/sourcemap-codec Completed in 0ms
424 silly placeDep ROOT @jridgewell/resolve-uri@3.1.2 OK for: @jridgewell/trace-mapping@0.3.31 want: ^3.1.0
425 timing idealTree:node_modules/@jridgewell/trace-mapping Completed in 1ms
426 timing idealTree:node_modules/@jridgewell/resolve-uri Completed in 0ms
427 timing idealTree:node_modules/@rolldown/pluginutils Completed in 0ms
428 silly placeDep ROOT @types/babel__generator@7.27.0 OK for: @types/babel__core@7.20.5 want: *
429 silly placeDep ROOT @types/babel__template@7.4.4 OK for: @types/babel__core@7.20.5 want: *
430 silly placeDep ROOT @types/babel__traverse@7.28.0 OK for: @types/babel__core@7.20.5 want: *
431 timing idealTree:node_modules/@types/babel__core Completed in 5ms
432 timing idealTree:node_modules/@types/babel__generator Completed in 0ms
433 timing idealTree:node_modules/@types/babel__template Completed in 0ms
434 timing idealTree:node_modules/@types/babel__traverse Completed in 0ms
435 silly placeDep ROOT caniuse-lite@1.0.30001793 OK for: autoprefixer@10.5.0 want: ^1.0.30001787
436 silly placeDep ROOT fraction.js@5.3.4 OK for: autoprefixer@10.5.0 want: ^5.3.4
437 silly placeDep ROOT postcss-value-parser@4.2.0 OK for: autoprefixer@10.5.0 want: ^4.2.0
438 timing idealTree:node_modules/autoprefixer Completed in 5ms
439 silly placeDep ROOT follow-redirects@1.16.0 OK for: axios@1.16.1 want: ^1.16.0
440 silly placeDep ROOT form-data@4.0.5 OK for: axios@1.16.1 want: ^4.0.5
441 silly placeDep ROOT https-proxy-agent@5.0.1 OK for: axios@1.16.1 want: ^5.0.1
442 silly placeDep ROOT proxy-from-env@2.1.0 OK for: axios@1.16.1 want: ^2.1.0
443 silly fetch manifest asynckit@^0.4.0
444 silly fetch manifest combined-stream@^1.0.8
445 silly fetch manifest es-set-tostringtag@^2.1.0
446 silly fetch manifest hasown@^2.0.2
447 silly fetch manifest mime-types@^2.1.12
448 silly fetch manifest agent-base@6
449 http fetch GET 200 https://registry.npmjs.org/hasown 35ms (cache revalidated)
450 http fetch GET 200 https://registry.npmjs.org/agent-base 34ms (cache revalidated)
451 http fetch GET 200 https://registry.npmjs.org/mime-types 42ms (cache revalidated)
452 http fetch GET 200 https://registry.npmjs.org/combined-stream 45ms (cache revalidated)
453 http fetch GET 200 https://registry.npmjs.org/asynckit 47ms (cache revalidated)
454 http fetch GET 200 https://registry.npmjs.org/es-set-tostringtag 47ms (cache revalidated)
455 timing idealTree:node_modules/axios Completed in 65ms
456 silly fetch manifest browserslist@>= 4.21.0
457 silly placeDep ROOT baseline-browser-mapping@2.10.32 OK for: browserslist@4.28.2 want: ^2.10.12
458 silly placeDep ROOT electron-to-chromium@1.5.361 OK for: browserslist@4.28.2 want: ^1.5.328
459 silly placeDep ROOT node-releases@2.0.46 OK for: browserslist@4.28.2 want: ^2.0.36
460 silly placeDep ROOT update-browserslist-db@1.2.3 OK for: browserslist@4.28.2 want: ^1.2.3
461 silly fetch manifest escalade@^3.2.0
462 http fetch GET 200 https://registry.npmjs.org/escalade 55ms (cache revalidated)
463 timing idealTree:node_modules/browserslist Completed in 65ms
464 timing idealTree:node_modules/baseline-browser-mapping Completed in 0ms
465 timing idealTree:node_modules/caniuse-lite Completed in 0ms
466 timing idealTree:node_modules/convert-source-map Completed in 0ms
467 timing idealTree:node_modules/csstype Completed in 0ms
468 silly placeDep ROOT @babel/runtime@7.29.7 OK for: date-fns@2.30.0 want: ^7.21.0
469 timing idealTree:node_modules/date-fns Completed in 2ms
470 timing idealTree:node_modules/@babel/runtime Completed in 0ms
471 silly placeDep ROOT ms@2.1.3 OK for: debug@4.4.3 want: ^2.1.3
472 timing idealTree:node_modules/debug Completed in 1ms
473 timing idealTree:node_modules/electron-to-chromium Completed in 0ms
474 timing idealTree:node_modules/follow-redirects Completed in 0ms
475 silly placeDep ROOT asynckit@0.4.0 OK for: form-data@4.0.5 want: ^0.4.0
476 silly placeDep ROOT combined-stream@1.0.8 OK for: form-data@4.0.5 want: ^1.0.8
477 silly placeDep ROOT es-set-tostringtag@2.1.0 OK for: form-data@4.0.5 want: ^2.1.0
478 silly placeDep ROOT hasown@2.0.3 OK for: form-data@4.0.5 want: ^2.0.2
479 silly placeDep ROOT mime-types@2.1.35 OK for: form-data@4.0.5 want: ^2.1.12
480 silly fetch manifest delayed-stream@~1.0.0
481 silly fetch manifest es-errors@^1.3.0
482 silly fetch manifest get-intrinsic@^1.2.6
483 silly fetch manifest has-tostringtag@^1.0.2
484 silly fetch manifest function-bind@^1.1.2
485 silly fetch manifest mime-db@1.52.0
486 http fetch GET 200 https://registry.npmjs.org/has-tostringtag 28ms (cache revalidated)
487 http fetch GET 200 https://registry.npmjs.org/function-bind 28ms (cache revalidated)
488 http fetch GET 200 https://registry.npmjs.org/es-errors 38ms (cache revalidated)
489 http fetch GET 200 https://registry.npmjs.org/get-intrinsic 39ms (cache revalidated)
490 http fetch GET 200 https://registry.npmjs.org/delayed-stream 40ms (cache revalidated)
491 http fetch GET 200 https://registry.npmjs.org/mime-db 40ms (cache revalidated)
492 timing idealTree:node_modules/form-data Completed in 49ms
493 timing idealTree:node_modules/asynckit Completed in 0ms
494 silly placeDep ROOT delayed-stream@1.0.0 OK for: combined-stream@1.0.8 want: ~1.0.0
495 timing idealTree:node_modules/combined-stream Completed in 2ms
496 timing idealTree:node_modules/delayed-stream Completed in 0ms
497 silly placeDep ROOT es-errors@1.3.0 OK for: es-set-tostringtag@2.1.0 want: ^1.3.0
498 silly placeDep ROOT get-intrinsic@1.3.0 OK for: es-set-tostringtag@2.1.0 want: ^1.2.6
499 silly placeDep ROOT has-tostringtag@1.0.2 OK for: es-set-tostringtag@2.1.0 want: ^1.0.2
500 silly fetch manifest gopd@^1.2.0
501 silly fetch manifest get-proto@^1.0.1
502 silly fetch manifest has-symbols@^1.1.0
503 silly fetch manifest es-object-atoms@^1.1.1
504 silly fetch manifest math-intrinsics@^1.1.0
505 silly fetch manifest es-define-property@^1.0.1
506 silly fetch manifest call-bind-apply-helpers@^1.0.2
507 silly fetch manifest has-symbols@^1.0.3
508 http fetch GET 200 https://registry.npmjs.org/has-symbols 37ms (cache revalidated)
509 http fetch GET 200 https://registry.npmjs.org/call-bind-apply-helpers 38ms (cache revalidated)
510 http fetch GET 200 https://registry.npmjs.org/get-proto 40ms (cache revalidated)
511 http fetch GET 200 https://registry.npmjs.org/gopd 40ms (cache revalidated)
512 http fetch GET 200 https://registry.npmjs.org/es-object-atoms 40ms (cache revalidated)
513 http fetch GET 200 https://registry.npmjs.org/math-intrinsics 41ms (cache revalidated)
514 http fetch GET 200 https://registry.npmjs.org/es-define-property 46ms (cache revalidated)
515 http fetch GET 200 https://registry.npmjs.org/has-symbols 67ms (cache revalidated)
516 timing idealTree:node_modules/es-set-tostringtag Completed in 72ms
517 timing idealTree:node_modules/es-errors Completed in 0ms
518 timing idealTree:node_modules/fraction.js Completed in 0ms
519 silly placeDep ROOT @emotion/is-prop-valid@0.8.8 OK for: framer-motion@10.18.0 want: ^0.8.2
520 silly placeDep ROOT tslib@2.8.1 OK for: framer-motion@10.18.0 want: ^2.4.0
521 silly fetch manifest @emotion/memoize@0.7.4
522 http fetch GET 200 https://registry.npmjs.org/@emotion%2fmemoize 64ms (cache revalidated)
523 timing idealTree:node_modules/framer-motion Completed in 68ms
524 silly placeDep ROOT @emotion/memoize@0.7.4 OK for: @emotion/is-prop-valid@0.8.8 want: 0.7.4
525 timing idealTree:node_modules/@emotion/is-prop-valid Completed in 1ms
526 timing idealTree:node_modules/@emotion/memoize Completed in 0ms
527 timing idealTree:node_modules/gensync Completed in 0ms
528 silly placeDep ROOT call-bind-apply-helpers@1.0.2 OK for: get-intrinsic@1.3.0 want: ^1.0.2
529 silly placeDep ROOT es-define-property@1.0.1 OK for: get-intrinsic@1.3.0 want: ^1.0.1
530 silly placeDep ROOT es-object-atoms@1.1.2 OK for: get-intrinsic@1.3.0 want: ^1.1.1
531 silly placeDep ROOT function-bind@1.1.2 OK for: get-intrinsic@1.3.0 want: ^1.1.2
532 silly placeDep ROOT get-proto@1.0.1 OK for: get-intrinsic@1.3.0 want: ^1.0.1
533 silly placeDep ROOT gopd@1.2.0 OK for: get-intrinsic@1.3.0 want: ^1.2.0
534 silly placeDep ROOT has-symbols@1.1.0 OK for: get-intrinsic@1.3.0 want: ^1.1.0
535 silly placeDep ROOT math-intrinsics@1.1.0 OK for: get-intrinsic@1.3.0 want: ^1.1.0
536 silly fetch manifest dunder-proto@^1.0.1
537 http fetch GET 200 https://registry.npmjs.org/dunder-proto 31ms (cache revalidated)
538 timing idealTree:node_modules/get-intrinsic Completed in 46ms
539 timing idealTree:node_modules/call-bind-apply-helpers Completed in 0ms
540 timing idealTree:node_modules/es-define-property Completed in 0ms
541 timing idealTree:node_modules/es-object-atoms Completed in 0ms
542 timing idealTree:node_modules/function-bind Completed in 0ms
543 silly placeDep ROOT dunder-proto@1.0.1 OK for: get-proto@1.0.1 want: ^1.0.1
544 timing idealTree:node_modules/get-proto Completed in 3ms
545 timing idealTree:node_modules/dunder-proto Completed in 0ms
546 timing idealTree:node_modules/gopd Completed in 0ms
547 timing idealTree:node_modules/has-symbols Completed in 0ms
548 timing idealTree:node_modules/has-tostringtag Completed in 0ms
549 timing idealTree:node_modules/hasown Completed in 0ms
550 silly placeDep ROOT agent-base@6.0.2 OK for: https-proxy-agent@5.0.1 want: 6
551 timing idealTree:node_modules/https-proxy-agent Completed in 1ms
552 timing idealTree:node_modules/agent-base Completed in 0ms
553 timing idealTree:node_modules/js-tokens Completed in 0ms
554 timing idealTree:node_modules/jsesc Completed in 0ms
555 timing idealTree:node_modules/json5 Completed in 0ms
556 silly placeDep ROOT yallist@3.1.1 OK for: lru-cache@5.1.1 want: ^3.0.2
557 timing idealTree:node_modules/lru-cache Completed in 2ms
558 timing idealTree:node_modules/lucide-react Completed in 0ms
559 timing idealTree:node_modules/math-intrinsics Completed in 0ms
560 silly placeDep ROOT mime-db@1.52.0 OK for: mime-types@2.1.35 want: 1.52.0
561 timing idealTree:node_modules/mime-types Completed in 1ms
562 timing idealTree:node_modules/mime-db Completed in 0ms
563 timing idealTree:node_modules/ms Completed in 0ms
564 timing idealTree:node_modules/node-releases Completed in 1ms
565 timing idealTree:node_modules/picocolors Completed in 0ms
566 silly placeDep ROOT nanoid@3.3.12 OK for: postcss@8.5.15 want: ^3.3.12
567 silly placeDep ROOT source-map-js@1.2.1 OK for: postcss@8.5.15 want: ^1.2.1
568 timing idealTree:node_modules/postcss Completed in 3ms
569 timing idealTree:node_modules/nanoid Completed in 0ms
570 silly placeDep ROOT cssesc@3.0.0 OK for: postcss-selector-parser@6.0.10 want: ^3.0.0
571 silly placeDep ROOT util-deprecate@1.0.2 OK for: postcss-selector-parser@6.0.10 want: ^1.0.2
572 timing idealTree:node_modules/postcss-selector-parser Completed in 2ms
573 timing idealTree:node_modules/cssesc Completed in 0ms
574 timing idealTree:node_modules/postcss-value-parser Completed in 0ms
575 timing idealTree:node_modules/proxy-from-env Completed in 0ms
576 silly placeDep ROOT loose-envify@1.4.0 OK for: react@18.3.1 want: ^1.1.0
577 timing idealTree:node_modules/react Completed in 2ms
578 timing idealTree:node_modules/loose-envify Completed in 0ms
579 silly placeDep ROOT scheduler@0.23.2 OK for: react-dom@18.3.1 want: ^0.23.2
580 timing idealTree:node_modules/react-dom Completed in 2ms
581 silly placeDep ROOT goober@2.1.19 OK for: react-hot-toast@2.6.0 want: ^2.1.16
582 timing idealTree:node_modules/react-hot-toast Completed in 4ms
583 timing idealTree:node_modules/goober Completed in 0ms
584 timing idealTree:node_modules/react-intersection-observer Completed in 0ms
585 silly placeDep ROOT broadcast-channel@3.7.0 OK for: react-query@3.39.3 want: ^3.4.1
586 silly placeDep ROOT match-sorter@6.3.4 OK for: react-query@3.39.3 want: ^6.0.2
587 silly fetch manifest rimraf@3.0.2
588 silly fetch manifest unload@2.2.0
589 silly fetch manifest js-sha3@0.8.0
590 silly fetch manifest nano-time@1.0.0
591 silly fetch manifest detect-node@^2.1.0
592 silly fetch manifest microseconds@0.2.0
593 silly fetch manifest oblivious-set@1.0.0
594 silly fetch manifest remove-accents@0.5.0
595 http fetch GET 200 https://registry.npmjs.org/js-sha3 33ms (cache revalidated)
596 http fetch GET 200 https://registry.npmjs.org/rimraf 40ms (cache revalidated)
597 http fetch GET 200 https://registry.npmjs.org/remove-accents 43ms (cache revalidated)
598 http fetch GET 200 https://registry.npmjs.org/microseconds 47ms (cache revalidated)
599 http fetch GET 200 https://registry.npmjs.org/detect-node 47ms (cache revalidated)
600 http fetch GET 200 https://registry.npmjs.org/oblivious-set 48ms (cache revalidated)
601 http fetch GET 200 https://registry.npmjs.org/unload 50ms (cache revalidated)
602 http fetch GET 200 https://registry.npmjs.org/nano-time 50ms (cache revalidated)
603 timing idealTree:node_modules/react-query Completed in 55ms
604 silly placeDep ROOT detect-node@2.1.0 OK for: broadcast-channel@3.7.0 want: ^2.1.0
605 silly placeDep ROOT js-sha3@0.8.0 OK for: broadcast-channel@3.7.0 want: 0.8.0
606 silly placeDep ROOT microseconds@0.2.0 OK for: broadcast-channel@3.7.0 want: 0.2.0
607 silly placeDep ROOT nano-time@1.0.0 OK for: broadcast-channel@3.7.0 want: 1.0.0
608 silly placeDep ROOT oblivious-set@1.0.0 OK for: broadcast-channel@3.7.0 want: 1.0.0
609 silly placeDep ROOT rimraf@3.0.2 OK for: broadcast-channel@3.7.0 want: 3.0.2
610 silly placeDep ROOT unload@2.2.0 OK for: broadcast-channel@3.7.0 want: 2.2.0
611 silly fetch manifest big-integer@^1.6.16
612 silly fetch manifest glob@^7.1.3
613 http fetch GET 200 https://registry.npmjs.org/big-integer 33ms (cache revalidated)
614 http fetch GET 200 https://registry.npmjs.org/glob 40ms (cache revalidated)
615 timing idealTree:node_modules/broadcast-channel Completed in 51ms
616 timing idealTree:node_modules/detect-node Completed in 0ms
617 timing idealTree:node_modules/js-sha3 Completed in 0ms
618 silly placeDep ROOT remove-accents@0.5.0 OK for: match-sorter@6.3.4 want: 0.5.0
619 timing idealTree:node_modules/match-sorter Completed in 1ms
620 timing idealTree:node_modules/microseconds Completed in 0ms
621 silly placeDep ROOT big-integer@1.6.52 OK for: nano-time@1.0.0 want: ^1.6.16
622 timing idealTree:node_modules/nano-time Completed in 2ms
623 timing idealTree:node_modules/big-integer Completed in 0ms
624 timing idealTree:node_modules/oblivious-set Completed in 0ms
625 timing idealTree:node_modules/react-refresh Completed in 0ms
626 silly fetch manifest react@>=16.8
627 silly placeDep ROOT @remix-run/router@1.23.2 OK for: react-router-dom@6.30.3 want: 1.23.2
628 silly placeDep ROOT react-router@6.30.3 OK for: react-router-dom@6.30.3 want: 6.30.3
629 timing idealTree:node_modules/react-router-dom Completed in 7ms
630 timing idealTree:node_modules/@remix-run/router Completed in 0ms
631 timing idealTree:node_modules/react-router Completed in 0ms
632 silly placeDep ROOT clsx@1.2.1 OK for: react-virtualized@9.22.6 want: ^1.0.4
633 silly placeDep ROOT dom-helpers@5.2.1 OK for: react-virtualized@9.22.6 want: ^5.1.3
634 silly placeDep ROOT prop-types@15.8.1 OK for: react-virtualized@9.22.6 want: ^15.7.2
635 silly placeDep ROOT react-lifecycles-compat@3.0.4 OK for: react-virtualized@9.22.6 want: ^3.0.4
636 silly fetch manifest object-assign@^4.1.1
637 silly fetch manifest react-is@^16.13.1
638 http fetch GET 200 https://registry.npmjs.org/object-assign 32ms (cache revalidated)
639 http fetch GET 200 https://registry.npmjs.org/react-is 52ms (cache revalidated)
640 timing idealTree:node_modules/react-virtualized Completed in 96ms
641 timing idealTree:node_modules/clsx Completed in 0ms
642 timing idealTree:node_modules/dom-helpers Completed in 0ms
643 silly placeDep ROOT object-assign@4.1.1 OK for: prop-types@15.8.1 want: ^4.1.1
644 silly placeDep ROOT react-is@16.13.1 OK for: prop-types@15.8.1 want: ^16.13.1
645 timing idealTree:node_modules/prop-types Completed in 5ms
646 timing idealTree:node_modules/object-assign Completed in 0ms
647 timing idealTree:node_modules/react-is Completed in 0ms
648 timing idealTree:node_modules/react-lifecycles-compat Completed in 0ms
649 timing idealTree:node_modules/remove-accents Completed in 0ms
650 silly placeDep ROOT glob@7.2.3 OK for: rimraf@3.0.2 want: ^7.1.3
651 silly fetch manifest once@^1.3.0
652 silly fetch manifest inflight@^1.0.4
653 silly fetch manifest inherits@2
654 silly fetch manifest minimatch@^3.1.1
655 silly fetch manifest fs.realpath@^1.0.0
656 silly fetch manifest path-is-absolute@^1.0.0
657 http fetch GET 200 https://registry.npmjs.org/inflight 34ms (cache revalidated)
658 http fetch GET 200 https://registry.npmjs.org/fs.realpath 34ms (cache revalidated)
659 http fetch GET 200 https://registry.npmjs.org/inherits 40ms (cache revalidated)
660 http fetch GET 200 https://registry.npmjs.org/minimatch 40ms (cache revalidated)
661 http fetch GET 200 https://registry.npmjs.org/once 97ms (cache revalidated)
662 http fetch GET 200 https://registry.npmjs.org/path-is-absolute 114ms (cache revalidated)
663 timing idealTree:node_modules/rimraf Completed in 119ms
664 silly placeDep ROOT fs.realpath@1.0.0 OK for: glob@7.2.3 want: ^1.0.0
665 silly placeDep ROOT inflight@1.0.6 OK for: glob@7.2.3 want: ^1.0.4
666 silly placeDep ROOT inherits@2.0.4 OK for: glob@7.2.3 want: 2
667 silly placeDep ROOT minimatch@3.1.5 OK for: glob@7.2.3 want: ^3.1.1
668 silly placeDep ROOT once@1.4.0 OK for: glob@7.2.3 want: ^1.3.0
669 silly placeDep ROOT path-is-absolute@1.0.1 OK for: glob@7.2.3 want: ^1.0.0
670 silly fetch manifest wrappy@1
671 silly fetch manifest brace-expansion@^1.1.7
672 http fetch GET 200 https://registry.npmjs.org/wrappy 23ms (cache revalidated)
673 http fetch GET 200 https://registry.npmjs.org/brace-expansion 36ms (cache revalidated)
674 timing idealTree:node_modules/glob Completed in 45ms
675 timing idealTree:node_modules/fs.realpath Completed in 0ms
676 silly placeDep ROOT wrappy@1.0.2 OK for: inflight@1.0.6 want: 1
677 timing idealTree:node_modules/inflight Completed in 2ms
678 timing idealTree:node_modules/inherits Completed in 0ms
679 silly placeDep ROOT brace-expansion@1.1.14 OK for: minimatch@3.1.5 want: ^1.1.7
680 silly fetch manifest concat-map@0.0.1
681 silly fetch manifest balanced-match@^1.0.0
682 http fetch GET 200 https://registry.npmjs.org/balanced-match 25ms (cache revalidated)
683 http fetch GET 200 https://registry.npmjs.org/concat-map 41ms (cache revalidated)
684 timing idealTree:node_modules/minimatch Completed in 42ms
685 silly placeDep ROOT balanced-match@1.0.2 OK for: brace-expansion@1.1.14 want: ^1.0.0
686 silly placeDep ROOT concat-map@0.0.1 OK for: brace-expansion@1.1.14 want: 0.0.1
687 timing idealTree:node_modules/brace-expansion Completed in 5ms
688 timing idealTree:node_modules/balanced-match Completed in 0ms
689 timing idealTree:node_modules/concat-map Completed in 0ms
690 timing idealTree:node_modules/once Completed in 0ms
691 timing idealTree:node_modules/path-is-absolute Completed in 0ms
692 timing idealTree:node_modules/scheduler Completed in 0ms
693 timing idealTree:node_modules/semver Completed in 0ms
694 silly placeDep ROOT @socket.io/component-emitter@3.1.2 OK for: socket.io-client@4.8.3 want: ~3.1.0
695 silly placeDep ROOT engine.io-client@6.6.5 OK for: socket.io-client@4.8.3 want: ~6.6.1
696 silly placeDep ROOT socket.io-parser@4.2.6 OK for: socket.io-client@4.8.3 want: ~4.2.4
697 silly fetch manifest engine.io-parser@~5.2.1
698 silly fetch manifest ws@~8.20.1
699 silly fetch manifest xmlhttprequest-ssl@~2.1.1
700 http fetch GET 200 https://registry.npmjs.org/engine.io-parser 32ms (cache revalidated)
701 http fetch GET 200 https://registry.npmjs.org/xmlhttprequest-ssl 37ms (cache revalidated)
702 http fetch GET 200 https://registry.npmjs.org/ws 43ms (cache revalidated)
703 timing idealTree:node_modules/socket.io-client Completed in 63ms
704 timing idealTree:node_modules/@socket.io/component-emitter Completed in 0ms
705 silly fetch manifest bufferutil@^4.0.1
706 http fetch GET 200 https://registry.npmjs.org/bufferutil 46ms (cache revalidated)
707 silly fetch manifest utf-8-validate@>=5.0.2
708 http fetch GET 200 https://registry.npmjs.org/utf-8-validate 36ms (cache revalidated)
709 silly placeDep ROOT engine.io-parser@5.2.3 OK for: engine.io-client@6.6.5 want: ~5.2.1
710 silly placeDep ROOT ws@8.20.1 OK for: engine.io-client@6.6.5 want: ~8.20.1
711 silly placeDep ROOT xmlhttprequest-ssl@2.1.2 OK for: engine.io-client@6.6.5 want: ~2.1.1
712 timing idealTree:node_modules/engine.io-client Completed in 91ms
713 timing idealTree:node_modules/engine.io-parser Completed in 0ms
714 timing idealTree:node_modules/socket.io-parser Completed in 0ms
715 timing idealTree:node_modules/source-map-js Completed in 0ms
716 silly fetch manifest postcss@^8.4.47
717 silly fetch manifest tsx@^4.8.1
718 http fetch GET 200 https://registry.npmjs.org/tsx 50ms (cache revalidated)
719 silly fetch manifest yaml@^2.4.2
720 http fetch GET 200 https://registry.npmjs.org/yaml 36ms (cache revalidated)
721 silly placeDep ROOT @alloc/quick-lru@5.2.0 OK for: tailwindcss@3.4.19 want: ^5.2.0
722 silly placeDep ROOT arg@5.0.2 OK for: tailwindcss@3.4.19 want: ^5.0.2
723 silly placeDep ROOT chokidar@3.6.0 OK for: tailwindcss@3.4.19 want: ^3.6.0
724 silly placeDep ROOT didyoumean@1.2.2 OK for: tailwindcss@3.4.19 want: ^1.2.2
725 silly placeDep ROOT dlv@1.1.3 OK for: tailwindcss@3.4.19 want: ^1.1.3
726 silly placeDep ROOT fast-glob@3.3.3 OK for: tailwindcss@3.4.19 want: ^3.3.2
727 silly placeDep ROOT glob-parent@6.0.2 OK for: tailwindcss@3.4.19 want: ^6.0.2
728 silly placeDep ROOT is-glob@4.0.3 OK for: tailwindcss@3.4.19 want: ^4.0.3
729 silly placeDep ROOT jiti@1.21.7 OK for: tailwindcss@3.4.19 want: ^1.21.7
730 silly placeDep ROOT lilconfig@3.1.3 OK for: tailwindcss@3.4.19 want: ^3.1.3
731 silly placeDep ROOT micromatch@4.0.8 OK for: tailwindcss@3.4.19 want: ^4.0.8
732 silly placeDep ROOT normalize-path@3.0.0 OK for: tailwindcss@3.4.19 want: ^3.0.0
733 silly placeDep ROOT object-hash@3.0.0 OK for: tailwindcss@3.4.19 want: ^3.0.0
734 silly placeDep ROOT postcss-import@15.1.0 OK for: tailwindcss@3.4.19 want: ^15.1.0
735 silly placeDep ROOT postcss-js@4.1.0 OK for: tailwindcss@3.4.19 want: ^4.0.1
736 silly placeDep ROOT postcss-load-config@6.0.1 OK for: tailwindcss@3.4.19 want: ^4.0.2 || ^5.0 || ^6.0
737 silly placeDep ROOT postcss-nested@6.2.0 OK for: tailwindcss@3.4.19 want: ^6.2.0
738 silly placeDep node_modules/tailwindcss postcss-selector-parser@6.1.2 OK for: tailwindcss@3.4.19 want: ^6.1.2
739 silly placeDep ROOT resolve@1.22.12 OK for: tailwindcss@3.4.19 want: ^1.22.8
740 silly placeDep ROOT sucrase@3.35.1 OK for: tailwindcss@3.4.19 want: ^3.35.0
741 silly fetch manifest braces@~3.0.2
742 silly fetch manifest anymatch@~3.1.2
743 silly fetch manifest readdirp@~3.6.0
744 silly fetch manifest glob-parent@~5.1.2
745 silly fetch manifest is-binary-path@~2.1.0
746 silly fetch manifest fsevents@~2.3.2
747 silly fetch manifest @nodelib/fs.stat@^2.0.2
748 silly fetch manifest @nodelib/fs.walk@^1.2.3
749 silly fetch manifest glob-parent@^5.1.2
750 silly fetch manifest merge2@^1.3.0
751 silly fetch manifest is-extglob@^2.1.1
752 silly fetch manifest braces@^3.0.3
753 silly fetch manifest picomatch@^2.3.1
754 silly fetch manifest read-cache@^1.0.0
755 silly fetch manifest camelcase-css@^2.0.1
756 silly fetch manifest postcss-selector-parser@^6.1.1
757 silly fetch manifest path-parse@^1.0.7
758 silly fetch manifest is-core-module@^2.16.1
759 silly fetch manifest supports-preserve-symlinks-flag@^1.0.0
760 silly fetch manifest commander@^4.0.0
761 silly fetch manifest lines-and-columns@^1.1.6
762 silly fetch manifest mz@^2.7.0
763 silly fetch manifest pirates@^4.0.1
764 silly fetch manifest tinyglobby@^0.2.11
765 silly fetch manifest ts-interface-checker@^0.1.9
766 http fetch GET 200 https://registry.npmjs.org/read-cache 51ms (cache revalidated)
767 http fetch GET 200 https://registry.npmjs.org/anymatch 58ms (cache revalidated)
768 http fetch GET 200 https://registry.npmjs.org/braces 62ms (cache revalidated)
769 http fetch GET 200 https://registry.npmjs.org/picomatch 55ms (cache revalidated)
770 http fetch GET 200 https://registry.npmjs.org/supports-preserve-symlinks-flag 57ms (cache revalidated)
771 http fetch GET 200 https://registry.npmjs.org/is-binary-path 65ms (cache revalidated)
772 http fetch GET 200 https://registry.npmjs.org/commander 61ms (cache revalidated)
773 http fetch GET 200 https://registry.npmjs.org/path-parse 66ms (cache revalidated)
774 http fetch GET 200 https://registry.npmjs.org/is-extglob 69ms (cache revalidated)
775 http fetch GET 200 https://registry.npmjs.org/is-core-module 67ms (cache revalidated)
776 http fetch GET 200 https://registry.npmjs.org/readdirp 74ms (cache revalidated)
777 http fetch GET 200 https://registry.npmjs.org/braces 73ms (cache revalidated)
778 http fetch GET 200 https://registry.npmjs.org/tinyglobby 72ms (cache revalidated)
779 http fetch GET 200 https://registry.npmjs.org/merge2 79ms (cache revalidated)
780 http fetch GET 200 https://registry.npmjs.org/mz 74ms (cache revalidated)
781 http fetch GET 200 https://registry.npmjs.org/lines-and-columns 75ms (cache revalidated)
782 http fetch GET 200 https://registry.npmjs.org/pirates 77ms (cache revalidated)
783 http fetch GET 200 https://registry.npmjs.org/@nodelib%2ffs.walk 86ms (cache revalidated)
784 http fetch GET 200 https://registry.npmjs.org/@nodelib%2ffs.stat 88ms (cache revalidated)
785 http fetch GET 200 https://registry.npmjs.org/camelcase-css 87ms (cache revalidated)
786 http fetch GET 200 https://registry.npmjs.org/ts-interface-checker 84ms (cache revalidated)
787 timing idealTree:node_modules/tailwindcss Completed in 248ms
788 timing idealTree:node_modules/@alloc/quick-lru Completed in 0ms
789 timing idealTree:node_modules/arg Completed in 0ms
790 silly placeDep ROOT anymatch@3.1.3 OK for: chokidar@3.6.0 want: ~3.1.2
791 silly placeDep ROOT braces@3.0.3 OK for: chokidar@3.6.0 want: ~3.0.2
792 silly placeDep ROOT fsevents@2.3.3 OK for: chokidar@3.6.0 want: ~2.3.2
793 silly placeDep node_modules/chokidar glob-parent@5.1.2 OK for: chokidar@3.6.0 want: ~5.1.2
794 silly placeDep ROOT is-binary-path@2.1.0 OK for: chokidar@3.6.0 want: ~2.1.0
795 silly placeDep ROOT readdirp@3.6.0 OK for: chokidar@3.6.0 want: ~3.6.0
796 silly fetch manifest picomatch@^2.0.4
797 silly fetch manifest fill-range@^7.1.1
798 silly fetch manifest binary-extensions@^2.0.0
799 silly fetch manifest picomatch@^2.2.1
800 http fetch GET 200 https://registry.npmjs.org/fill-range 29ms (cache revalidated)
801 http fetch GET 200 https://registry.npmjs.org/binary-extensions 32ms (cache revalidated)
802 timing idealTree:node_modules/chokidar Completed in 43ms
803 silly placeDep ROOT picomatch@2.3.2 OK for: anymatch@3.1.3 want: ^2.0.4
804 timing idealTree:node_modules/anymatch Completed in 1ms
805 silly placeDep ROOT fill-range@7.1.1 OK for: braces@3.0.3 want: ^7.1.1
806 silly fetch manifest to-regex-range@^5.0.1
807 http fetch GET 200 https://registry.npmjs.org/to-regex-range 25ms (cache revalidated)
808 timing idealTree:node_modules/braces Completed in 27ms
809 timing idealTree:node_modules/didyoumean Completed in 0ms
810 timing idealTree:node_modules/dlv Completed in 0ms
811 silly placeDep ROOT @nodelib/fs.stat@2.0.5 OK for: fast-glob@3.3.3 want: ^2.0.2
812 silly placeDep ROOT @nodelib/fs.walk@1.2.8 OK for: fast-glob@3.3.3 want: ^1.2.3
813 silly placeDep node_modules/fast-glob glob-parent@5.1.2 OK for: fast-glob@3.3.3 want: ^5.1.2
814 silly placeDep ROOT merge2@1.4.1 OK for: fast-glob@3.3.3 want: ^1.3.0
815 silly fetch manifest fastq@^1.6.0
816 silly fetch manifest @nodelib/fs.scandir@2.1.5
817 http fetch GET 200 https://registry.npmjs.org/fastq 24ms (cache revalidated)
818 http fetch GET 200 https://registry.npmjs.org/@nodelib%2ffs.scandir 40ms (cache revalidated)
819 timing idealTree:node_modules/fast-glob Completed in 47ms
820 timing idealTree:node_modules/@nodelib/fs.stat Completed in 0ms
821 silly placeDep ROOT @nodelib/fs.scandir@2.1.5 OK for: @nodelib/fs.walk@1.2.8 want: 2.1.5
822 silly placeDep ROOT fastq@1.20.1 OK for: @nodelib/fs.walk@1.2.8 want: ^1.6.0
823 silly fetch manifest run-parallel@^1.1.9
824 silly fetch manifest reusify@^1.0.4
825 http fetch GET 200 https://registry.npmjs.org/run-parallel 25ms (cache revalidated)
826 http fetch GET 200 https://registry.npmjs.org/reusify 31ms (cache revalidated)
827 timing idealTree:node_modules/@nodelib/fs.walk Completed in 36ms
828 silly placeDep ROOT run-parallel@1.2.0 OK for: @nodelib/fs.scandir@2.1.5 want: ^1.1.9
829 silly fetch manifest queue-microtask@^1.2.2
830 http fetch GET 200 https://registry.npmjs.org/queue-microtask 22ms (cache revalidated)
831 timing idealTree:node_modules/@nodelib/fs.scandir Completed in 25ms
832 silly placeDep ROOT reusify@1.1.0 OK for: fastq@1.20.1 want: ^1.0.4
833 timing idealTree:node_modules/fastq Completed in 2ms
834 silly placeDep ROOT to-regex-range@5.0.1 OK for: fill-range@7.1.1 want: ^5.0.1
835 silly fetch manifest is-number@^7.0.0
836 http fetch GET 200 https://registry.npmjs.org/is-number 25ms (cache revalidated)
837 timing idealTree:node_modules/fill-range Completed in 28ms
838 timing idealTree:node_modules/fsevents Completed in 0ms
839 timing idealTree:node_modules/glob-parent Completed in 0ms
840 silly placeDep ROOT binary-extensions@2.3.0 OK for: is-binary-path@2.1.0 want: ^2.0.0
841 timing idealTree:node_modules/is-binary-path Completed in 1ms
842 timing idealTree:node_modules/binary-extensions Completed in 0ms
843 silly placeDep ROOT is-extglob@2.1.1 OK for: is-glob@4.0.3 want: ^2.1.1
844 timing idealTree:node_modules/is-glob Completed in 1ms
845 timing idealTree:node_modules/is-extglob Completed in 0ms
846 timing idealTree:node_modules/jiti Completed in 0ms
847 timing idealTree:node_modules/lilconfig Completed in 0ms
848 timing idealTree:node_modules/merge2 Completed in 0ms
849 timing idealTree:node_modules/micromatch Completed in 0ms
850 timing idealTree:node_modules/normalize-path Completed in 0ms
851 timing idealTree:node_modules/object-hash Completed in 0ms
852 timing idealTree:node_modules/picomatch Completed in 0ms
853 silly placeDep ROOT read-cache@1.0.0 OK for: postcss-import@15.1.0 want: ^1.0.0
854 silly fetch manifest pify@^2.3.0
855 http fetch GET 200 https://registry.npmjs.org/pify 22ms (cache revalidated)
856 timing idealTree:node_modules/postcss-import Completed in 24ms
857 silly placeDep ROOT camelcase-css@2.0.1 OK for: postcss-js@4.1.0 want: ^2.0.1
858 timing idealTree:node_modules/postcss-js Completed in 1ms
859 timing idealTree:node_modules/camelcase-css Completed in 0ms
860 timing idealTree:node_modules/postcss-load-config Completed in 1ms
861 silly placeDep node_modules/postcss-nested postcss-selector-parser@6.1.2 OK for: postcss-nested@6.2.0 want: ^6.1.1
862 timing idealTree:node_modules/postcss-nested Completed in 1ms
863 silly placeDep ROOT pify@2.3.0 OK for: read-cache@1.0.0 want: ^2.3.0
864 timing idealTree:node_modules/read-cache Completed in 2ms
865 timing idealTree:node_modules/pify Completed in 0ms
866 timing idealTree:node_modules/readdirp Completed in 0ms
867 silly placeDep ROOT is-core-module@2.16.2 OK for: resolve@1.22.12 want: ^2.16.1
868 silly placeDep ROOT path-parse@1.0.7 OK for: resolve@1.22.12 want: ^1.0.7
869 silly placeDep ROOT supports-preserve-symlinks-flag@1.0.0 OK for: resolve@1.22.12 want: ^1.0.0
870 timing idealTree:node_modules/resolve Completed in 3ms
871 timing idealTree:node_modules/is-core-module Completed in 0ms
872 timing idealTree:node_modules/path-parse Completed in 0ms
873 timing idealTree:node_modules/reusify Completed in 0ms
874 silly placeDep ROOT queue-microtask@1.2.3 OK for: run-parallel@1.2.0 want: ^1.2.2
875 timing idealTree:node_modules/run-parallel Completed in 2ms
876 timing idealTree:node_modules/queue-microtask Completed in 0ms
877 silly placeDep ROOT commander@4.1.1 OK for: sucrase@3.35.1 want: ^4.0.0
878 silly placeDep ROOT lines-and-columns@1.2.4 OK for: sucrase@3.35.1 want: ^1.1.6
879 silly placeDep ROOT mz@2.7.0 OK for: sucrase@3.35.1 want: ^2.7.0
880 silly placeDep ROOT pirates@4.0.7 OK for: sucrase@3.35.1 want: ^4.0.1
881 silly placeDep ROOT tinyglobby@0.2.16 OK for: sucrase@3.35.1 want: ^0.2.11
882 silly placeDep ROOT ts-interface-checker@0.1.13 OK for: sucrase@3.35.1 want: ^0.1.9
883 silly fetch manifest any-promise@^1.0.0
884 silly fetch manifest thenify-all@^1.0.0
885 silly fetch manifest fdir@^6.5.0
886 silly fetch manifest picomatch@^4.0.4
887 http fetch GET 200 https://registry.npmjs.org/any-promise 28ms (cache revalidated)
888 http fetch GET 200 https://registry.npmjs.org/fdir 28ms (cache revalidated)
889 http fetch GET 200 https://registry.npmjs.org/thenify-all 37ms (cache revalidated)
890 timing idealTree:node_modules/sucrase Completed in 45ms
891 timing idealTree:node_modules/commander Completed in 0ms
892 timing idealTree:node_modules/lines-and-columns Completed in 0ms
893 silly placeDep ROOT any-promise@1.3.0 OK for: mz@2.7.0 want: ^1.0.0
894 silly placeDep ROOT thenify-all@1.6.0 OK for: mz@2.7.0 want: ^1.0.0
895 silly fetch manifest thenify@>= 3.1.0 < 4
896 http fetch GET 200 https://registry.npmjs.org/thenify 26ms (cache revalidated)
897 timing idealTree:node_modules/mz Completed in 30ms
898 timing idealTree:node_modules/any-promise Completed in 0ms
899 timing idealTree:node_modules/pirates Completed in 0ms
900 timing idealTree:node_modules/supports-preserve-symlinks-flag Completed in 0ms
901 silly placeDep ROOT thenify@3.3.1 OK for: thenify-all@1.6.0 want: >= 3.1.0 < 4
902 timing idealTree:node_modules/thenify-all Completed in 2ms
903 timing idealTree:node_modules/thenify Completed in 0ms
904 silly placeDep node_modules/tinyglobby fdir@6.5.0 OK for: tinyglobby@0.2.16 want: ^6.5.0
905 silly placeDep node_modules/tinyglobby picomatch@4.0.4 OK for: fdir@6.5.0 want: ^3 || ^4
906 timing idealTree:node_modules/tinyglobby Completed in 5ms
907 silly placeDep ROOT is-number@7.0.0 OK for: to-regex-range@5.0.1 want: ^7.0.0
908 timing idealTree:node_modules/to-regex-range Completed in 1ms
909 timing idealTree:node_modules/is-number Completed in 0ms
910 timing idealTree:node_modules/ts-interface-checker Completed in 0ms
911 timing idealTree:node_modules/tslib Completed in 0ms
912 timing idealTree:node_modules/typescript Completed in 0ms
913 timing idealTree:node_modules/unload Completed in 0ms
914 silly placeDep ROOT escalade@3.2.0 OK for: update-browserslist-db@1.2.3 want: ^3.2.0
915 timing idealTree:node_modules/update-browserslist-db Completed in 1ms
916 timing idealTree:node_modules/escalade Completed in 0ms
917 timing idealTree:node_modules/util-deprecate Completed in 0ms
918 silly placeDep ROOT esbuild@0.21.5 OK for: vite@5.4.21 want: ^0.21.3
919 silly placeDep ROOT rollup@4.60.4 OK for: vite@5.4.21 want: ^4.20.0
920 silly fetch manifest @esbuild/aix-ppc64@0.21.5
921 silly fetch manifest @esbuild/linux-arm@0.21.5
922 silly fetch manifest @esbuild/linux-x64@0.21.5
923 silly fetch manifest @esbuild/sunos-x64@0.21.5
924 silly fetch manifest @esbuild/win32-x64@0.21.5
925 silly fetch manifest @esbuild/darwin-x64@0.21.5
926 silly fetch manifest @esbuild/linux-ia32@0.21.5
927 silly fetch manifest @esbuild/netbsd-x64@0.21.5
928 silly fetch manifest @esbuild/win32-ia32@0.21.5
929 silly fetch manifest @esbuild/android-arm@0.21.5
930 silly fetch manifest @esbuild/android-x64@0.21.5
931 silly fetch manifest @esbuild/freebsd-x64@0.21.5
932 silly fetch manifest @esbuild/linux-arm64@0.21.5
933 silly fetch manifest @esbuild/linux-ppc64@0.21.5
934 silly fetch manifest @esbuild/linux-s390x@0.21.5
935 silly fetch manifest @esbuild/openbsd-x64@0.21.5
936 silly fetch manifest @esbuild/win32-arm64@0.21.5
937 silly fetch manifest @esbuild/darwin-arm64@0.21.5
938 silly fetch manifest @esbuild/android-arm64@0.21.5
939 silly fetch manifest @esbuild/freebsd-arm64@0.21.5
940 silly fetch manifest @esbuild/linux-loong64@0.21.5
941 silly fetch manifest @esbuild/linux-riscv64@0.21.5
942 silly fetch manifest @esbuild/linux-mips64el@0.21.5
943 silly fetch manifest @types/estree@1.0.8
944 silly fetch manifest @rollup/rollup-darwin-arm64@4.60.4
945 silly fetch manifest @rollup/rollup-android-arm64@4.60.4
946 silly fetch manifest @rollup/rollup-win32-arm64-msvc@4.60.4
947 silly fetch manifest @rollup/rollup-freebsd-arm64@4.60.4
948 silly fetch manifest @rollup/rollup-linux-arm64-gnu@4.60.4
949 silly fetch manifest @rollup/rollup-linux-arm64-musl@4.60.4
950 silly fetch manifest @rollup/rollup-android-arm-eabi@4.60.4
951 silly fetch manifest @rollup/rollup-linux-arm-gnueabihf@4.60.4
952 silly fetch manifest @rollup/rollup-linux-arm-musleabihf@4.60.4
953 silly fetch manifest @rollup/rollup-win32-ia32-msvc@4.60.4
954 silly fetch manifest @rollup/rollup-linux-loong64-gnu@4.60.4
955 silly fetch manifest @rollup/rollup-linux-loong64-musl@4.60.4
956 silly fetch manifest @rollup/rollup-linux-riscv64-gnu@4.60.4
957 silly fetch manifest @rollup/rollup-linux-riscv64-musl@4.60.4
958 silly fetch manifest @rollup/rollup-linux-ppc64-gnu@4.60.4
959 silly fetch manifest @rollup/rollup-linux-ppc64-musl@4.60.4
960 silly fetch manifest @rollup/rollup-linux-s390x-gnu@4.60.4
961 silly fetch manifest @rollup/rollup-darwin-x64@4.60.4
962 silly fetch manifest @rollup/rollup-win32-x64-gnu@4.60.4
963 silly fetch manifest @rollup/rollup-win32-x64-msvc@4.60.4
964 silly fetch manifest @rollup/rollup-freebsd-x64@4.60.4
965 silly fetch manifest @rollup/rollup-linux-x64-gnu@4.60.4
966 silly fetch manifest @rollup/rollup-linux-x64-musl@4.60.4
967 silly fetch manifest @rollup/rollup-openbsd-x64@4.60.4
968 silly fetch manifest @rollup/rollup-openharmony-arm64@4.60.4
969 http fetch GET 200 https://registry.npmjs.org/@esbuild%2fwin32-x64 322ms (cache revalidated)
970 http fetch GET 200 https://registry.npmjs.org/@esbuild%2fdarwin-x64 324ms (cache revalidated)
971 http fetch GET 200 https://registry.npmjs.org/@esbuild%2fsunos-x64 326ms (cache revalidated)
972 http fetch GET 200 https://registry.npmjs.org/@esbuild%2flinux-arm 328ms (cache revalidated)
973 http fetch GET 200 https://registry.npmjs.org/@esbuild%2flinux-x64 329ms (cache revalidated)
974 http fetch GET 200 https://registry.npmjs.org/@esbuild%2fnetbsd-x64 329ms (cache revalidated)
975 http fetch GET 200 https://registry.npmjs.org/@esbuild%2fwin32-ia32 330ms (cache revalidated)
976 http fetch GET 200 https://registry.npmjs.org/@esbuild%2fandroid-arm 331ms (cache revalidated)
977 http fetch GET 200 https://registry.npmjs.org/@esbuild%2ffreebsd-x64 336ms (cache revalidated)
978 http fetch GET 200 https://registry.npmjs.org/@esbuild%2flinux-ia32 338ms (cache revalidated)
979 http fetch GET 200 https://registry.npmjs.org/@esbuild%2fwin32-arm64 339ms (cache revalidated)
980 http fetch GET 200 https://registry.npmjs.org/@esbuild%2fandroid-x64 341ms (cache revalidated)
981 http fetch GET 200 https://registry.npmjs.org/@esbuild%2faix-ppc64 344ms (cache revalidated)
982 http fetch GET 200 https://registry.npmjs.org/@esbuild%2fopenbsd-x64 342ms (cache revalidated)
983 http fetch GET 200 https://registry.npmjs.org/@esbuild%2flinux-s390x 344ms (cache revalidated)
984 http fetch GET 200 https://registry.npmjs.org/@esbuild%2fdarwin-arm64 367ms (cache revalidated)
985 http fetch GET 200 https://registry.npmjs.org/@esbuild%2flinux-loong64 369ms (cache revalidated)
986 http fetch GET 200 https://registry.npmjs.org/@esbuild%2flinux-riscv64 379ms (cache revalidated)
987 http fetch GET 200 https://registry.npmjs.org/@esbuild%2fandroid-arm64 381ms (cache revalidated)
988 http fetch GET 200 https://registry.npmjs.org/@types%2festree 382ms (cache revalidated)
989 http fetch GET 200 https://registry.npmjs.org/@rollup%2frollup-darwin-arm64 382ms (cache revalidated)
990 http fetch GET 200 https://registry.npmjs.org/@esbuild%2ffreebsd-arm64 385ms (cache revalidated)
991 http fetch GET 200 https://registry.npmjs.org/@rollup%2frollup-linux-arm64-musl 384ms (cache revalidated)
992 http fetch GET 200 https://registry.npmjs.org/@esbuild%2flinux-ppc64 389ms (cache revalidated)
993 http fetch GET 200 https://registry.npmjs.org/@rollup%2frollup-android-arm64 392ms (cache revalidated)
994 http fetch GET 200 https://registry.npmjs.org/@rollup%2frollup-android-arm-eabi 393ms (cache revalidated)
995 http fetch GET 200 https://registry.npmjs.org/@esbuild%2flinux-mips64el 397ms (cache revalidated)
996 http fetch GET 200 https://registry.npmjs.org/@rollup%2frollup-linux-arm-gnueabihf 396ms (cache revalidated)
997 http fetch GET 200 https://registry.npmjs.org/@rollup%2frollup-freebsd-arm64 399ms (cache revalidated)
998 http fetch GET 200 https://registry.npmjs.org/@rollup%2frollup-linux-loong64-gnu 422ms (cache revalidated)
999 http fetch GET 200 https://registry.npmjs.org/@rollup%2frollup-linux-riscv64-gnu 424ms (cache revalidated)
1000 http fetch GET 200 https://registry.npmjs.org/@rollup%2frollup-win32-ia32-msvc 426ms (cache revalidated)
1001 http fetch GET 200 https://registry.npmjs.org/@rollup%2frollup-linux-loong64-musl 427ms (cache revalidated)
1002 http fetch GET 200 https://registry.npmjs.org/@rollup%2frollup-linux-riscv64-musl 428ms (cache revalidated)
1003 http fetch GET 200 https://registry.npmjs.org/@esbuild%2flinux-arm64 434ms (cache revalidated)
1004 http fetch GET 200 https://registry.npmjs.org/@rollup%2frollup-win32-x64-msvc 430ms (cache revalidated)
1005 http fetch GET 200 https://registry.npmjs.org/@rollup%2frollup-linux-arm-musleabihf 433ms (cache revalidated)
1006 http fetch GET 200 https://registry.npmjs.org/@rollup%2frollup-win32-x64-gnu 432ms (cache revalidated)
1007 http fetch GET 200 https://registry.npmjs.org/@rollup%2frollup-linux-x64-gnu 432ms (cache revalidated)
1008 http fetch GET 200 https://registry.npmjs.org/@rollup%2frollup-linux-ppc64-gnu 435ms (cache revalidated)
1009 http fetch GET 200 https://registry.npmjs.org/@rollup%2frollup-darwin-x64 435ms (cache revalidated)
1010 http fetch GET 200 https://registry.npmjs.org/@rollup%2frollup-linux-arm64-gnu 441ms (cache revalidated)
1011 http fetch GET 200 https://registry.npmjs.org/@rollup%2frollup-win32-arm64-msvc 443ms (cache revalidated)
1012 http fetch GET 200 https://registry.npmjs.org/@rollup%2frollup-freebsd-x64 451ms (cache revalidated)
1013 http fetch GET 200 https://registry.npmjs.org/@rollup%2frollup-linux-s390x-gnu 454ms (cache revalidated)
1014 http fetch GET 200 https://registry.npmjs.org/@rollup%2frollup-linux-x64-musl 454ms (cache revalidated)
1015 http fetch GET 200 https://registry.npmjs.org/@rollup%2frollup-linux-ppc64-musl 457ms (cache revalidated)
1016 http fetch GET 200 https://registry.npmjs.org/@rollup%2frollup-openbsd-x64 456ms (cache revalidated)
1017 http fetch GET 200 https://registry.npmjs.org/@rollup%2frollup-openharmony-arm64 459ms (cache revalidated)
1018 timing idealTree:node_modules/vite Completed in 473ms
1019 silly placeDep ROOT @esbuild/aix-ppc64@0.21.5 OK for: esbuild@0.21.5 want: 0.21.5
1020 silly placeDep ROOT @esbuild/android-arm@0.21.5 OK for: esbuild@0.21.5 want: 0.21.5
1021 silly placeDep ROOT @esbuild/android-arm64@0.21.5 OK for: esbuild@0.21.5 want: 0.21.5
1022 silly placeDep ROOT @esbuild/android-x64@0.21.5 OK for: esbuild@0.21.5 want: 0.21.5
1023 silly placeDep ROOT @esbuild/darwin-arm64@0.21.5 OK for: esbuild@0.21.5 want: 0.21.5
1024 silly placeDep ROOT @esbuild/darwin-x64@0.21.5 OK for: esbuild@0.21.5 want: 0.21.5
1025 silly placeDep ROOT @esbuild/freebsd-arm64@0.21.5 OK for: esbuild@0.21.5 want: 0.21.5
1026 silly placeDep ROOT @esbuild/freebsd-x64@0.21.5 OK for: esbuild@0.21.5 want: 0.21.5
1027 silly placeDep ROOT @esbuild/linux-arm@0.21.5 OK for: esbuild@0.21.5 want: 0.21.5
1028 silly placeDep ROOT @esbuild/linux-arm64@0.21.5 OK for: esbuild@0.21.5 want: 0.21.5
1029 silly placeDep ROOT @esbuild/linux-ia32@0.21.5 OK for: esbuild@0.21.5 want: 0.21.5
1030 silly placeDep ROOT @esbuild/linux-loong64@0.21.5 OK for: esbuild@0.21.5 want: 0.21.5
1031 silly placeDep ROOT @esbuild/linux-mips64el@0.21.5 OK for: esbuild@0.21.5 want: 0.21.5
1032 silly placeDep ROOT @esbuild/linux-ppc64@0.21.5 OK for: esbuild@0.21.5 want: 0.21.5
1033 silly placeDep ROOT @esbuild/linux-riscv64@0.21.5 OK for: esbuild@0.21.5 want: 0.21.5
1034 silly placeDep ROOT @esbuild/linux-s390x@0.21.5 OK for: esbuild@0.21.5 want: 0.21.5
1035 silly placeDep ROOT @esbuild/linux-x64@0.21.5 OK for: esbuild@0.21.5 want: 0.21.5
1036 silly placeDep ROOT @esbuild/netbsd-x64@0.21.5 OK for: esbuild@0.21.5 want: 0.21.5
1037 silly placeDep ROOT @esbuild/openbsd-x64@0.21.5 OK for: esbuild@0.21.5 want: 0.21.5
1038 silly placeDep ROOT @esbuild/sunos-x64@0.21.5 OK for: esbuild@0.21.5 want: 0.21.5
1039 silly placeDep ROOT @esbuild/win32-arm64@0.21.5 OK for: esbuild@0.21.5 want: 0.21.5
1040 silly placeDep ROOT @esbuild/win32-ia32@0.21.5 OK for: esbuild@0.21.5 want: 0.21.5
1041 silly placeDep ROOT @esbuild/win32-x64@0.21.5 OK for: esbuild@0.21.5 want: 0.21.5
1042 timing idealTree:node_modules/esbuild Completed in 48ms
1043 timing idealTree:node_modules/@esbuild/aix-ppc64 Completed in 0ms
1044 timing idealTree:node_modules/@esbuild/android-arm Completed in 0ms
1045 timing idealTree:node_modules/@esbuild/android-arm64 Completed in 0ms
1046 timing idealTree:node_modules/@esbuild/android-x64 Completed in 0ms
1047 timing idealTree:node_modules/@esbuild/darwin-arm64 Completed in 0ms
1048 timing idealTree:node_modules/@esbuild/darwin-x64 Completed in 0ms
1049 timing idealTree:node_modules/@esbuild/freebsd-arm64 Completed in 0ms
1050 timing idealTree:node_modules/@esbuild/freebsd-x64 Completed in 1ms
1051 timing idealTree:node_modules/@esbuild/linux-arm Completed in 0ms
1052 timing idealTree:node_modules/@esbuild/linux-arm64 Completed in 0ms
1053 timing idealTree:node_modules/@esbuild/linux-ia32 Completed in 0ms
1054 timing idealTree:node_modules/@esbuild/linux-loong64 Completed in 0ms
1055 timing idealTree:node_modules/@esbuild/linux-mips64el Completed in 0ms
1056 timing idealTree:node_modules/@esbuild/linux-ppc64 Completed in 0ms
1057 timing idealTree:node_modules/@esbuild/linux-riscv64 Completed in 0ms
1058 timing idealTree:node_modules/@esbuild/linux-s390x Completed in 0ms
1059 timing idealTree:node_modules/@esbuild/linux-x64 Completed in 0ms
1060 timing idealTree:node_modules/@esbuild/netbsd-x64 Completed in 0ms
1061 timing idealTree:node_modules/@esbuild/openbsd-x64 Completed in 0ms
1062 timing idealTree:node_modules/@esbuild/sunos-x64 Completed in 0ms
1063 timing idealTree:node_modules/@esbuild/win32-arm64 Completed in 0ms
1064 timing idealTree:node_modules/@esbuild/win32-ia32 Completed in 0ms
1065 timing idealTree:node_modules/@esbuild/win32-x64 Completed in 0ms
1066 silly placeDep ROOT @rollup/rollup-android-arm-eabi@4.60.4 OK for: rollup@4.60.4 want: 4.60.4
1067 silly placeDep ROOT @rollup/rollup-android-arm64@4.60.4 OK for: rollup@4.60.4 want: 4.60.4
1068 silly placeDep ROOT @rollup/rollup-darwin-arm64@4.60.4 OK for: rollup@4.60.4 want: 4.60.4
1069 silly placeDep ROOT @rollup/rollup-darwin-x64@4.60.4 OK for: rollup@4.60.4 want: 4.60.4
1070 silly placeDep ROOT @rollup/rollup-freebsd-arm64@4.60.4 OK for: rollup@4.60.4 want: 4.60.4
1071 silly placeDep ROOT @rollup/rollup-freebsd-x64@4.60.4 OK for: rollup@4.60.4 want: 4.60.4
1072 silly placeDep ROOT @rollup/rollup-linux-arm-gnueabihf@4.60.4 OK for: rollup@4.60.4 want: 4.60.4
1073 silly placeDep ROOT @rollup/rollup-linux-arm-musleabihf@4.60.4 OK for: rollup@4.60.4 want: 4.60.4
1074 silly placeDep ROOT @rollup/rollup-linux-arm64-gnu@4.60.4 OK for: rollup@4.60.4 want: 4.60.4
1075 silly placeDep ROOT @rollup/rollup-linux-arm64-musl@4.60.4 OK for: rollup@4.60.4 want: 4.60.4
1076 silly placeDep ROOT @rollup/rollup-linux-loong64-gnu@4.60.4 OK for: rollup@4.60.4 want: 4.60.4
1077 silly placeDep ROOT @rollup/rollup-linux-loong64-musl@4.60.4 OK for: rollup@4.60.4 want: 4.60.4
1078 silly placeDep ROOT @rollup/rollup-linux-ppc64-gnu@4.60.4 OK for: rollup@4.60.4 want: 4.60.4
1079 silly placeDep ROOT @rollup/rollup-linux-ppc64-musl@4.60.4 OK for: rollup@4.60.4 want: 4.60.4
1080 silly placeDep ROOT @rollup/rollup-linux-riscv64-gnu@4.60.4 OK for: rollup@4.60.4 want: 4.60.4
1081 silly placeDep ROOT @rollup/rollup-linux-riscv64-musl@4.60.4 OK for: rollup@4.60.4 want: 4.60.4
1082 silly placeDep ROOT @rollup/rollup-linux-s390x-gnu@4.60.4 OK for: rollup@4.60.4 want: 4.60.4
1083 silly placeDep ROOT @rollup/rollup-linux-x64-gnu@4.60.4 OK for: rollup@4.60.4 want: 4.60.4
1084 silly placeDep ROOT @rollup/rollup-linux-x64-musl@4.60.4 OK for: rollup@4.60.4 want: 4.60.4
1085 silly placeDep ROOT @rollup/rollup-openbsd-x64@4.60.4 OK for: rollup@4.60.4 want: 4.60.4
1086 silly placeDep ROOT @rollup/rollup-openharmony-arm64@4.60.4 OK for: rollup@4.60.4 want: 4.60.4
1087 silly placeDep ROOT @rollup/rollup-win32-arm64-msvc@4.60.4 OK for: rollup@4.60.4 want: 4.60.4
1088 silly placeDep ROOT @rollup/rollup-win32-ia32-msvc@4.60.4 OK for: rollup@4.60.4 want: 4.60.4
1089 silly placeDep ROOT @rollup/rollup-win32-x64-gnu@4.60.4 OK for: rollup@4.60.4 want: 4.60.4
1090 silly placeDep ROOT @rollup/rollup-win32-x64-msvc@4.60.4 OK for: rollup@4.60.4 want: 4.60.4
1091 silly placeDep ROOT @types/estree@1.0.8 OK for: rollup@4.60.4 want: 1.0.8
1092 timing idealTree:node_modules/rollup Completed in 37ms
1093 timing idealTree:node_modules/@rollup/rollup-android-arm-eabi Completed in 0ms
1094 timing idealTree:node_modules/@rollup/rollup-android-arm64 Completed in 0ms
1095 timing idealTree:node_modules/@rollup/rollup-darwin-arm64 Completed in 0ms
1096 timing idealTree:node_modules/@rollup/rollup-darwin-x64 Completed in 0ms
1097 timing idealTree:node_modules/@rollup/rollup-freebsd-arm64 Completed in 0ms
1098 timing idealTree:node_modules/@rollup/rollup-freebsd-x64 Completed in 0ms
1099 timing idealTree:node_modules/@rollup/rollup-linux-arm-gnueabihf Completed in 0ms
1100 timing idealTree:node_modules/@rollup/rollup-linux-arm-musleabihf Completed in 0ms
1101 timing idealTree:node_modules/@rollup/rollup-linux-arm64-gnu Completed in 0ms
1102 timing idealTree:node_modules/@rollup/rollup-linux-arm64-musl Completed in 0ms
1103 timing idealTree:node_modules/@rollup/rollup-linux-loong64-gnu Completed in 0ms
1104 timing idealTree:node_modules/@rollup/rollup-linux-loong64-musl Completed in 0ms
1105 timing idealTree:node_modules/@rollup/rollup-linux-ppc64-gnu Completed in 0ms
1106 timing idealTree:node_modules/@rollup/rollup-linux-ppc64-musl Completed in 0ms
1107 timing idealTree:node_modules/@rollup/rollup-linux-riscv64-gnu Completed in 0ms
1108 timing idealTree:node_modules/@rollup/rollup-linux-riscv64-musl Completed in 0ms
1109 timing idealTree:node_modules/@rollup/rollup-linux-s390x-gnu Completed in 0ms
1110 timing idealTree:node_modules/@rollup/rollup-linux-x64-gnu Completed in 0ms
1111 timing idealTree:node_modules/@rollup/rollup-linux-x64-musl Completed in 0ms
1112 timing idealTree:node_modules/@rollup/rollup-openbsd-x64 Completed in 0ms
1113 timing idealTree:node_modules/@rollup/rollup-openharmony-arm64 Completed in 0ms
1114 timing idealTree:node_modules/@rollup/rollup-win32-arm64-msvc Completed in 0ms
1115 timing idealTree:node_modules/@rollup/rollup-win32-ia32-msvc Completed in 0ms
1116 timing idealTree:node_modules/@rollup/rollup-win32-x64-gnu Completed in 0ms
1117 timing idealTree:node_modules/@rollup/rollup-win32-x64-msvc Completed in 0ms
1118 timing idealTree:node_modules/@types/estree Completed in 0ms
1119 silly placeDep ROOT pretty-bytes@6.1.1 OK for: vite-plugin-pwa@0.17.5 want: ^6.1.1
1120 silly placeDep ROOT workbox-build@7.4.1 OK for: vite-plugin-pwa@0.17.5 want: ^7.0.0
1121 silly placeDep ROOT workbox-window@7.4.1 OK for: vite-plugin-pwa@0.17.5 want: ^7.0.0
1122 silly fetch manifest @apideck/better-ajv-errors@^0.3.1
1123 silly fetch manifest @babel/preset-env@^7.11.0
1124 silly fetch manifest @rollup/plugin-babel@^6.1.0
1125 silly fetch manifest @rollup/plugin-node-resolve@^16.0.3
1126 silly fetch manifest @rollup/plugin-replace@^6.0.3
1127 silly fetch manifest @rollup/plugin-terser@^1.0.0
1128 silly fetch manifest @trickfilm400/rollup-plugin-off-main-thread@^3.0.0-pre1
1129 silly fetch manifest ajv@^8.6.0
1130 silly fetch manifest common-tags@^1.8.0
1131 silly fetch manifest eta@^4.5.1
1132 silly fetch manifest fast-json-stable-stringify@^2.1.0
1133 silly fetch manifest fs-extra@^9.0.1
1134 silly fetch manifest glob@^11.0.1
1135 silly fetch manifest pretty-bytes@^5.3.0
1136 silly fetch manifest source-map@^0.8.0-beta.0
1137 silly fetch manifest stringify-object@^3.3.0
1138 silly fetch manifest strip-comments@^2.0.1
1139 silly fetch manifest tempy@^0.6.0
1140 silly fetch manifest upath@^1.2.0
1141 silly fetch manifest workbox-background-sync@7.4.1
1142 silly fetch manifest workbox-broadcast-update@7.4.1
1143 silly fetch manifest workbox-cacheable-response@7.4.1
1144 silly fetch manifest workbox-core@7.4.1
1145 silly fetch manifest workbox-expiration@7.4.1
1146 silly fetch manifest workbox-google-analytics@7.4.1
1147 silly fetch manifest workbox-navigation-preload@7.4.1
1148 silly fetch manifest workbox-precaching@7.4.1
1149 silly fetch manifest workbox-range-requests@7.4.1
1150 silly fetch manifest workbox-recipes@7.4.1
1151 silly fetch manifest workbox-routing@7.4.1
1152 silly fetch manifest workbox-strategies@7.4.1
1153 silly fetch manifest workbox-streams@7.4.1
1154 silly fetch manifest workbox-sw@7.4.1
1155 silly fetch manifest @types/trusted-types@^2.0.2
1156 http fetch GET 200 https://registry.npmjs.org/ajv 68ms (cache revalidated)
1157 http fetch GET 200 https://registry.npmjs.org/common-tags 90ms (cache revalidated)
1158 http fetch GET 200 https://registry.npmjs.org/upath 91ms (cache revalidated)
1159 http fetch GET 200 https://registry.npmjs.org/eta 94ms (cache revalidated)
1160 http fetch GET 200 https://registry.npmjs.org/fast-json-stable-stringify 97ms (cache revalidated)
1161 http fetch GET 200 https://registry.npmjs.org/workbox-cacheable-response 100ms (cache revalidated)
1162 http fetch GET 200 https://registry.npmjs.org/@apideck%2fbetter-ajv-errors 108ms (cache revalidated)
1163 http fetch GET 200 https://registry.npmjs.org/stringify-object 105ms (cache revalidated)
1164 http fetch GET 200 https://registry.npmjs.org/@rollup%2fplugin-replace 107ms (cache revalidated)
1165 http fetch GET 200 https://registry.npmjs.org/@rollup%2fplugin-babel 109ms (cache revalidated)
1166 http fetch GET 200 https://registry.npmjs.org/@rollup%2fplugin-node-resolve 110ms (cache revalidated)
1167 http fetch GET 200 https://registry.npmjs.org/workbox-broadcast-update 108ms (cache revalidated)
1168 http fetch GET 200 https://registry.npmjs.org/fs-extra 111ms (cache revalidated)
1169 http fetch GET 200 https://registry.npmjs.org/@babel%2fpreset-env 117ms (cache revalidated)
1170 http fetch GET 200 https://registry.npmjs.org/@rollup%2fplugin-terser 144ms (cache revalidated)
1171 http fetch GET 200 https://registry.npmjs.org/strip-comments 142ms (cache revalidated)
1172 http fetch GET 200 https://registry.npmjs.org/workbox-google-analytics 143ms (cache revalidated)
1173 http fetch GET 200 https://registry.npmjs.org/source-map 149ms (cache revalidated)
1174 http fetch GET 200 https://registry.npmjs.org/workbox-background-sync 151ms (cache revalidated)
1175 http fetch GET 200 https://registry.npmjs.org/workbox-navigation-preload 153ms (cache revalidated)
1176 http fetch GET 200 https://registry.npmjs.org/workbox-expiration 155ms (cache revalidated)
1177 http fetch GET 200 https://registry.npmjs.org/tempy 158ms (cache revalidated)
1178 http fetch GET 200 https://registry.npmjs.org/workbox-precaching 157ms (cache revalidated)
1179 http fetch GET 200 https://registry.npmjs.org/workbox-core 161ms (cache revalidated)
1180 http fetch GET 200 https://registry.npmjs.org/workbox-strategies 161ms (cache revalidated)
1181 http fetch GET 200 https://registry.npmjs.org/workbox-routing 164ms (cache revalidated)
1182 http fetch GET 200 https://registry.npmjs.org/workbox-sw 176ms (cache revalidated)
1183 http fetch GET 200 https://registry.npmjs.org/workbox-range-requests 183ms (cache revalidated)
1184 http fetch GET 200 https://registry.npmjs.org/workbox-streams 189ms (cache revalidated)
1185 http fetch GET 200 https://registry.npmjs.org/workbox-recipes 200ms (cache revalidated)
1186 http fetch GET 200 https://registry.npmjs.org/@types%2ftrusted-types 201ms (cache revalidated)
1187 http fetch GET 200 https://registry.npmjs.org/@trickfilm400%2frollup-plugin-off-main-thread 210ms (cache revalidated)
1188 timing idealTree:node_modules/vite-plugin-pwa Completed in 218ms
1189 timing idealTree:node_modules/pretty-bytes Completed in 1ms
1190 silly fetch manifest @babel/core@^7.24.4
1191 silly fetch manifest @types/babel__core@^7.1.9
1192 silly fetch manifest rollup@^4.53.3
1193 silly placeDep ROOT @apideck/better-ajv-errors@0.3.7 OK for: workbox-build@7.4.1 want: ^0.3.1
1194 silly placeDep ROOT ajv@8.20.0 OK for: @apideck/better-ajv-errors@0.3.7 want: >=8
1195 silly placeDep ROOT @babel/preset-env@7.29.7 OK for: workbox-build@7.4.1 want: ^7.11.0
1196 silly placeDep ROOT @rollup/plugin-babel@6.1.0 OK for: workbox-build@7.4.1 want: ^6.1.0
1197 silly placeDep ROOT @rollup/plugin-node-resolve@16.0.3 OK for: workbox-build@7.4.1 want: ^16.0.3
1198 silly placeDep ROOT @rollup/plugin-replace@6.0.3 OK for: workbox-build@7.4.1 want: ^6.0.3
1199 silly placeDep ROOT @rollup/plugin-terser@1.0.0 OK for: workbox-build@7.4.1 want: ^1.0.0
1200 silly placeDep ROOT @trickfilm400/rollup-plugin-off-main-thread@3.0.0-pre1 OK for: workbox-build@7.4.1 want: ^3.0.0-pre1
1201 silly placeDep ROOT common-tags@1.8.2 OK for: workbox-build@7.4.1 want: ^1.8.0
1202 silly placeDep ROOT eta@4.6.0 OK for: workbox-build@7.4.1 want: ^4.5.1
1203 silly placeDep ROOT fast-json-stable-stringify@2.1.0 OK for: workbox-build@7.4.1 want: ^2.1.0
1204 silly placeDep ROOT fs-extra@9.1.0 OK for: workbox-build@7.4.1 want: ^9.0.1
1205 silly placeDep node_modules/workbox-build glob@11.1.0 OK for: workbox-build@7.4.1 want: ^11.0.1
1206 silly placeDep node_modules/workbox-build pretty-bytes@5.6.0 OK for: workbox-build@7.4.1 want: ^5.3.0
1207 silly placeDep ROOT source-map@0.8.0-beta.0 OK for: workbox-build@7.4.1 want: ^0.8.0-beta.0
1208 silly placeDep ROOT stringify-object@3.3.0 OK for: workbox-build@7.4.1 want: ^3.3.0
1209 silly placeDep ROOT strip-comments@2.0.1 OK for: workbox-build@7.4.1 want: ^2.0.1
1210 silly placeDep ROOT tempy@0.6.0 OK for: workbox-build@7.4.1 want: ^0.6.0
1211 silly placeDep ROOT upath@1.2.0 OK for: workbox-build@7.4.1 want: ^1.2.0
1212 silly placeDep ROOT workbox-background-sync@7.4.1 OK for: workbox-build@7.4.1 want: 7.4.1
1213 silly placeDep ROOT workbox-broadcast-update@7.4.1 OK for: workbox-build@7.4.1 want: 7.4.1
1214 silly placeDep ROOT workbox-cacheable-response@7.4.1 OK for: workbox-build@7.4.1 want: 7.4.1
1215 silly placeDep ROOT workbox-core@7.4.1 OK for: workbox-build@7.4.1 want: 7.4.1
1216 silly placeDep ROOT workbox-expiration@7.4.1 OK for: workbox-build@7.4.1 want: 7.4.1
1217 silly placeDep ROOT workbox-google-analytics@7.4.1 OK for: workbox-build@7.4.1 want: 7.4.1
1218 silly placeDep ROOT workbox-navigation-preload@7.4.1 OK for: workbox-build@7.4.1 want: 7.4.1
1219 silly placeDep ROOT workbox-precaching@7.4.1 OK for: workbox-build@7.4.1 want: 7.4.1
1220 silly placeDep ROOT workbox-range-requests@7.4.1 OK for: workbox-build@7.4.1 want: 7.4.1
1221 silly placeDep ROOT workbox-recipes@7.4.1 OK for: workbox-build@7.4.1 want: 7.4.1
1222 silly placeDep ROOT workbox-routing@7.4.1 OK for: workbox-build@7.4.1 want: 7.4.1
1223 silly placeDep ROOT workbox-strategies@7.4.1 OK for: workbox-build@7.4.1 want: 7.4.1
1224 silly placeDep ROOT workbox-streams@7.4.1 OK for: workbox-build@7.4.1 want: 7.4.1
1225 silly placeDep ROOT workbox-sw@7.4.1 OK for: workbox-build@7.4.1 want: 7.4.1
1226 silly fetch manifest jsonpointer@^5.0.1
1227 silly fetch manifest leven@^3.1.0
1228 silly fetch manifest fast-deep-equal@^3.1.3
1229 silly fetch manifest fast-uri@^3.0.1
1230 silly fetch manifest json-schema-traverse@^1.0.0
1231 silly fetch manifest require-from-string@^2.0.2
1232 silly fetch manifest @babel/plugin-bugfix-firefox-class-in-computed-class-key@^7.29.7
1233 silly fetch manifest @babel/plugin-bugfix-safari-class-field-initializer-scope@^7.29.7
1234 silly fetch manifest @babel/plugin-bugfix-safari-id-destructuring-collision-in-function-expression@^7.29.7
1235 silly fetch manifest @babel/plugin-bugfix-safari-rest-destructuring-rhs-array@^7.29.7
1236 silly fetch manifest @babel/plugin-bugfix-v8-spread-parameters-in-optional-chaining@^7.29.7
1237 silly fetch manifest @babel/plugin-bugfix-v8-static-class-fields-redefine-readonly@^7.29.7
1238 silly fetch manifest @babel/plugin-proposal-private-property-in-object@7.21.0-placeholder-for-preset-env.2
1239 silly fetch manifest @babel/plugin-syntax-import-assertions@^7.29.7
1240 silly fetch manifest @babel/plugin-syntax-import-attributes@^7.29.7
1241 silly fetch manifest @babel/plugin-syntax-unicode-sets-regex@^7.18.6
1242 silly fetch manifest @babel/plugin-transform-arrow-functions@^7.29.7
1243 silly fetch manifest @babel/plugin-transform-async-generator-functions@^7.29.7
1244 silly fetch manifest @babel/plugin-transform-async-to-generator@^7.29.7
1245 silly fetch manifest @babel/plugin-transform-block-scoped-functions@^7.29.7
1246 silly fetch manifest @babel/plugin-transform-block-scoping@^7.29.7
1247 silly fetch manifest @babel/plugin-transform-class-properties@^7.29.7
1248 silly fetch manifest @babel/plugin-transform-class-static-block@^7.29.7
1249 silly fetch manifest @babel/plugin-transform-classes@^7.29.7
1250 silly fetch manifest @babel/plugin-transform-computed-properties@^7.29.7
1251 silly fetch manifest @babel/plugin-transform-destructuring@^7.29.7
1252 silly fetch manifest @babel/plugin-transform-dotall-regex@^7.29.7
1253 silly fetch manifest @babel/plugin-transform-duplicate-keys@^7.29.7
1254 silly fetch manifest @babel/plugin-transform-duplicate-named-capturing-groups-regex@^7.29.7
1255 silly fetch manifest @babel/plugin-transform-dynamic-import@^7.29.7
1256 silly fetch manifest @babel/plugin-transform-explicit-resource-management@^7.29.7
1257 silly fetch manifest @babel/plugin-transform-exponentiation-operator@^7.29.7
1258 silly fetch manifest @babel/plugin-transform-export-namespace-from@^7.29.7
1259 silly fetch manifest @babel/plugin-transform-for-of@^7.29.7
1260 silly fetch manifest @babel/plugin-transform-function-name@^7.29.7
1261 silly fetch manifest @babel/plugin-transform-json-strings@^7.29.7
1262 silly fetch manifest @babel/plugin-transform-literals@^7.29.7
1263 silly fetch manifest @babel/plugin-transform-logical-assignment-operators@^7.29.7
1264 silly fetch manifest @babel/plugin-transform-member-expression-literals@^7.29.7
1265 silly fetch manifest @babel/plugin-transform-modules-amd@^7.29.7
1266 silly fetch manifest @babel/plugin-transform-modules-commonjs@^7.29.7
1267 silly fetch manifest @babel/plugin-transform-modules-systemjs@^7.29.7
1268 silly fetch manifest @babel/plugin-transform-modules-umd@^7.29.7
1269 silly fetch manifest @babel/plugin-transform-named-capturing-groups-regex@^7.29.7
1270 silly fetch manifest @babel/plugin-transform-new-target@^7.29.7
1271 silly fetch manifest @babel/plugin-transform-nullish-coalescing-operator@^7.29.7
1272 silly fetch manifest @babel/plugin-transform-numeric-separator@^7.29.7
1273 silly fetch manifest @babel/plugin-transform-object-rest-spread@^7.29.7
1274 silly fetch manifest @babel/plugin-transform-object-super@^7.29.7
1275 silly fetch manifest @babel/plugin-transform-optional-catch-binding@^7.29.7
1276 silly fetch manifest @babel/plugin-transform-optional-chaining@^7.29.7
1277 silly fetch manifest @babel/plugin-transform-parameters@^7.29.7
1278 silly fetch manifest @babel/plugin-transform-private-methods@^7.29.7
1279 silly fetch manifest @babel/plugin-transform-private-property-in-object@^7.29.7
1280 silly fetch manifest @babel/plugin-transform-property-literals@^7.29.7
1281 silly fetch manifest @babel/plugin-transform-regenerator@^7.29.7
1282 silly fetch manifest @babel/plugin-transform-regexp-modifiers@^7.29.7
1283 silly fetch manifest @babel/plugin-transform-reserved-words@^7.29.7
1284 silly fetch manifest @babel/plugin-transform-shorthand-properties@^7.29.7
1285 silly fetch manifest @babel/plugin-transform-spread@^7.29.7
1286 silly fetch manifest @babel/plugin-transform-sticky-regex@^7.29.7
1287 silly fetch manifest @babel/plugin-transform-template-literals@^7.29.7
1288 silly fetch manifest @babel/plugin-transform-typeof-symbol@^7.29.7
1289 silly fetch manifest @babel/plugin-transform-unicode-escapes@^7.29.7
1290 silly fetch manifest @babel/plugin-transform-unicode-property-regex@^7.29.7
1291 silly fetch manifest @babel/plugin-transform-unicode-regex@^7.29.7
1292 silly fetch manifest @babel/plugin-transform-unicode-sets-regex@^7.29.7
1293 silly fetch manifest @babel/preset-modules@0.1.6-no-external-plugins
1294 silly fetch manifest babel-plugin-polyfill-corejs2@^0.4.15
1295 silly fetch manifest babel-plugin-polyfill-corejs3@^0.14.0
1296 silly fetch manifest babel-plugin-polyfill-regenerator@^0.6.6
1297 silly fetch manifest core-js-compat@^3.48.0
1298 silly fetch manifest @rollup/pluginutils@^5.0.1
1299 silly fetch manifest @types/resolve@1.20.2
1300 silly fetch manifest deepmerge@^4.2.2
1301 silly fetch manifest is-module@^1.0.0
1302 silly fetch manifest magic-string@^0.30.3
1303 silly fetch manifest serialize-javascript@^7.0.3
1304 silly fetch manifest smob@^1.0.0
1305 silly fetch manifest terser@^5.17.4
1306 silly fetch manifest ejs@^3.1.10
1307 silly fetch manifest magic-string@^0.30.21
1308 silly fetch manifest string.prototype.matchall@^4.0.12
1309 silly fetch manifest jsonfile@^6.0.1
1310 silly fetch manifest graceful-fs@^4.2.0
1311 silly fetch manifest universalify@^2.0.0
1312 silly fetch manifest at-least-node@^1.0.0
1313 silly fetch manifest minipass@^7.1.2
1314 silly fetch manifest jackspeak@^4.1.1
1315 silly fetch manifest minimatch@^10.1.1
1316 silly fetch manifest path-scurry@^2.0.0
1317 silly fetch manifest foreground-child@^3.3.1
1318 silly fetch manifest package-json-from-dist@^1.0.0
1319 silly fetch manifest whatwg-url@^7.0.0
1320 silly fetch manifest is-obj@^1.0.1
1321 silly fetch manifest is-regexp@^1.0.0
1322 silly fetch manifest get-own-enumerable-property-symbols@^3.0.0
1323 silly fetch manifest temp-dir@^2.0.0
1324 silly fetch manifest is-stream@^2.0.0
1325 silly fetch manifest type-fest@^0.16.0
1326 silly fetch manifest unique-string@^2.0.0
1327 silly fetch manifest idb@^7.0.1
1328 http fetch GET 200 https://registry.npmjs.org/@babel%2fplugin-bugfix-firefox-class-in-computed-class-key 191ms (cache revalidated)
1329 http fetch GET 200 https://registry.npmjs.org/json-schema-traverse 193ms (cache revalidated)
1330 http fetch GET 200 https://registry.npmjs.org/jsonpointer 195ms (cache revalidated)
1331 http fetch GET 200 https://registry.npmjs.org/fast-uri 195ms (cache revalidated)
1332 http fetch GET 200 https://registry.npmjs.org/@babel%2fplugin-bugfix-safari-rest-destructuring-rhs-array 193ms (cache revalidated)
1333 http fetch GET 200 https://registry.npmjs.org/@babel%2fplugin-bugfix-v8-static-class-fields-redefine-readonly 193ms (cache revalidated)
1334 http fetch GET 200 https://registry.npmjs.org/fast-deep-equal 196ms (cache revalidated)
1335 http fetch GET 200 https://registry.npmjs.org/@babel%2fplugin-syntax-import-assertions 193ms (cache revalidated)
1336 http fetch GET 200 https://registry.npmjs.org/@babel%2fplugin-syntax-unicode-sets-regex 194ms (cache revalidated)
1337 http fetch GET 200 https://registry.npmjs.org/@babel%2fplugin-bugfix-safari-id-destructuring-collision-in-function-expression 197ms (cache revalidated)
1338 http fetch GET 200 https://registry.npmjs.org/@babel%2fplugin-syntax-import-attributes 199ms (cache revalidated)
1339 http fetch GET 200 https://registry.npmjs.org/@babel%2fplugin-transform-arrow-functions 201ms (cache revalidated)
1340 http fetch GET 200 https://registry.npmjs.org/@babel%2fplugin-bugfix-safari-class-field-initializer-scope 204ms (cache revalidated)
1341 http fetch GET 200 https://registry.npmjs.org/@babel%2fplugin-bugfix-v8-spread-parameters-in-optional-chaining 204ms (cache revalidated)
1342 http fetch GET 200 https://registry.npmjs.org/@babel%2fplugin-transform-async-to-generator 204ms (cache revalidated)
1343 http fetch GET 200 https://registry.npmjs.org/@babel%2fplugin-transform-class-properties 228ms (cache revalidated)
1344 http fetch GET 200 https://registry.npmjs.org/@babel%2fplugin-transform-block-scoped-functions 229ms (cache revalidated)
1345 http fetch GET 200 https://registry.npmjs.org/@babel%2fplugin-transform-block-scoping 231ms (cache revalidated)
1346 http fetch GET 200 https://registry.npmjs.org/@babel%2fplugin-transform-computed-properties 231ms (cache revalidated)
1347 http fetch GET 200 https://registry.npmjs.org/@babel%2fplugin-proposal-private-property-in-object 236ms (cache revalidated)
1348 http fetch GET 200 https://registry.npmjs.org/@babel%2fplugin-transform-duplicate-keys 233ms (cache revalidated)
1349 http fetch GET 200 https://registry.npmjs.org/@babel%2fplugin-transform-class-static-block 244ms (cache revalidated)
1350 http fetch GET 200 https://registry.npmjs.org/@babel%2fplugin-transform-destructuring 250ms (cache revalidated)
1351 http fetch GET 200 https://registry.npmjs.org/@babel%2fplugin-transform-classes 256ms (cache revalidated)
1352 http fetch GET 200 https://registry.npmjs.org/@babel%2fplugin-transform-async-generator-functions 307ms (cache revalidated)
1353 http fetch GET 200 https://registry.npmjs.org/@babel%2fplugin-transform-for-of 317ms (cache revalidated)
1354 http fetch GET 200 https://registry.npmjs.org/@babel%2fplugin-transform-dotall-regex 321ms (cache revalidated)
1355 http fetch GET 200 https://registry.npmjs.org/@babel%2fplugin-transform-explicit-resource-management 325ms (cache revalidated)
1356 http fetch GET 200 https://registry.npmjs.org/@babel%2fplugin-transform-dynamic-import 326ms (cache revalidated)
1357 http fetch GET 200 https://registry.npmjs.org/@babel%2fplugin-transform-duplicate-named-capturing-groups-regex 354ms (cache revalidated)
1358 http fetch GET 200 https://registry.npmjs.org/leven 387ms (cache revalidated)
1359 http fetch GET 200 https://registry.npmjs.org/@babel%2fplugin-transform-exponentiation-operator 453ms (cache revalidated)
1360 http fetch GET 200 https://registry.npmjs.org/@babel%2fplugin-transform-member-expression-literals 461ms (cache revalidated)
1361 http fetch GET 200 https://registry.npmjs.org/@babel%2fplugin-transform-literals 463ms (cache revalidated)
1362 http fetch GET 200 https://registry.npmjs.org/@babel%2fplugin-transform-function-name 466ms (cache revalidated)
1363 http fetch GET 200 https://registry.npmjs.org/@babel%2fplugin-transform-logical-assignment-operators 466ms (cache revalidated)
1364 http fetch GET 200 https://registry.npmjs.org/@babel%2fplugin-transform-export-namespace-from 468ms (cache revalidated)
1365 http fetch GET 200 https://registry.npmjs.org/@babel%2fplugin-transform-json-strings 469ms (cache revalidated)
1366 http fetch GET 200 https://registry.npmjs.org/@babel%2fplugin-transform-modules-amd 469ms (cache revalidated)
1367 http fetch GET 200 https://registry.npmjs.org/@babel%2fplugin-transform-modules-systemjs 475ms (cache revalidated)
1368 http fetch GET 200 https://registry.npmjs.org/@babel%2fplugin-transform-property-literals 493ms (cache revalidated)
1369 http fetch GET 200 https://registry.npmjs.org/@babel%2fplugin-transform-named-capturing-groups-regex 498ms (cache revalidated)
1370 http fetch GET 200 https://registry.npmjs.org/@babel%2fplugin-transform-object-super 503ms (cache revalidated)
1371 http fetch GET 200 https://registry.npmjs.org/@babel%2fplugin-transform-new-target 506ms (cache revalidated)
1372 http fetch GET 200 https://registry.npmjs.org/@babel%2fplugin-transform-object-rest-spread 507ms (cache revalidated)
1373 http fetch GET 200 https://registry.npmjs.org/@babel%2fplugin-transform-parameters 524ms (cache revalidated)
1374 http fetch GET 200 https://registry.npmjs.org/@babel%2fplugin-transform-modules-umd 528ms (cache revalidated)
1375 http fetch GET 200 https://registry.npmjs.org/@babel%2fplugin-transform-modules-commonjs 530ms (cache revalidated)
1376 http fetch GET 200 https://registry.npmjs.org/@babel%2fplugin-transform-optional-catch-binding 530ms (cache revalidated)
1377 http fetch GET 200 https://registry.npmjs.org/@babel%2fplugin-transform-nullish-coalescing-operator 535ms (cache revalidated)
1378 http fetch GET 200 https://registry.npmjs.org/@babel%2fplugin-transform-private-methods 559ms (cache revalidated)
1379 http fetch GET 200 https://registry.npmjs.org/@babel%2fplugin-transform-optional-chaining 566ms (cache revalidated)
1380 http fetch GET 200 https://registry.npmjs.org/@babel%2fplugin-transform-reserved-words 573ms (cache revalidated)
1381 http fetch GET 200 https://registry.npmjs.org/@babel%2fplugin-transform-shorthand-properties 573ms (cache revalidated)
1382 http fetch GET 200 https://registry.npmjs.org/@babel%2fplugin-transform-numeric-separator 578ms (cache revalidated)
1383 http fetch GET 200 https://registry.npmjs.org/@babel%2fplugin-transform-private-property-in-object 615ms (cache revalidated)
1384 http fetch GET 200 https://registry.npmjs.org/@babel%2fplugin-transform-unicode-escapes 614ms (cache revalidated)
1385 http fetch GET 200 https://registry.npmjs.org/@babel%2fplugin-transform-sticky-regex 616ms (cache revalidated)
1386 http fetch GET 200 https://registry.npmjs.org/@babel%2fplugin-transform-template-literals 617ms (cache revalidated)
1387 http fetch GET 200 https://registry.npmjs.org/@babel%2fplugin-transform-unicode-regex 629ms (cache revalidated)
1388 http fetch GET 200 https://registry.npmjs.org/babel-plugin-polyfill-corejs2 637ms (cache revalidated)
1389 http fetch GET 200 https://registry.npmjs.org/babel-plugin-polyfill-corejs3 642ms (cache revalidated)
1390 http fetch GET 200 https://registry.npmjs.org/@babel%2fplugin-transform-regenerator 648ms (cache revalidated)
1391 http fetch GET 200 https://registry.npmjs.org/core-js-compat 645ms (cache revalidated)
1392 http fetch GET 200 https://registry.npmjs.org/serialize-javascript 653ms (cache revalidated)
1393 http fetch GET 200 https://registry.npmjs.org/@babel%2fplugin-transform-unicode-property-regex 658ms (cache revalidated)
1394 http fetch GET 200 https://registry.npmjs.org/babel-plugin-polyfill-regenerator 657ms (cache revalidated)
1395 http fetch GET 200 https://registry.npmjs.org/@babel%2fplugin-transform-regexp-modifiers 668ms (cache revalidated)
1396 http fetch GET 200 https://registry.npmjs.org/@babel%2fpreset-modules 666ms (cache revalidated)
1397 http fetch GET 200 https://registry.npmjs.org/@babel%2fplugin-transform-unicode-sets-regex 676ms (cache revalidated)
1398 http fetch GET 200 https://registry.npmjs.org/@babel%2fplugin-transform-spread 680ms (cache revalidated)
1399 http fetch GET 200 https://registry.npmjs.org/@babel%2fplugin-transform-typeof-symbol 682ms (cache revalidated)
1400 http fetch GET 200 https://registry.npmjs.org/@types%2fresolve 691ms (cache revalidated)
1401 http fetch GET 200 https://registry.npmjs.org/is-module 692ms (cache revalidated)
1402 http fetch GET 200 https://registry.npmjs.org/smob 689ms (cache revalidated)
1403 http fetch GET 200 https://registry.npmjs.org/magic-string 695ms (cache revalidated)
1404 http fetch GET 200 https://registry.npmjs.org/deepmerge 705ms (cache revalidated)
1405 http fetch GET 200 https://registry.npmjs.org/@rollup%2fpluginutils 708ms (cache revalidated)
1406 http fetch GET 200 https://registry.npmjs.org/magic-string 715ms (cache revalidated)
1407 http fetch GET 200 https://registry.npmjs.org/package-json-from-dist 714ms (cache revalidated)
1408 http fetch GET 200 https://registry.npmjs.org/graceful-fs 725ms (cache revalidated)
1409 http fetch GET 200 https://registry.npmjs.org/path-scurry 726ms (cache revalidated)
1410 http fetch GET 200 https://registry.npmjs.org/jsonfile 729ms (cache revalidated)
1411 http fetch GET 200 https://registry.npmjs.org/universalify 730ms (cache revalidated)
1412 http fetch GET 200 https://registry.npmjs.org/string.prototype.matchall 731ms (cache revalidated)
1413 http fetch GET 200 https://registry.npmjs.org/ejs 733ms (cache revalidated)
1414 http fetch GET 200 https://registry.npmjs.org/minipass 733ms (cache revalidated)
1415 http fetch GET 200 https://registry.npmjs.org/temp-dir 736ms (cache revalidated)
1416 http fetch GET 200 https://registry.npmjs.org/at-least-node 739ms (cache revalidated)
1417 http fetch GET 200 https://registry.npmjs.org/get-own-enumerable-property-symbols 737ms (cache revalidated)
1418 http fetch GET 200 https://registry.npmjs.org/jackspeak 740ms (cache revalidated)
1419 http fetch GET 200 https://registry.npmjs.org/is-regexp 740ms (cache revalidated)
1420 http fetch GET 200 https://registry.npmjs.org/type-fest 741ms (cache revalidated)
1421 http fetch GET 200 https://registry.npmjs.org/is-stream 753ms (cache revalidated)
1422 http fetch GET 200 https://registry.npmjs.org/require-from-string 788ms (cache revalidated)
1423 http fetch GET 200 https://registry.npmjs.org/foreground-child 763ms (cache revalidated)
1424 http fetch GET 200 https://registry.npmjs.org/whatwg-url 764ms (cache revalidated)
1425 http fetch GET 200 https://registry.npmjs.org/is-obj 766ms (cache revalidated)
1426 http fetch GET 200 https://registry.npmjs.org/unique-string 764ms (cache revalidated)
1427 http fetch GET 200 https://registry.npmjs.org/idb 765ms (cache revalidated)
1428 timing idealTree:node_modules/workbox-build Completed in 908ms
1429 silly placeDep ROOT jsonpointer@5.0.1 OK for: @apideck/better-ajv-errors@0.3.7 want: ^5.0.1
1430 silly placeDep ROOT leven@3.1.0 OK for: @apideck/better-ajv-errors@0.3.7 want: ^3.1.0
1431 timing idealTree:node_modules/@apideck/better-ajv-errors Completed in 3ms
1432 silly fetch manifest @babel/core@^7.0.0-0
1433 silly placeDep ROOT @babel/plugin-bugfix-firefox-class-in-computed-class-key@7.29.7 OK for: @babel/preset-env@7.29.7 want: ^7.29.7
1434 silly placeDep ROOT @babel/plugin-bugfix-safari-class-field-initializer-scope@7.29.7 OK for: @babel/preset-env@7.29.7 want: ^7.29.7
1435 silly placeDep ROOT @babel/plugin-bugfix-safari-id-destructuring-collision-in-function-expression@7.29.7 OK for: @babel/preset-env@7.29.7 want: ^7.29.7
1436 silly placeDep ROOT @babel/plugin-bugfix-safari-rest-destructuring-rhs-array@7.29.7 OK for: @babel/preset-env@7.29.7 want: ^7.29.7
1437 silly placeDep ROOT @babel/plugin-bugfix-v8-spread-parameters-in-optional-chaining@7.29.7 OK for: @babel/preset-env@7.29.7 want: ^7.29.7
1438 silly placeDep ROOT @babel/plugin-bugfix-v8-static-class-fields-redefine-readonly@7.29.7 OK for: @babel/preset-env@7.29.7 want: ^7.29.7
1439 silly placeDep ROOT @babel/plugin-proposal-private-property-in-object@7.21.0-placeholder-for-preset-env.2 OK for: @babel/preset-env@7.29.7 want: 7.21.0-placeholder-for-preset-env.2
1440 silly placeDep ROOT @babel/plugin-syntax-import-assertions@7.29.7 OK for: @babel/preset-env@7.29.7 want: ^7.29.7
1441 silly placeDep ROOT @babel/plugin-syntax-import-attributes@7.29.7 OK for: @babel/preset-env@7.29.7 want: ^7.29.7
1442 silly placeDep ROOT @babel/plugin-syntax-unicode-sets-regex@7.18.6 OK for: @babel/preset-env@7.29.7 want: ^7.18.6
1443 silly placeDep ROOT @babel/plugin-transform-arrow-functions@7.29.7 OK for: @babel/preset-env@7.29.7 want: ^7.29.7
1444 silly placeDep ROOT @babel/plugin-transform-async-generator-functions@7.29.7 OK for: @babel/preset-env@7.29.7 want: ^7.29.7
1445 silly placeDep ROOT @babel/plugin-transform-async-to-generator@7.29.7 OK for: @babel/preset-env@7.29.7 want: ^7.29.7
1446 silly placeDep ROOT @babel/plugin-transform-block-scoped-functions@7.29.7 OK for: @babel/preset-env@7.29.7 want: ^7.29.7
1447 silly placeDep ROOT @babel/plugin-transform-block-scoping@7.29.7 OK for: @babel/preset-env@7.29.7 want: ^7.29.7
1448 silly placeDep ROOT @babel/plugin-transform-class-properties@7.29.7 OK for: @babel/preset-env@7.29.7 want: ^7.29.7
1449 silly placeDep ROOT @babel/plugin-transform-class-static-block@7.29.7 OK for: @babel/preset-env@7.29.7 want: ^7.29.7
1450 silly placeDep ROOT @babel/plugin-transform-classes@7.29.7 OK for: @babel/preset-env@7.29.7 want: ^7.29.7
1451 silly placeDep ROOT @babel/plugin-transform-computed-properties@7.29.7 OK for: @babel/preset-env@7.29.7 want: ^7.29.7
1452 silly placeDep ROOT @babel/plugin-transform-destructuring@7.29.7 OK for: @babel/preset-env@7.29.7 want: ^7.29.7
1453 silly placeDep ROOT @babel/plugin-transform-dotall-regex@7.29.7 OK for: @babel/preset-env@7.29.7 want: ^7.29.7
1454 silly placeDep ROOT @babel/plugin-transform-duplicate-keys@7.29.7 OK for: @babel/preset-env@7.29.7 want: ^7.29.7
1455 silly placeDep ROOT @babel/plugin-transform-duplicate-named-capturing-groups-regex@7.29.7 OK for: @babel/preset-env@7.29.7 want: ^7.29.7
1456 silly placeDep ROOT @babel/plugin-transform-dynamic-import@7.29.7 OK for: @babel/preset-env@7.29.7 want: ^7.29.7
1457 silly placeDep ROOT @babel/plugin-transform-explicit-resource-management@7.29.7 OK for: @babel/preset-env@7.29.7 want: ^7.29.7
1458 silly placeDep ROOT @babel/plugin-transform-exponentiation-operator@7.29.7 OK for: @babel/preset-env@7.29.7 want: ^7.29.7
1459 silly placeDep ROOT @babel/plugin-transform-export-namespace-from@7.29.7 OK for: @babel/preset-env@7.29.7 want: ^7.29.7
1460 silly placeDep ROOT @babel/plugin-transform-for-of@7.29.7 OK for: @babel/preset-env@7.29.7 want: ^7.29.7
1461 silly placeDep ROOT @babel/plugin-transform-function-name@7.29.7 OK for: @babel/preset-env@7.29.7 want: ^7.29.7
1462 silly placeDep ROOT @babel/plugin-transform-json-strings@7.29.7 OK for: @babel/preset-env@7.29.7 want: ^7.29.7
1463 silly placeDep ROOT @babel/plugin-transform-literals@7.29.7 OK for: @babel/preset-env@7.29.7 want: ^7.29.7
1464 silly placeDep ROOT @babel/plugin-transform-logical-assignment-operators@7.29.7 OK for: @babel/preset-env@7.29.7 want: ^7.29.7
1465 silly placeDep ROOT @babel/plugin-transform-member-expression-literals@7.29.7 OK for: @babel/preset-env@7.29.7 want: ^7.29.7
1466 silly placeDep ROOT @babel/plugin-transform-modules-amd@7.29.7 OK for: @babel/preset-env@7.29.7 want: ^7.29.7
1467 silly placeDep ROOT @babel/plugin-transform-modules-commonjs@7.29.7 OK for: @babel/preset-env@7.29.7 want: ^7.29.7
1468 silly placeDep ROOT @babel/plugin-transform-modules-systemjs@7.29.7 OK for: @babel/preset-env@7.29.7 want: ^7.29.7
1469 silly placeDep ROOT @babel/plugin-transform-modules-umd@7.29.7 OK for: @babel/preset-env@7.29.7 want: ^7.29.7
1470 silly placeDep ROOT @babel/plugin-transform-named-capturing-groups-regex@7.29.7 OK for: @babel/preset-env@7.29.7 want: ^7.29.7
1471 silly placeDep ROOT @babel/plugin-transform-new-target@7.29.7 OK for: @babel/preset-env@7.29.7 want: ^7.29.7
1472 silly placeDep ROOT @babel/plugin-transform-nullish-coalescing-operator@7.29.7 OK for: @babel/preset-env@7.29.7 want: ^7.29.7
1473 silly placeDep ROOT @babel/plugin-transform-numeric-separator@7.29.7 OK for: @babel/preset-env@7.29.7 want: ^7.29.7
1474 silly placeDep ROOT @babel/plugin-transform-object-rest-spread@7.29.7 OK for: @babel/preset-env@7.29.7 want: ^7.29.7
1475 silly placeDep ROOT @babel/plugin-transform-object-super@7.29.7 OK for: @babel/preset-env@7.29.7 want: ^7.29.7
1476 silly placeDep ROOT @babel/plugin-transform-optional-catch-binding@7.29.7 OK for: @babel/preset-env@7.29.7 want: ^7.29.7
1477 silly placeDep ROOT @babel/plugin-transform-optional-chaining@7.29.7 OK for: @babel/preset-env@7.29.7 want: ^7.29.7
1478 silly placeDep ROOT @babel/plugin-transform-parameters@7.29.7 OK for: @babel/preset-env@7.29.7 want: ^7.29.7
1479 silly placeDep ROOT @babel/plugin-transform-private-methods@7.29.7 OK for: @babel/preset-env@7.29.7 want: ^7.29.7
1480 silly placeDep ROOT @babel/plugin-transform-private-property-in-object@7.29.7 OK for: @babel/preset-env@7.29.7 want: ^7.29.7
1481 silly placeDep ROOT @babel/plugin-transform-property-literals@7.29.7 OK for: @babel/preset-env@7.29.7 want: ^7.29.7
1482 silly placeDep ROOT @babel/plugin-transform-regenerator@7.29.7 OK for: @babel/preset-env@7.29.7 want: ^7.29.7
1483 silly placeDep ROOT @babel/plugin-transform-regexp-modifiers@7.29.7 OK for: @babel/preset-env@7.29.7 want: ^7.29.7
1484 silly placeDep ROOT @babel/plugin-transform-reserved-words@7.29.7 OK for: @babel/preset-env@7.29.7 want: ^7.29.7
1485 silly placeDep ROOT @babel/plugin-transform-shorthand-properties@7.29.7 OK for: @babel/preset-env@7.29.7 want: ^7.29.7
1486 silly placeDep ROOT @babel/plugin-transform-spread@7.29.7 OK for: @babel/preset-env@7.29.7 want: ^7.29.7
1487 silly placeDep ROOT @babel/plugin-transform-sticky-regex@7.29.7 OK for: @babel/preset-env@7.29.7 want: ^7.29.7
1488 silly placeDep ROOT @babel/plugin-transform-template-literals@7.29.7 OK for: @babel/preset-env@7.29.7 want: ^7.29.7
1489 silly placeDep ROOT @babel/plugin-transform-typeof-symbol@7.29.7 OK for: @babel/preset-env@7.29.7 want: ^7.29.7
1490 silly placeDep ROOT @babel/plugin-transform-unicode-escapes@7.29.7 OK for: @babel/preset-env@7.29.7 want: ^7.29.7
1491 silly placeDep ROOT @babel/plugin-transform-unicode-property-regex@7.29.7 OK for: @babel/preset-env@7.29.7 want: ^7.29.7
1492 silly placeDep ROOT @babel/plugin-transform-unicode-regex@7.29.7 OK for: @babel/preset-env@7.29.7 want: ^7.29.7
1493 silly placeDep ROOT @babel/plugin-transform-unicode-sets-regex@7.29.7 OK for: @babel/preset-env@7.29.7 want: ^7.29.7
1494 silly placeDep ROOT @babel/preset-modules@0.1.6-no-external-plugins OK for: @babel/preset-env@7.29.7 want: 0.1.6-no-external-plugins
1495 silly placeDep ROOT babel-plugin-polyfill-corejs2@0.4.17 OK for: @babel/preset-env@7.29.7 want: ^0.4.15
1496 silly placeDep ROOT babel-plugin-polyfill-corejs3@0.14.2 OK for: @babel/preset-env@7.29.7 want: ^0.14.0
1497 silly placeDep ROOT babel-plugin-polyfill-regenerator@0.6.8 OK for: @babel/preset-env@7.29.7 want: ^0.6.6
1498 silly placeDep ROOT core-js-compat@3.49.0 OK for: @babel/preset-env@7.29.7 want: ^3.48.0
1499 silly fetch manifest @babel/helper-skip-transparent-expression-wrappers@^7.29.7
1500 silly fetch manifest @babel/helper-create-regexp-features-plugin@^7.18.6
1501 silly fetch manifest @babel/helper-remap-async-to-generator@^7.29.7
1502 silly fetch manifest @babel/helper-create-class-features-plugin@^7.29.7
1503 silly fetch manifest @babel/helper-annotate-as-pure@^7.29.7
1504 silly fetch manifest @babel/helper-replace-supers@^7.29.7
1505 silly fetch manifest @babel/helper-create-regexp-features-plugin@^7.29.7
1506 silly fetch manifest esutils@^2.0.2
1507 silly fetch manifest @babel/helper-define-polyfill-provider@^0.6.8
1508 http fetch GET 200 https://registry.npmjs.org/@babel%2fhelper-define-polyfill-provider 150ms (cache revalidated)
1509 http fetch GET 200 https://registry.npmjs.org/@babel%2fhelper-create-class-features-plugin 165ms (cache revalidated)
1510 http fetch GET 200 https://registry.npmjs.org/@babel%2fhelper-remap-async-to-generator 169ms (cache revalidated)
1511 http fetch GET 200 https://registry.npmjs.org/@babel%2fhelper-replace-supers 170ms (cache revalidated)
1512 http fetch GET 200 https://registry.npmjs.org/@babel%2fhelper-create-regexp-features-plugin 172ms (cache revalidated)
1513 http fetch GET 200 https://registry.npmjs.org/@babel%2fhelper-create-regexp-features-plugin 177ms (cache revalidated)
1514 http fetch GET 200 https://registry.npmjs.org/@babel%2fhelper-skip-transparent-expression-wrappers 180ms (cache revalidated)
1515 http fetch GET 200 https://registry.npmjs.org/esutils 174ms (cache revalidated)
1516 http fetch GET 200 https://registry.npmjs.org/@babel%2fhelper-annotate-as-pure 182ms (cache revalidated)
1517 timing idealTree:node_modules/@babel/preset-env Completed in 1735ms
1518 timing idealTree:node_modules/@babel/plugin-bugfix-firefox-class-in-computed-class-key Completed in 0ms
1519 timing idealTree:node_modules/@babel/plugin-bugfix-safari-class-field-initializer-scope Completed in 0ms
1520 timing idealTree:node_modules/@babel/plugin-bugfix-safari-id-destructuring-collision-in-function-expression Completed in 0ms
1521 silly placeDep ROOT @babel/helper-skip-transparent-expression-wrappers@7.29.7 OK for: @babel/plugin-bugfix-safari-rest-destructuring-rhs-array@7.29.7 want: ^7.29.7
1522 timing idealTree:node_modules/@babel/plugin-bugfix-safari-rest-destructuring-rhs-array Completed in 12ms
1523 timing idealTree:node_modules/@babel/helper-skip-transparent-expression-wrappers Completed in 0ms
1524 timing idealTree:node_modules/@babel/plugin-bugfix-v8-spread-parameters-in-optional-chaining Completed in 0ms
1525 timing idealTree:node_modules/@babel/plugin-bugfix-v8-static-class-fields-redefine-readonly Completed in 0ms
1526 timing idealTree:node_modules/@babel/plugin-proposal-private-property-in-object Completed in 0ms
1527 timing idealTree:node_modules/@babel/plugin-syntax-import-assertions Completed in 0ms
1528 timing idealTree:node_modules/@babel/plugin-syntax-import-attributes Completed in 0ms
1529 silly placeDep ROOT @babel/helper-create-regexp-features-plugin@7.29.7 OK for: @babel/plugin-syntax-unicode-sets-regex@7.18.6 want: ^7.18.6
1530 silly fetch manifest regexpu-core@^6.3.1
1531 http fetch GET 200 https://registry.npmjs.org/regexpu-core 50ms (cache revalidated)
1532 timing idealTree:node_modules/@babel/plugin-syntax-unicode-sets-regex Completed in 74ms
1533 silly placeDep ROOT @babel/helper-annotate-as-pure@7.29.7 OK for: @babel/helper-create-regexp-features-plugin@7.29.7 want: ^7.29.7
1534 silly placeDep ROOT regexpu-core@6.4.0 OK for: @babel/helper-create-regexp-features-plugin@7.29.7 want: ^6.3.1
1535 silly fetch manifest regenerate@^1.4.2
1536 silly fetch manifest regenerate-unicode-properties@^10.2.2
1537 silly fetch manifest regjsgen@^0.8.0
1538 silly fetch manifest regjsparser@^0.13.0
1539 silly fetch manifest unicode-match-property-ecmascript@^2.0.0
1540 silly fetch manifest unicode-match-property-value-ecmascript@^2.2.1
1541 http fetch GET 200 https://registry.npmjs.org/regjsparser 72ms (cache revalidated)
1542 http fetch GET 200 https://registry.npmjs.org/regenerate 84ms (cache revalidated)
1543 http fetch GET 200 https://registry.npmjs.org/regenerate-unicode-properties 85ms (cache revalidated)
1544 http fetch GET 200 https://registry.npmjs.org/unicode-match-property-ecmascript 98ms (cache revalidated)
1545 http fetch GET 200 https://registry.npmjs.org/regjsgen 99ms (cache revalidated)
1546 http fetch GET 200 https://registry.npmjs.org/unicode-match-property-value-ecmascript 102ms (cache revalidated)
1547 timing idealTree:node_modules/@babel/helper-create-regexp-features-plugin Completed in 154ms
1548 timing idealTree:node_modules/@babel/helper-annotate-as-pure Completed in 0ms
1549 timing idealTree:node_modules/@babel/plugin-transform-arrow-functions Completed in 0ms
1550 silly placeDep ROOT @babel/helper-remap-async-to-generator@7.29.7 OK for: @babel/plugin-transform-async-generator-functions@7.29.7 want: ^7.29.7
1551 silly fetch manifest @babel/helper-wrap-function@^7.29.7
1552 http fetch GET 200 https://registry.npmjs.org/@babel%2fhelper-wrap-function 70ms (cache revalidated)
1553 timing idealTree:node_modules/@babel/plugin-transform-async-generator-functions Completed in 84ms
1554 silly placeDep ROOT @babel/helper-wrap-function@7.29.7 OK for: @babel/helper-remap-async-to-generator@7.29.7 want: ^7.29.7
1555 timing idealTree:node_modules/@babel/helper-remap-async-to-generator Completed in 3ms
1556 timing idealTree:node_modules/@babel/helper-wrap-function Completed in 0ms
1557 timing idealTree:node_modules/@babel/plugin-transform-async-to-generator Completed in 0ms
1558 timing idealTree:node_modules/@babel/plugin-transform-block-scoped-functions Completed in 0ms
1559 timing idealTree:node_modules/@babel/plugin-transform-block-scoping Completed in 0ms
1560 silly placeDep ROOT @babel/helper-create-class-features-plugin@7.29.7 OK for: @babel/plugin-transform-class-properties@7.29.7 want: ^7.29.7
1561 silly fetch manifest @babel/helper-member-expression-to-functions@^7.29.7
1562 silly fetch manifest @babel/helper-optimise-call-expression@^7.29.7
1563 http fetch GET 200 https://registry.npmjs.org/@babel%2fhelper-member-expression-to-functions 59ms (cache revalidated)
1564 http fetch GET 200 https://registry.npmjs.org/@babel%2fhelper-optimise-call-expression 64ms (cache revalidated)
1565 timing idealTree:node_modules/@babel/plugin-transform-class-properties Completed in 73ms
1566 silly placeDep ROOT @babel/helper-member-expression-to-functions@7.29.7 OK for: @babel/helper-create-class-features-plugin@7.29.7 want: ^7.29.7
1567 silly placeDep ROOT @babel/helper-optimise-call-expression@7.29.7 OK for: @babel/helper-create-class-features-plugin@7.29.7 want: ^7.29.7
1568 silly placeDep ROOT @babel/helper-replace-supers@7.29.7 OK for: @babel/helper-create-class-features-plugin@7.29.7 want: ^7.29.7
1569 timing idealTree:node_modules/@babel/helper-create-class-features-plugin Completed in 14ms
1570 timing idealTree:node_modules/@babel/helper-member-expression-to-functions Completed in 0ms
1571 timing idealTree:node_modules/@babel/helper-optimise-call-expression Completed in 0ms
1572 timing idealTree:node_modules/@babel/helper-replace-supers Completed in 0ms
1573 timing idealTree:node_modules/@babel/plugin-transform-class-static-block Completed in 0ms
1574 timing idealTree:node_modules/@babel/plugin-transform-classes Completed in 0ms
1575 timing idealTree:node_modules/@babel/plugin-transform-computed-properties Completed in 0ms
1576 timing idealTree:node_modules/@babel/plugin-transform-destructuring Completed in 0ms
1577 timing idealTree:node_modules/@babel/plugin-transform-dotall-regex Completed in 0ms
1578 timing idealTree:node_modules/@babel/plugin-transform-duplicate-keys Completed in 0ms
1579 timing idealTree:node_modules/@babel/plugin-transform-duplicate-named-capturing-groups-regex Completed in 0ms
1580 timing idealTree:node_modules/@babel/plugin-transform-dynamic-import Completed in 0ms
1581 timing idealTree:node_modules/@babel/plugin-transform-explicit-resource-management Completed in 0ms
1582 timing idealTree:node_modules/@babel/plugin-transform-exponentiation-operator Completed in 0ms
1583 timing idealTree:node_modules/@babel/plugin-transform-export-namespace-from Completed in 0ms
1584 timing idealTree:node_modules/@babel/plugin-transform-for-of Completed in 0ms
1585 timing idealTree:node_modules/@babel/plugin-transform-function-name Completed in 0ms
1586 timing idealTree:node_modules/@babel/plugin-transform-json-strings Completed in 0ms
1587 timing idealTree:node_modules/@babel/plugin-transform-literals Completed in 0ms
1588 timing idealTree:node_modules/@babel/plugin-transform-logical-assignment-operators Completed in 0ms
1589 timing idealTree:node_modules/@babel/plugin-transform-member-expression-literals Completed in 0ms
1590 timing idealTree:node_modules/@babel/plugin-transform-modules-amd Completed in 0ms
1591 timing idealTree:node_modules/@babel/plugin-transform-modules-commonjs Completed in 0ms
1592 timing idealTree:node_modules/@babel/plugin-transform-modules-systemjs Completed in 0ms
1593 timing idealTree:node_modules/@babel/plugin-transform-modules-umd Completed in 0ms
1594 timing idealTree:node_modules/@babel/plugin-transform-named-capturing-groups-regex Completed in 0ms
1595 timing idealTree:node_modules/@babel/plugin-transform-new-target Completed in 0ms
1596 timing idealTree:node_modules/@babel/plugin-transform-nullish-coalescing-operator Completed in 0ms
1597 timing idealTree:node_modules/@babel/plugin-transform-numeric-separator Completed in 1ms
1598 timing idealTree:node_modules/@babel/plugin-transform-object-rest-spread Completed in 0ms
1599 timing idealTree:node_modules/@babel/plugin-transform-object-super Completed in 0ms
1600 timing idealTree:node_modules/@babel/plugin-transform-optional-catch-binding Completed in 0ms
1601 timing idealTree:node_modules/@babel/plugin-transform-optional-chaining Completed in 0ms
1602 timing idealTree:node_modules/@babel/plugin-transform-parameters Completed in 0ms
1603 timing idealTree:node_modules/@babel/plugin-transform-private-methods Completed in 0ms
1604 timing idealTree:node_modules/@babel/plugin-transform-private-property-in-object Completed in 0ms
1605 timing idealTree:node_modules/@babel/plugin-transform-property-literals Completed in 0ms
1606 timing idealTree:node_modules/@babel/plugin-transform-regenerator Completed in 0ms
1607 timing idealTree:node_modules/@babel/plugin-transform-regexp-modifiers Completed in 0ms
1608 timing idealTree:node_modules/@babel/plugin-transform-reserved-words Completed in 0ms
1609 timing idealTree:node_modules/@babel/plugin-transform-shorthand-properties Completed in 0ms
1610 timing idealTree:node_modules/@babel/plugin-transform-spread Completed in 0ms
1611 timing idealTree:node_modules/@babel/plugin-transform-sticky-regex Completed in 0ms
1612 timing idealTree:node_modules/@babel/plugin-transform-template-literals Completed in 0ms
1613 timing idealTree:node_modules/@babel/plugin-transform-typeof-symbol Completed in 0ms
1614 timing idealTree:node_modules/@babel/plugin-transform-unicode-escapes Completed in 0ms
1615 timing idealTree:node_modules/@babel/plugin-transform-unicode-property-regex Completed in 0ms
1616 timing idealTree:node_modules/@babel/plugin-transform-unicode-regex Completed in 0ms
1617 timing idealTree:node_modules/@babel/plugin-transform-unicode-sets-regex Completed in 0ms
1618 silly placeDep ROOT esutils@2.0.3 OK for: @babel/preset-modules@0.1.6-no-external-plugins want: ^2.0.2
1619 timing idealTree:node_modules/@babel/preset-modules Completed in 1ms
1620 silly fetch manifest rollup@^1.20.0||^2.0.0||^3.0.0||^4.0.0
1621 silly placeDep ROOT @rollup/pluginutils@5.3.0 OK for: @rollup/plugin-babel@6.1.0 want: ^5.0.1
1622 silly fetch manifest estree-walker@^2.0.2
1623 silly fetch manifest picomatch@^4.0.2
1624 http fetch GET 200 https://registry.npmjs.org/estree-walker 55ms (cache revalidated)
1625 timing idealTree:node_modules/@rollup/plugin-babel Completed in 65ms
1626 silly placeDep ROOT @types/resolve@1.20.2 OK for: @rollup/plugin-node-resolve@16.0.3 want: 1.20.2
1627 silly placeDep ROOT deepmerge@4.3.1 OK for: @rollup/plugin-node-resolve@16.0.3 want: ^4.2.2
1628 silly placeDep ROOT is-module@1.0.0 OK for: @rollup/plugin-node-resolve@16.0.3 want: ^1.0.0
1629 timing idealTree:node_modules/@rollup/plugin-node-resolve Completed in 9ms
1630 silly placeDep ROOT magic-string@0.30.21 OK for: @rollup/plugin-replace@6.0.3 want: ^0.30.3
1631 timing idealTree:node_modules/@rollup/plugin-replace Completed in 3ms
1632 silly placeDep ROOT serialize-javascript@7.0.5 OK for: @rollup/plugin-terser@1.0.0 want: ^7.0.3
1633 silly placeDep ROOT smob@1.6.2 OK for: @rollup/plugin-terser@1.0.0 want: ^1.0.0
1634 silly placeDep ROOT terser@5.48.0 OK for: @rollup/plugin-terser@1.0.0 want: ^5.17.4
1635 silly fetch manifest @jridgewell/source-map@^0.3.3
1636 silly fetch manifest acorn@^8.15.0
1637 silly fetch manifest commander@^2.20.0
1638 silly fetch manifest source-map-support@~0.5.20
1639 http fetch GET 200 https://registry.npmjs.org/@jridgewell%2fsource-map 51ms (cache revalidated)
1640 http fetch GET 200 https://registry.npmjs.org/source-map-support 52ms (cache revalidated)
1641 http fetch GET 200 https://registry.npmjs.org/acorn 58ms (cache revalidated)
1642 timing idealTree:node_modules/@rollup/plugin-terser Completed in 65ms
1643 silly placeDep ROOT estree-walker@2.0.2 OK for: @rollup/pluginutils@5.3.0 want: ^2.0.2
1644 silly placeDep node_modules/@rollup/pluginutils picomatch@4.0.4 OK for: @rollup/pluginutils@5.3.0 want: ^4.0.2
1645 timing idealTree:node_modules/@rollup/pluginutils Completed in 11ms
1646 silly placeDep ROOT ejs@3.1.10 OK for: @trickfilm400/rollup-plugin-off-main-thread@3.0.0-pre1 want: ^3.1.10
1647 silly placeDep ROOT string.prototype.matchall@4.0.12 OK for: @trickfilm400/rollup-plugin-off-main-thread@3.0.0-pre1 want: ^4.0.12
1648 silly fetch manifest jake@^10.8.5
1649 silly fetch manifest call-bind@^1.0.8
1650 silly fetch manifest call-bound@^1.0.3
1651 silly fetch manifest define-properties@^1.2.1
1652 silly fetch manifest es-abstract@^1.23.6
1653 silly fetch manifest internal-slot@^1.1.0
1654 silly fetch manifest regexp.prototype.flags@^1.5.3
1655 silly fetch manifest set-function-name@^2.0.2
1656 silly fetch manifest side-channel@^1.1.0
1657 http fetch GET 200 https://registry.npmjs.org/call-bind 58ms (cache revalidated)
1658 http fetch GET 200 https://registry.npmjs.org/define-properties 55ms (cache revalidated)
1659 http fetch GET 200 https://registry.npmjs.org/internal-slot 58ms (cache revalidated)
1660 http fetch GET 200 https://registry.npmjs.org/jake 71ms (cache revalidated)
1661 http fetch GET 200 https://registry.npmjs.org/regexp.prototype.flags 61ms (cache revalidated)
1662 http fetch GET 200 https://registry.npmjs.org/side-channel 60ms (cache revalidated)
1663 http fetch GET 200 https://registry.npmjs.org/set-function-name 62ms (cache revalidated)
1664 http fetch GET 200 https://registry.npmjs.org/es-abstract 73ms (cache revalidated)
1665 http fetch GET 200 https://registry.npmjs.org/call-bound 98ms (cache revalidated)
1666 timing idealTree:node_modules/@trickfilm400/rollup-plugin-off-main-thread Completed in 128ms
1667 timing idealTree:node_modules/@types/resolve Completed in 0ms
1668 silly placeDep ROOT fast-deep-equal@3.1.3 OK for: ajv@8.20.0 want: ^3.1.3
1669 silly placeDep ROOT fast-uri@3.1.2 OK for: ajv@8.20.0 want: ^3.0.1
1670 silly placeDep ROOT json-schema-traverse@1.0.0 OK for: ajv@8.20.0 want: ^1.0.0
1671 silly placeDep ROOT require-from-string@2.0.2 OK for: ajv@8.20.0 want: ^2.0.2
1672 timing idealTree:node_modules/ajv Completed in 6ms
1673 silly fetch manifest @babel/core@^7.4.0 || ^8.0.0-0 <8.0.0
1674 silly placeDep ROOT @babel/helper-define-polyfill-provider@0.6.8 OK for: babel-plugin-polyfill-corejs2@0.4.17 want: ^0.6.8
1675 silly fetch manifest lodash.debounce@^4.0.8
1676 http fetch GET 200 https://registry.npmjs.org/lodash.debounce 57ms (cache revalidated)
1677 timing idealTree:node_modules/babel-plugin-polyfill-corejs2 Completed in 64ms
1678 silly placeDep ROOT lodash.debounce@4.0.8 OK for: @babel/helper-define-polyfill-provider@0.6.8 want: ^4.0.8
1679 timing idealTree:node_modules/@babel/helper-define-polyfill-provider Completed in 2ms
1680 timing idealTree:node_modules/babel-plugin-polyfill-corejs3 Completed in 0ms
1681 timing idealTree:node_modules/babel-plugin-polyfill-regenerator Completed in 0ms
1682 timing idealTree:node_modules/common-tags Completed in 0ms
1683 timing idealTree:node_modules/core-js-compat Completed in 0ms
1684 timing idealTree:node_modules/deepmerge Completed in 0ms
1685 silly placeDep ROOT jake@10.9.4 OK for: ejs@3.1.10 want: ^10.8.5
1686 silly fetch manifest async@^3.2.6
1687 silly fetch manifest filelist@^1.0.4
1688 http fetch GET 200 https://registry.npmjs.org/async 40ms (cache revalidated)
1689 http fetch GET 200 https://registry.npmjs.org/filelist 42ms (cache revalidated)
1690 timing idealTree:node_modules/ejs Completed in 45ms
1691 timing idealTree:node_modules/estree-walker Completed in 0ms
1692 timing idealTree:node_modules/esutils Completed in 0ms
1693 timing idealTree:node_modules/eta Completed in 0ms
1694 timing idealTree:node_modules/fast-deep-equal Completed in 0ms
1695 timing idealTree:node_modules/fast-json-stable-stringify Completed in 0ms
1696 timing idealTree:node_modules/fast-uri Completed in 0ms
1697 silly placeDep ROOT at-least-node@1.0.0 OK for: fs-extra@9.1.0 want: ^1.0.0
1698 silly placeDep ROOT graceful-fs@4.2.11 OK for: fs-extra@9.1.0 want: ^4.2.0
1699 silly placeDep ROOT jsonfile@6.2.1 OK for: fs-extra@9.1.0 want: ^6.0.1
1700 silly placeDep ROOT universalify@2.0.1 OK for: fs-extra@9.1.0 want: ^2.0.0
1701 timing idealTree:node_modules/fs-extra Completed in 6ms
1702 timing idealTree:node_modules/at-least-node Completed in 0ms
1703 timing idealTree:node_modules/graceful-fs Completed in 0ms
1704 timing idealTree:node_modules/is-module Completed in 0ms
1705 silly placeDep ROOT async@3.2.6 OK for: jake@10.9.4 want: ^3.2.6
1706 silly placeDep ROOT filelist@1.0.6 OK for: jake@10.9.4 want: ^1.0.4
1707 silly fetch manifest minimatch@^5.0.1
1708 timing idealTree:node_modules/jake Completed in 4ms
1709 timing idealTree:node_modules/async Completed in 0ms
1710 silly placeDep node_modules/filelist minimatch@5.1.9 OK for: filelist@1.0.6 want: ^5.0.1
1711 silly fetch manifest brace-expansion@^2.0.1
1712 timing idealTree:node_modules/filelist Completed in 3ms
1713 timing idealTree:node_modules/json-schema-traverse Completed in 0ms
1714 timing idealTree:node_modules/jsonfile Completed in 0ms
1715 timing idealTree:node_modules/jsonpointer Completed in 0ms
1716 timing idealTree:node_modules/leven Completed in 0ms
1717 timing idealTree:node_modules/lodash.debounce Completed in 0ms
1718 timing idealTree:node_modules/magic-string Completed in 0ms
1719 silly placeDep ROOT regenerate@1.4.2 OK for: regexpu-core@6.4.0 want: ^1.4.2
1720 silly placeDep ROOT regenerate-unicode-properties@10.2.2 OK for: regexpu-core@6.4.0 want: ^10.2.2
1721 silly placeDep ROOT regjsgen@0.8.0 OK for: regexpu-core@6.4.0 want: ^0.8.0
1722 silly placeDep ROOT regjsparser@0.13.1 OK for: regexpu-core@6.4.0 want: ^0.13.0
1723 silly placeDep ROOT unicode-match-property-ecmascript@2.0.0 OK for: regexpu-core@6.4.0 want: ^2.0.0
1724 silly placeDep ROOT unicode-match-property-value-ecmascript@2.2.1 OK for: regexpu-core@6.4.0 want: ^2.2.1
1725 silly fetch manifest unicode-canonical-property-names-ecmascript@^2.0.0
1726 silly fetch manifest unicode-property-aliases-ecmascript@^2.0.0
1727 http fetch GET 200 https://registry.npmjs.org/unicode-property-aliases-ecmascript 47ms (cache revalidated)
1728 http fetch GET 200 https://registry.npmjs.org/unicode-canonical-property-names-ecmascript 92ms (cache revalidated)
1729 timing idealTree:node_modules/regexpu-core Completed in 101ms
1730 timing idealTree:node_modules/regenerate Completed in 0ms
1731 timing idealTree:node_modules/regenerate-unicode-properties Completed in 0ms
1732 timing idealTree:node_modules/regjsgen Completed in 0ms
1733 timing idealTree:node_modules/regjsparser Completed in 0ms
1734 timing idealTree:node_modules/require-from-string Completed in 0ms
1735 timing idealTree:node_modules/serialize-javascript Completed in 0ms
1736 timing idealTree:node_modules/smob Completed in 0ms
1737 silly placeDep ROOT whatwg-url@7.1.0 OK for: source-map@0.8.0-beta.0 want: ^7.0.0
1738 silly fetch manifest tr46@^1.0.1
1739 silly fetch manifest lodash.sortby@^4.7.0
1740 silly fetch manifest webidl-conversions@^4.0.2
1741 http fetch GET 200 https://registry.npmjs.org/lodash.sortby 26ms (cache revalidated)
1742 http fetch GET 200 https://registry.npmjs.org/tr46 32ms (cache revalidated)
1743 http fetch GET 200 https://registry.npmjs.org/webidl-conversions 46ms (cache revalidated)
1744 timing idealTree:node_modules/source-map Completed in 49ms
1745 silly placeDep ROOT call-bind@1.0.9 OK for: string.prototype.matchall@4.0.12 want: ^1.0.8
1746 silly placeDep ROOT call-bound@1.0.4 OK for: string.prototype.matchall@4.0.12 want: ^1.0.3
1747 silly placeDep ROOT define-properties@1.2.1 OK for: string.prototype.matchall@4.0.12 want: ^1.2.1
1748 silly placeDep ROOT es-abstract@1.24.2 OK for: string.prototype.matchall@4.0.12 want: ^1.23.6
1749 silly placeDep ROOT internal-slot@1.1.0 OK for: string.prototype.matchall@4.0.12 want: ^1.1.0
1750 silly placeDep ROOT regexp.prototype.flags@1.5.4 OK for: string.prototype.matchall@4.0.12 want: ^1.5.3
1751 silly placeDep ROOT set-function-name@2.0.2 OK for: string.prototype.matchall@4.0.12 want: ^2.0.2
1752 silly placeDep ROOT side-channel@1.1.0 OK for: string.prototype.matchall@4.0.12 want: ^1.1.0
1753 silly fetch manifest set-function-length@^1.2.2
1754 silly fetch manifest define-data-property@^1.0.1
1755 silly fetch manifest has-property-descriptors@^1.0.0
1756 silly fetch manifest object-keys@^1.1.1
1757 silly fetch manifest array-buffer-byte-length@^1.0.2
1758 silly fetch manifest arraybuffer.prototype.slice@^1.0.4
1759 silly fetch manifest available-typed-arrays@^1.0.7
1760 silly fetch manifest data-view-buffer@^1.0.2
1761 silly fetch manifest data-view-byte-length@^1.0.2
1762 silly fetch manifest data-view-byte-offset@^1.0.1
1763 silly fetch manifest es-to-primitive@^1.3.0
1764 silly fetch manifest function.prototype.name@^1.1.8
1765 silly fetch manifest get-symbol-description@^1.1.0
1766 silly fetch manifest globalthis@^1.0.4
1767 silly fetch manifest has-property-descriptors@^1.0.2
1768 silly fetch manifest has-proto@^1.2.0
1769 silly fetch manifest is-array-buffer@^3.0.5
1770 silly fetch manifest is-callable@^1.2.7
1771 silly fetch manifest is-data-view@^1.0.2
1772 silly fetch manifest is-negative-zero@^2.0.3
1773 silly fetch manifest is-regex@^1.2.1
1774 silly fetch manifest is-set@^2.0.3
1775 silly fetch manifest is-shared-array-buffer@^1.0.4
1776 silly fetch manifest is-string@^1.1.1
1777 silly fetch manifest is-typed-array@^1.1.15
1778 silly fetch manifest is-weakref@^1.1.1
1779 silly fetch manifest object-inspect@^1.13.4
1780 silly fetch manifest object.assign@^4.1.7
1781 silly fetch manifest own-keys@^1.0.1
1782 silly fetch manifest safe-array-concat@^1.1.3
1783 silly fetch manifest safe-push-apply@^1.0.0
1784 silly fetch manifest safe-regex-test@^1.1.0
1785 silly fetch manifest set-proto@^1.0.0
1786 silly fetch manifest stop-iteration-iterator@^1.1.0
1787 silly fetch manifest string.prototype.trim@^1.2.10
1788 silly fetch manifest string.prototype.trimend@^1.0.9
1789 silly fetch manifest string.prototype.trimstart@^1.0.8
1790 silly fetch manifest typed-array-buffer@^1.0.3
1791 silly fetch manifest typed-array-byte-length@^1.0.3
1792 silly fetch manifest typed-array-byte-offset@^1.0.4
1793 silly fetch manifest typed-array-length@^1.0.7
1794 silly fetch manifest unbox-primitive@^1.1.0
1795 silly fetch manifest which-typed-array@^1.1.19
1796 silly fetch manifest define-data-property@^1.1.4
1797 silly fetch manifest functions-have-names@^1.2.3
1798 silly fetch manifest object-inspect@^1.13.3
1799 silly fetch manifest side-channel-list@^1.0.0
1800 silly fetch manifest side-channel-map@^1.0.1
1801 silly fetch manifest side-channel-weakmap@^1.0.2
1802 http fetch GET 200 https://registry.npmjs.org/has-property-descriptors 102ms (cache revalidated)
1803 http fetch GET 200 https://registry.npmjs.org/set-function-length 103ms (cache revalidated)
1804 http fetch GET 200 https://registry.npmjs.org/arraybuffer.prototype.slice 102ms (cache revalidated)
1805 http fetch GET 200 https://registry.npmjs.org/array-buffer-byte-length 103ms (cache revalidated)
1806 http fetch GET 200 https://registry.npmjs.org/available-typed-arrays 105ms (cache revalidated)
1807 http fetch GET 200 https://registry.npmjs.org/data-view-buffer 106ms (cache revalidated)
1808 http fetch GET 200 https://registry.npmjs.org/function.prototype.name 105ms (cache revalidated)
1809 http fetch GET 200 https://registry.npmjs.org/es-to-primitive 106ms (cache revalidated)
1810 http fetch GET 200 https://registry.npmjs.org/object-keys 108ms (cache revalidated)
1811 http fetch GET 200 https://registry.npmjs.org/has-property-descriptors 106ms (cache revalidated)
1812 http fetch GET 200 https://registry.npmjs.org/define-data-property 110ms (cache revalidated)
1813 http fetch GET 200 https://registry.npmjs.org/is-array-buffer 107ms (cache revalidated)
1814 http fetch GET 200 https://registry.npmjs.org/get-symbol-description 109ms (cache revalidated)
1815 http fetch GET 200 https://registry.npmjs.org/globalthis 114ms (cache revalidated)
1816 http fetch GET 200 https://registry.npmjs.org/is-string 123ms (cache revalidated)
1817 http fetch GET 200 https://registry.npmjs.org/data-view-byte-length 128ms (cache revalidated)
1818 http fetch GET 200 https://registry.npmjs.org/data-view-byte-offset 129ms (cache revalidated)
1819 http fetch GET 200 https://registry.npmjs.org/is-set 127ms (cache revalidated)
1820 http fetch GET 200 https://registry.npmjs.org/is-data-view 128ms (cache revalidated)
1821 http fetch GET 200 https://registry.npmjs.org/has-proto 130ms (cache revalidated)
1822 http fetch GET 200 https://registry.npmjs.org/object.assign 129ms (cache revalidated)
1823 http fetch GET 200 https://registry.npmjs.org/is-shared-array-buffer 132ms (cache revalidated)
1824 http fetch GET 200 https://registry.npmjs.org/is-regex 133ms (cache revalidated)
1825 http fetch GET 200 https://registry.npmjs.org/is-weakref 132ms (cache revalidated)
1826 http fetch GET 200 https://registry.npmjs.org/object-inspect 140ms (cache revalidated)
1827 http fetch GET 200 https://registry.npmjs.org/safe-regex-test 142ms (cache revalidated)
1828 http fetch GET 200 https://registry.npmjs.org/safe-array-concat 149ms (cache revalidated)
1829 http fetch GET 200 https://registry.npmjs.org/safe-push-apply 155ms (cache revalidated)
1830 http fetch GET 200 https://registry.npmjs.org/is-negative-zero 169ms (cache revalidated)
1831 http fetch GET 200 https://registry.npmjs.org/string.prototype.trim 167ms (cache revalidated)
1832 http fetch GET 200 https://registry.npmjs.org/own-keys 170ms (cache revalidated)
1833 http fetch GET 200 https://registry.npmjs.org/string.prototype.trimend 169ms (cache revalidated)
1834 http fetch GET 200 https://registry.npmjs.org/is-typed-array 173ms (cache revalidated)
1835 http fetch GET 200 https://registry.npmjs.org/string.prototype.trimstart 171ms (cache revalidated)
1836 http fetch GET 200 https://registry.npmjs.org/set-proto 172ms (cache revalidated)
1837 http fetch GET 200 https://registry.npmjs.org/typed-array-length 171ms (cache revalidated)
1838 http fetch GET 200 https://registry.npmjs.org/typed-array-byte-length 172ms (cache revalidated)
1839 http fetch GET 200 https://registry.npmjs.org/is-callable 181ms (cache revalidated)
1840 http fetch GET 200 https://registry.npmjs.org/object-inspect 179ms (cache revalidated)
1841 http fetch GET 200 https://registry.npmjs.org/typed-array-buffer 183ms (cache revalidated)
1842 http fetch GET 200 https://registry.npmjs.org/define-data-property 184ms (cache revalidated)
1843 http fetch GET 200 https://registry.npmjs.org/functions-have-names 185ms (cache revalidated)
1844 http fetch GET 200 https://registry.npmjs.org/side-channel-weakmap 187ms (cache revalidated)
1845 http fetch GET 200 https://registry.npmjs.org/side-channel-list 187ms (cache revalidated)
1846 http fetch GET 200 https://registry.npmjs.org/unbox-primitive 190ms (cache revalidated)
1847 http fetch GET 200 https://registry.npmjs.org/which-typed-array 190ms (cache revalidated)
1848 http fetch GET 200 https://registry.npmjs.org/typed-array-byte-offset 192ms (cache revalidated)
1849 http fetch GET 200 https://registry.npmjs.org/side-channel-map 190ms (cache revalidated)
1850 http fetch GET 200 https://registry.npmjs.org/stop-iteration-iterator 194ms (cache revalidated)
1851 timing idealTree:node_modules/string.prototype.matchall Completed in 217ms
1852 silly placeDep ROOT set-function-length@1.2.2 OK for: call-bind@1.0.9 want: ^1.2.2
1853 timing idealTree:node_modules/call-bind Completed in 4ms
1854 timing idealTree:node_modules/call-bound Completed in 0ms
1855 silly placeDep ROOT define-data-property@1.1.4 OK for: define-properties@1.2.1 want: ^1.0.1
1856 silly placeDep ROOT has-property-descriptors@1.0.2 OK for: define-properties@1.2.1 want: ^1.0.0
1857 silly placeDep ROOT object-keys@1.1.1 OK for: define-properties@1.2.1 want: ^1.1.1
1858 timing idealTree:node_modules/define-properties Completed in 5ms
1859 timing idealTree:node_modules/define-data-property Completed in 0ms
1860 silly placeDep ROOT array-buffer-byte-length@1.0.2 OK for: es-abstract@1.24.2 want: ^1.0.2
1861 silly placeDep ROOT arraybuffer.prototype.slice@1.0.4 OK for: es-abstract@1.24.2 want: ^1.0.4
1862 silly placeDep ROOT available-typed-arrays@1.0.7 OK for: es-abstract@1.24.2 want: ^1.0.7
1863 silly placeDep ROOT data-view-buffer@1.0.2 OK for: es-abstract@1.24.2 want: ^1.0.2
1864 silly placeDep ROOT data-view-byte-length@1.0.2 OK for: es-abstract@1.24.2 want: ^1.0.2
1865 silly placeDep ROOT data-view-byte-offset@1.0.1 OK for: es-abstract@1.24.2 want: ^1.0.1
1866 silly placeDep ROOT es-to-primitive@1.3.0 OK for: es-abstract@1.24.2 want: ^1.3.0
1867 silly placeDep ROOT function.prototype.name@1.1.8 OK for: es-abstract@1.24.2 want: ^1.1.8
1868 silly placeDep ROOT get-symbol-description@1.1.0 OK for: es-abstract@1.24.2 want: ^1.1.0
1869 silly placeDep ROOT globalthis@1.0.4 OK for: es-abstract@1.24.2 want: ^1.0.4
1870 silly placeDep ROOT has-proto@1.2.0 OK for: es-abstract@1.24.2 want: ^1.2.0
1871 silly placeDep ROOT is-array-buffer@3.0.5 OK for: es-abstract@1.24.2 want: ^3.0.5
1872 silly placeDep ROOT is-callable@1.2.7 OK for: es-abstract@1.24.2 want: ^1.2.7
1873 silly placeDep ROOT is-data-view@1.0.2 OK for: es-abstract@1.24.2 want: ^1.0.2
1874 silly placeDep ROOT is-negative-zero@2.0.3 OK for: es-abstract@1.24.2 want: ^2.0.3
1875 silly placeDep ROOT is-regex@1.2.1 OK for: es-abstract@1.24.2 want: ^1.2.1
1876 silly placeDep ROOT is-set@2.0.3 OK for: es-abstract@1.24.2 want: ^2.0.3
1877 silly placeDep ROOT is-shared-array-buffer@1.0.4 OK for: es-abstract@1.24.2 want: ^1.0.4
1878 silly placeDep ROOT is-string@1.1.1 OK for: es-abstract@1.24.2 want: ^1.1.1
1879 silly placeDep ROOT is-typed-array@1.1.15 OK for: es-abstract@1.24.2 want: ^1.1.15
1880 silly placeDep ROOT is-weakref@1.1.1 OK for: es-abstract@1.24.2 want: ^1.1.1
1881 silly placeDep ROOT object-inspect@1.13.4 OK for: es-abstract@1.24.2 want: ^1.13.4
1882 silly placeDep ROOT object.assign@4.1.7 OK for: es-abstract@1.24.2 want: ^4.1.7
1883 silly placeDep ROOT own-keys@1.0.1 OK for: es-abstract@1.24.2 want: ^1.0.1
1884 silly placeDep ROOT safe-array-concat@1.1.4 OK for: es-abstract@1.24.2 want: ^1.1.3
1885 silly placeDep ROOT safe-push-apply@1.0.0 OK for: es-abstract@1.24.2 want: ^1.0.0
1886 silly placeDep ROOT safe-regex-test@1.1.0 OK for: es-abstract@1.24.2 want: ^1.1.0
1887 silly placeDep ROOT set-proto@1.0.0 OK for: es-abstract@1.24.2 want: ^1.0.0
1888 silly placeDep ROOT stop-iteration-iterator@1.1.0 OK for: es-abstract@1.24.2 want: ^1.1.0
1889 silly placeDep ROOT string.prototype.trim@1.2.10 OK for: es-abstract@1.24.2 want: ^1.2.10
1890 silly placeDep ROOT string.prototype.trimend@1.0.9 OK for: es-abstract@1.24.2 want: ^1.0.9
1891 silly placeDep ROOT string.prototype.trimstart@1.0.8 OK for: es-abstract@1.24.2 want: ^1.0.8
1892 silly placeDep ROOT typed-array-buffer@1.0.3 OK for: es-abstract@1.24.2 want: ^1.0.3
1893 silly placeDep ROOT typed-array-byte-length@1.0.3 OK for: es-abstract@1.24.2 want: ^1.0.3
1894 silly placeDep ROOT typed-array-byte-offset@1.0.4 OK for: es-abstract@1.24.2 want: ^1.0.4
1895 silly placeDep ROOT typed-array-length@1.0.7 OK for: es-abstract@1.24.2 want: ^1.0.7
1896 silly placeDep ROOT unbox-primitive@1.1.0 OK for: es-abstract@1.24.2 want: ^1.1.0
1897 silly placeDep ROOT which-typed-array@1.1.20 OK for: es-abstract@1.24.2 want: ^1.1.19
1898 silly fetch manifest possible-typed-array-names@^1.0.0
1899 silly fetch manifest is-date-object@^1.0.5
1900 silly fetch manifest is-symbol@^1.0.4
1901 silly fetch manifest isarray@^2.0.5
1902 silly fetch manifest for-each@^0.3.3
1903 silly fetch manifest reflect.getprototypeof@^1.0.9
1904 silly fetch manifest reflect.getprototypeof@^1.0.6
1905 silly fetch manifest has-bigints@^1.0.2
1906 silly fetch manifest which-boxed-primitive@^1.1.1
1907 silly fetch manifest for-each@^0.3.5
1908 http fetch GET 200 https://registry.npmjs.org/isarray 36ms (cache revalidated)
1909 http fetch GET 200 https://registry.npmjs.org/possible-typed-array-names 41ms (cache revalidated)
1910 http fetch GET 200 https://registry.npmjs.org/is-symbol 40ms (cache revalidated)
1911 http fetch GET 200 https://registry.npmjs.org/is-date-object 41ms (cache revalidated)
1912 http fetch GET 200 https://registry.npmjs.org/which-boxed-primitive 42ms (cache revalidated)
1913 http fetch GET 200 https://registry.npmjs.org/for-each 44ms (cache revalidated)
1914 http fetch GET 200 https://registry.npmjs.org/reflect.getprototypeof 44ms (cache revalidated)
1915 http fetch GET 200 https://registry.npmjs.org/has-bigints 44ms (cache revalidated)
1916 http fetch GET 200 https://registry.npmjs.org/reflect.getprototypeof 56ms (cache revalidated)
1917 http fetch GET 200 https://registry.npmjs.org/for-each 57ms (cache revalidated)
1918 timing idealTree:node_modules/es-abstract Completed in 122ms
1919 timing idealTree:node_modules/array-buffer-byte-length Completed in 0ms
1920 timing idealTree:node_modules/arraybuffer.prototype.slice Completed in 0ms
1921 silly placeDep ROOT possible-typed-array-names@1.1.0 OK for: available-typed-arrays@1.0.7 want: ^1.0.0
1922 timing idealTree:node_modules/available-typed-arrays Completed in 2ms
1923 timing idealTree:node_modules/data-view-buffer Completed in 0ms
1924 timing idealTree:node_modules/data-view-byte-length Completed in 0ms
1925 timing idealTree:node_modules/data-view-byte-offset Completed in 0ms
1926 silly placeDep ROOT is-date-object@1.1.0 OK for: es-to-primitive@1.3.0 want: ^1.0.5
1927 silly placeDep ROOT is-symbol@1.1.1 OK for: es-to-primitive@1.3.0 want: ^1.0.4
1928 timing idealTree:node_modules/es-to-primitive Completed in 3ms
1929 silly placeDep ROOT functions-have-names@1.2.3 OK for: function.prototype.name@1.1.8 want: ^1.2.3
1930 timing idealTree:node_modules/function.prototype.name Completed in 2ms
1931 timing idealTree:node_modules/functions-have-names Completed in 0ms
1932 timing idealTree:node_modules/get-symbol-description Completed in 0ms
1933 timing idealTree:node_modules/globalthis Completed in 0ms
1934 timing idealTree:node_modules/has-property-descriptors Completed in 0ms
1935 timing idealTree:node_modules/has-proto Completed in 0ms
1936 timing idealTree:node_modules/internal-slot Completed in 0ms
1937 timing idealTree:node_modules/is-array-buffer Completed in 0ms
1938 timing idealTree:node_modules/is-callable Completed in 0ms
1939 timing idealTree:node_modules/is-data-view Completed in 0ms
1940 timing idealTree:node_modules/is-date-object Completed in 0ms
1941 timing idealTree:node_modules/is-negative-zero Completed in 0ms
1942 timing idealTree:node_modules/is-regex Completed in 0ms
1943 timing idealTree:node_modules/is-set Completed in 0ms
1944 timing idealTree:node_modules/is-shared-array-buffer Completed in 0ms
1945 timing idealTree:node_modules/is-string Completed in 0ms
1946 timing idealTree:node_modules/is-symbol Completed in 0ms
1947 timing idealTree:node_modules/is-typed-array Completed in 0ms
1948 timing idealTree:node_modules/is-weakref Completed in 0ms
1949 timing idealTree:node_modules/object-inspect Completed in 0ms
1950 timing idealTree:node_modules/object-keys Completed in 0ms
1951 timing idealTree:node_modules/object.assign Completed in 0ms
1952 timing idealTree:node_modules/own-keys Completed in 0ms
1953 timing idealTree:node_modules/possible-typed-array-names Completed in 0ms
1954 timing idealTree:node_modules/regexp.prototype.flags Completed in 0ms
1955 silly placeDep ROOT isarray@2.0.5 OK for: safe-array-concat@1.1.4 want: ^2.0.5
1956 timing idealTree:node_modules/safe-array-concat Completed in 1ms
1957 timing idealTree:node_modules/isarray Completed in 0ms
1958 timing idealTree:node_modules/safe-push-apply Completed in 0ms
1959 timing idealTree:node_modules/safe-regex-test Completed in 0ms
1960 timing idealTree:node_modules/set-function-length Completed in 0ms
1961 timing idealTree:node_modules/set-function-name Completed in 0ms
1962 timing idealTree:node_modules/set-proto Completed in 0ms
1963 silly placeDep ROOT side-channel-list@1.0.1 OK for: side-channel@1.1.0 want: ^1.0.0
1964 silly placeDep ROOT side-channel-map@1.0.1 OK for: side-channel@1.1.0 want: ^1.0.1
1965 silly placeDep ROOT side-channel-weakmap@1.0.2 OK for: side-channel@1.1.0 want: ^1.0.2
1966 timing idealTree:node_modules/side-channel Completed in 6ms
1967 timing idealTree:node_modules/side-channel-list Completed in 0ms
1968 timing idealTree:node_modules/side-channel-map Completed in 0ms
1969 timing idealTree:node_modules/side-channel-weakmap Completed in 0ms
1970 timing idealTree:node_modules/stop-iteration-iterator Completed in 0ms
1971 timing idealTree:node_modules/string.prototype.trim Completed in 0ms
1972 timing idealTree:node_modules/string.prototype.trimend Completed in 0ms
1973 timing idealTree:node_modules/string.prototype.trimstart Completed in 0ms
1974 silly placeDep ROOT get-own-enumerable-property-symbols@3.0.2 OK for: stringify-object@3.3.0 want: ^3.0.0
1975 silly placeDep ROOT is-obj@1.0.1 OK for: stringify-object@3.3.0 want: ^1.0.1
1976 silly placeDep ROOT is-regexp@1.0.0 OK for: stringify-object@3.3.0 want: ^1.0.0
1977 timing idealTree:node_modules/stringify-object Completed in 4ms
1978 timing idealTree:node_modules/get-own-enumerable-property-symbols Completed in 0ms
1979 timing idealTree:node_modules/is-obj Completed in 0ms
1980 timing idealTree:node_modules/is-regexp Completed in 0ms
1981 timing idealTree:node_modules/strip-comments Completed in 0ms
1982 silly placeDep ROOT is-stream@2.0.1 OK for: tempy@0.6.0 want: ^2.0.0
1983 silly placeDep ROOT temp-dir@2.0.0 OK for: tempy@0.6.0 want: ^2.0.0
1984 silly placeDep ROOT type-fest@0.16.0 OK for: tempy@0.6.0 want: ^0.16.0
1985 silly placeDep ROOT unique-string@2.0.0 OK for: tempy@0.6.0 want: ^2.0.0
1986 silly fetch manifest crypto-random-string@^2.0.0
1987 http fetch GET 200 https://registry.npmjs.org/crypto-random-string 43ms (cache revalidated)
1988 timing idealTree:node_modules/tempy Completed in 51ms
1989 timing idealTree:node_modules/is-stream Completed in 0ms
1990 timing idealTree:node_modules/temp-dir Completed in 0ms
1991 silly placeDep ROOT @jridgewell/source-map@0.3.11 OK for: terser@5.48.0 want: ^0.3.3
1992 silly placeDep ROOT acorn@8.16.0 OK for: terser@5.48.0 want: ^8.15.0
1993 silly placeDep node_modules/terser commander@2.20.3 OK for: terser@5.48.0 want: ^2.20.0
1994 silly placeDep ROOT source-map-support@0.5.21 OK for: terser@5.48.0 want: ~0.5.20
1995 silly fetch manifest buffer-from@^1.0.0
1996 silly fetch manifest source-map@^0.6.0
1997 http fetch GET 200 https://registry.npmjs.org/buffer-from 40ms (cache revalidated)
1998 timing idealTree:node_modules/terser Completed in 47ms
1999 timing idealTree:node_modules/@jridgewell/source-map Completed in 0ms
2000 timing idealTree:node_modules/acorn Completed in 0ms
2001 silly placeDep ROOT buffer-from@1.1.2 OK for: source-map-support@0.5.21 want: ^1.0.0
2002 silly placeDep node_modules/source-map-support source-map@0.6.1 OK for: source-map-support@0.5.21 want: ^0.6.0
2003 timing idealTree:node_modules/source-map-support Completed in 4ms
2004 timing idealTree:node_modules/buffer-from Completed in 0ms
2005 timing idealTree:node_modules/type-fest Completed in 0ms
2006 timing idealTree:node_modules/typed-array-buffer Completed in 0ms
2007 silly placeDep ROOT for-each@0.3.5 OK for: typed-array-byte-length@1.0.3 want: ^0.3.3
2008 timing idealTree:node_modules/typed-array-byte-length Completed in 2ms
2009 timing idealTree:node_modules/for-each Completed in 0ms
2010 silly placeDep ROOT reflect.getprototypeof@1.0.10 OK for: typed-array-byte-offset@1.0.4 want: ^1.0.9
2011 silly fetch manifest which-builtin-type@^1.2.1
2012 http fetch GET 200 https://registry.npmjs.org/which-builtin-type 44ms (cache revalidated)
2013 timing idealTree:node_modules/typed-array-byte-offset Completed in 48ms
2014 silly placeDep ROOT which-builtin-type@1.2.1 OK for: reflect.getprototypeof@1.0.10 want: ^1.2.1
2015 silly fetch manifest is-async-function@^2.0.0
2016 silly fetch manifest is-finalizationregistry@^1.1.0
2017 silly fetch manifest is-generator-function@^1.0.10
2018 silly fetch manifest which-boxed-primitive@^1.1.0
2019 silly fetch manifest which-collection@^1.0.2
2020 http fetch GET 200 https://registry.npmjs.org/which-collection 30ms (cache revalidated)
2021 http fetch GET 200 https://registry.npmjs.org/is-generator-function 33ms (cache revalidated)
2022 http fetch GET 200 https://registry.npmjs.org/is-async-function 38ms (cache revalidated)
2023 http fetch GET 200 https://registry.npmjs.org/is-finalizationregistry 47ms (cache revalidated)
2024 timing idealTree:node_modules/reflect.getprototypeof Completed in 51ms
2025 timing idealTree:node_modules/typed-array-length Completed in 0ms
2026 silly placeDep ROOT has-bigints@1.1.0 OK for: unbox-primitive@1.1.0 want: ^1.0.2
2027 silly placeDep ROOT which-boxed-primitive@1.1.1 OK for: unbox-primitive@1.1.0 want: ^1.1.1
2028 silly fetch manifest is-bigint@^1.1.0
2029 silly fetch manifest is-boolean-object@^1.2.1
2030 silly fetch manifest is-number-object@^1.1.1
2031 http fetch GET 200 https://registry.npmjs.org/is-number-object 42ms (cache revalidated)
2032 http fetch GET 200 https://registry.npmjs.org/is-bigint 43ms (cache revalidated)
2033 http fetch GET 200 https://registry.npmjs.org/is-boolean-object 43ms (cache revalidated)
2034 timing idealTree:node_modules/unbox-primitive Completed in 50ms
2035 timing idealTree:node_modules/has-bigints Completed in 0ms
2036 silly placeDep ROOT unicode-canonical-property-names-ecmascript@2.0.1 OK for: unicode-match-property-ecmascript@2.0.0 want: ^2.0.0
2037 silly placeDep ROOT unicode-property-aliases-ecmascript@2.2.0 OK for: unicode-match-property-ecmascript@2.0.0 want: ^2.0.0
2038 timing idealTree:node_modules/unicode-match-property-ecmascript Completed in 3ms
2039 timing idealTree:node_modules/unicode-canonical-property-names-ecmascript Completed in 0ms
2040 timing idealTree:node_modules/unicode-match-property-value-ecmascript Completed in 0ms
2041 timing idealTree:node_modules/unicode-property-aliases-ecmascript Completed in 0ms
2042 silly placeDep ROOT crypto-random-string@2.0.0 OK for: unique-string@2.0.0 want: ^2.0.0
2043 timing idealTree:node_modules/unique-string Completed in 1ms
2044 timing idealTree:node_modules/crypto-random-string Completed in 0ms
2045 timing idealTree:node_modules/universalify Completed in 0ms
2046 timing idealTree:node_modules/upath Completed in 0ms
2047 silly placeDep ROOT lodash.sortby@4.7.0 OK for: whatwg-url@7.1.0 want: ^4.7.0
2048 silly placeDep ROOT tr46@1.0.1 OK for: whatwg-url@7.1.0 want: ^1.0.1
2049 silly placeDep ROOT webidl-conversions@4.0.2 OK for: whatwg-url@7.1.0 want: ^4.0.2
2050 silly fetch manifest punycode@^2.1.0
2051 http fetch GET 200 https://registry.npmjs.org/punycode 31ms (cache revalidated)
2052 timing idealTree:node_modules/whatwg-url Completed in 36ms
2053 timing idealTree:node_modules/lodash.sortby Completed in 0ms
2054 silly placeDep ROOT punycode@2.3.1 OK for: tr46@1.0.1 want: ^2.1.0
2055 timing idealTree:node_modules/tr46 Completed in 2ms
2056 timing idealTree:node_modules/punycode Completed in 0ms
2057 timing idealTree:node_modules/webidl-conversions Completed in 0ms
2058 silly placeDep ROOT is-bigint@1.1.0 OK for: which-boxed-primitive@1.1.1 want: ^1.1.0
2059 silly placeDep ROOT is-boolean-object@1.2.2 OK for: which-boxed-primitive@1.1.1 want: ^1.2.1
2060 silly placeDep ROOT is-number-object@1.1.1 OK for: which-boxed-primitive@1.1.1 want: ^1.1.1
2061 timing idealTree:node_modules/which-boxed-primitive Completed in 5ms
2062 timing idealTree:node_modules/is-bigint Completed in 0ms
2063 timing idealTree:node_modules/is-boolean-object Completed in 0ms
2064 timing idealTree:node_modules/is-number-object Completed in 0ms
2065 silly placeDep ROOT is-async-function@2.1.1 OK for: which-builtin-type@1.2.1 want: ^2.0.0
2066 silly placeDep ROOT is-finalizationregistry@1.1.1 OK for: which-builtin-type@1.2.1 want: ^1.1.0
2067 silly placeDep ROOT is-generator-function@1.1.2 OK for: which-builtin-type@1.2.1 want: ^1.0.10
2068 silly placeDep ROOT which-collection@1.0.2 OK for: which-builtin-type@1.2.1 want: ^1.0.2
2069 silly fetch manifest async-function@^1.0.0
2070 silly fetch manifest generator-function@^2.0.0
2071 silly fetch manifest is-map@^2.0.3
2072 silly fetch manifest is-weakmap@^2.0.2
2073 silly fetch manifest is-weakset@^2.0.3
2074 http fetch GET 200 https://registry.npmjs.org/is-weakset 32ms (cache revalidated)
2075 http fetch GET 200 https://registry.npmjs.org/is-weakmap 38ms (cache revalidated)
2076 http fetch GET 200 https://registry.npmjs.org/async-function 39ms (cache revalidated)
2077 http fetch GET 200 https://registry.npmjs.org/is-map 39ms (cache revalidated)
2078 http fetch GET 200 https://registry.npmjs.org/generator-function 49ms (cache revalidated)
2079 timing idealTree:node_modules/which-builtin-type Completed in 56ms
2080 silly placeDep ROOT async-function@1.0.0 OK for: is-async-function@2.1.1 want: ^1.0.0
2081 timing idealTree:node_modules/is-async-function Completed in 2ms
2082 timing idealTree:node_modules/async-function Completed in 0ms
2083 timing idealTree:node_modules/is-finalizationregistry Completed in 0ms
2084 silly placeDep ROOT generator-function@2.0.1 OK for: is-generator-function@1.1.2 want: ^2.0.0
2085 timing idealTree:node_modules/is-generator-function Completed in 2ms
2086 timing idealTree:node_modules/generator-function Completed in 0ms
2087 silly placeDep ROOT is-map@2.0.3 OK for: which-collection@1.0.2 want: ^2.0.3
2088 silly placeDep ROOT is-weakmap@2.0.2 OK for: which-collection@1.0.2 want: ^2.0.2
2089 silly placeDep ROOT is-weakset@2.0.4 OK for: which-collection@1.0.2 want: ^2.0.3
2090 timing idealTree:node_modules/which-collection Completed in 4ms
2091 timing idealTree:node_modules/is-map Completed in 0ms
2092 timing idealTree:node_modules/is-weakmap Completed in 0ms
2093 timing idealTree:node_modules/is-weakset Completed in 0ms
2094 timing idealTree:node_modules/which-typed-array Completed in 0ms
2095 silly placeDep ROOT idb@7.1.1 OK for: workbox-background-sync@7.4.1 want: ^7.0.1
2096 timing idealTree:node_modules/workbox-background-sync Completed in 2ms
2097 timing idealTree:node_modules/idb Completed in 0ms
2098 timing idealTree:node_modules/workbox-broadcast-update Completed in 0ms
2099 timing idealTree:node_modules/workbox-cacheable-response Completed in 0ms
2100 timing idealTree:node_modules/workbox-core Completed in 0ms
2101 timing idealTree:node_modules/workbox-expiration Completed in 0ms
2102 timing idealTree:node_modules/workbox-google-analytics Completed in 0ms
2103 timing idealTree:node_modules/workbox-navigation-preload Completed in 0ms
2104 timing idealTree:node_modules/workbox-precaching Completed in 0ms
2105 timing idealTree:node_modules/workbox-range-requests Completed in 0ms
2106 timing idealTree:node_modules/workbox-recipes Completed in 0ms
2107 timing idealTree:node_modules/workbox-routing Completed in 0ms
2108 timing idealTree:node_modules/workbox-strategies Completed in 0ms
2109 timing idealTree:node_modules/workbox-streams Completed in 0ms
2110 timing idealTree:node_modules/workbox-sw Completed in 0ms
2111 silly placeDep ROOT @types/trusted-types@2.0.7 OK for: workbox-window@7.4.1 want: ^2.0.2
2112 timing idealTree:node_modules/workbox-window Completed in 2ms
2113 timing idealTree:node_modules/@types/trusted-types Completed in 0ms
2114 timing idealTree:node_modules/wrappy Completed in 0ms
2115 timing idealTree:node_modules/ws Completed in 0ms
2116 timing idealTree:node_modules/xmlhttprequest-ssl Completed in 0ms
2117 timing idealTree:node_modules/yallist Completed in 0ms
2118 silly placeDep ROOT use-sync-external-store@1.6.0 OK for: zustand@4.5.7 want: ^1.2.2
2119 timing idealTree:node_modules/zustand Completed in 5ms
2120 timing idealTree:node_modules/use-sync-external-store Completed in 0ms
2121 timing idealTree:node_modules/@rollup/pluginutils/node_modules/picomatch Completed in 0ms
2122 timing idealTree:node_modules/chokidar/node_modules/glob-parent Completed in 0ms
2123 timing idealTree:node_modules/fast-glob/node_modules/glob-parent Completed in 0ms
2124 silly placeDep node_modules/filelist brace-expansion@2.1.1 OK for: minimatch@5.1.9 want: ^2.0.1
2125 timing idealTree:node_modules/filelist/node_modules/minimatch Completed in 3ms
2126 timing idealTree:node_modules/filelist/node_modules/brace-expansion Completed in 0ms
2127 timing idealTree:node_modules/postcss-nested/node_modules/postcss-selector-parser Completed in 0ms
2128 timing idealTree:node_modules/source-map-support/node_modules/source-map Completed in 0ms
2129 timing idealTree:node_modules/tailwindcss/node_modules/postcss-selector-parser Completed in 0ms
2130 timing idealTree:node_modules/terser/node_modules/commander Completed in 0ms
2131 timing idealTree:node_modules/tinyglobby/node_modules/fdir Completed in 0ms
2132 timing idealTree:node_modules/tinyglobby/node_modules/picomatch Completed in 0ms
2133 silly placeDep ROOT foreground-child@3.3.1 OK for: glob@11.1.0 want: ^3.3.1
2134 silly placeDep ROOT jackspeak@4.2.3 OK for: glob@11.1.0 want: ^4.1.1
2135 silly placeDep node_modules/workbox-build minimatch@10.2.5 OK for: glob@11.1.0 want: ^10.1.1
2136 silly placeDep ROOT minipass@7.1.3 OK for: glob@11.1.0 want: ^7.1.2
2137 silly placeDep ROOT package-json-from-dist@1.0.1 OK for: glob@11.1.0 want: ^1.0.0
2138 silly placeDep ROOT path-scurry@2.0.2 OK for: glob@11.1.0 want: ^2.0.0
2139 silly fetch manifest cross-spawn@^7.0.6
2140 silly fetch manifest signal-exit@^4.0.1
2141 silly fetch manifest @isaacs/cliui@^9.0.0
2142 silly fetch manifest brace-expansion@^5.0.5
2143 silly fetch manifest lru-cache@^11.0.0
2144 http fetch GET 200 https://registry.npmjs.org/cross-spawn 34ms (cache revalidated)
2145 http fetch GET 200 https://registry.npmjs.org/signal-exit 40ms (cache revalidated)
2146 http fetch GET 200 https://registry.npmjs.org/@isaacs%2fcliui 51ms (cache revalidated)
2147 timing idealTree:node_modules/workbox-build/node_modules/glob Completed in 65ms
2148 silly placeDep ROOT cross-spawn@7.0.6 OK for: foreground-child@3.3.1 want: ^7.0.6
2149 silly placeDep ROOT signal-exit@4.1.0 OK for: foreground-child@3.3.1 want: ^4.0.1
2150 silly fetch manifest which@^2.0.1
2151 silly fetch manifest path-key@^3.1.0
2152 silly fetch manifest shebang-command@^2.0.0
2153 http fetch GET 200 https://registry.npmjs.org/which 29ms (cache revalidated)
2154 http fetch GET 200 https://registry.npmjs.org/shebang-command 35ms (cache revalidated)
2155 http fetch GET 200 https://registry.npmjs.org/path-key 36ms (cache revalidated)
2156 timing idealTree:node_modules/foreground-child Completed in 40ms
2157 silly placeDep ROOT path-key@3.1.1 OK for: cross-spawn@7.0.6 want: ^3.1.0
2158 silly placeDep ROOT shebang-command@2.0.0 OK for: cross-spawn@7.0.6 want: ^2.0.0
2159 silly placeDep ROOT which@2.0.2 OK for: cross-spawn@7.0.6 want: ^2.0.1
2160 silly fetch manifest shebang-regex@^3.0.0
2161 silly fetch manifest isexe@^2.0.0
2162 http fetch GET 200 https://registry.npmjs.org/shebang-regex 28ms (cache revalidated)
2163 http fetch GET 200 https://registry.npmjs.org/isexe 35ms (cache revalidated)
2164 timing idealTree:node_modules/cross-spawn Completed in 41ms
2165 silly placeDep ROOT @isaacs/cliui@9.0.0 OK for: jackspeak@4.2.3 want: ^9.0.0
2166 timing idealTree:node_modules/jackspeak Completed in 2ms
2167 timing idealTree:node_modules/@isaacs/cliui Completed in 0ms
2168 timing idealTree:node_modules/minipass Completed in 0ms
2169 timing idealTree:node_modules/package-json-from-dist Completed in 0ms
2170 timing idealTree:node_modules/path-key Completed in 0ms
2171 silly placeDep node_modules/path-scurry lru-cache@11.5.0 OK for: path-scurry@2.0.2 want: ^11.0.0
2172 timing idealTree:node_modules/path-scurry Completed in 2ms
2173 silly placeDep ROOT shebang-regex@3.0.0 OK for: shebang-command@2.0.0 want: ^3.0.0
2174 timing idealTree:node_modules/shebang-command Completed in 1ms
2175 timing idealTree:node_modules/shebang-regex Completed in 0ms
2176 timing idealTree:node_modules/signal-exit Completed in 0ms
2177 silly placeDep ROOT isexe@2.0.0 OK for: which@2.0.2 want: ^2.0.0
2178 timing idealTree:node_modules/which Completed in 2ms
2179 timing idealTree:node_modules/isexe Completed in 0ms
2180 timing idealTree:node_modules/path-scurry/node_modules/lru-cache Completed in 0ms
2181 silly placeDep node_modules/workbox-build brace-expansion@5.0.6 OK for: minimatch@10.2.5 want: ^5.0.5
2182 silly fetch manifest balanced-match@^4.0.2
2183 timing idealTree:node_modules/workbox-build/node_modules/minimatch Completed in 2ms
2184 silly placeDep node_modules/workbox-build balanced-match@4.0.4 OK for: brace-expansion@5.0.6 want: ^4.0.2
2185 timing idealTree:node_modules/workbox-build/node_modules/brace-expansion Completed in 1ms
2186 timing idealTree:node_modules/workbox-build/node_modules/balanced-match Completed in 0ms
2187 timing idealTree:node_modules/workbox-build/node_modules/pretty-bytes Completed in 0ms
2188 timing idealTree:buildDeps Completed in 10297ms
2189 timing idealTree:fixDepFlags Completed in 6ms
2190 timing idealTree Completed in 10328ms
2191 timing reify:loadTrees Completed in 10330ms
2192 timing reify:diffTrees Completed in 10ms
2193 silly reify moves {}
2194 timing reify:retireShallow Completed in 2ms
2195 timing reify:createSparse Completed in 56ms
2196 timing reify:loadBundles Completed in 0ms
2197 silly audit bulk request {
2197 silly audit   '@tailwindcss/typography': [ '0.5.19' ],
2197 silly audit   tailwindcss: [ '3.4.19' ],
2197 silly audit   '@types/react': [ '18.3.29' ],
2197 silly audit   '@types/react-dom': [ '18.3.7' ],
2197 silly audit   '@vitejs/plugin-react': [ '4.7.0' ],
2197 silly audit   vite: [ '5.4.21' ],
2197 silly audit   autoprefixer: [ '10.5.0' ],
2197 silly audit   postcss: [ '8.5.15' ],
2197 silly audit   axios: [ '1.16.1' ],
2197 silly audit   'date-fns': [ '2.30.0' ],
2197 silly audit   'framer-motion': [ '10.18.0' ],
2197 silly audit   'lucide-react': [ '0.294.0' ],
2197 silly audit   react: [ '18.3.1' ],
2197 silly audit   'react-dom': [ '18.3.1' ],
2197 silly audit   'react-hot-toast': [ '2.6.0' ],
2197 silly audit   'react-intersection-observer': [ '9.16.0' ],
2197 silly audit   'react-query': [ '3.39.3' ],
2197 silly audit   'react-router-dom': [ '6.30.3' ],
2197 silly audit   'react-virtualized': [ '9.22.6' ],
2197 silly audit   'socket.io-client': [ '4.8.3' ],
2197 silly audit   typescript: [ '5.9.3' ],
2197 silly audit   'vite-plugin-pwa': [ '0.17.5' ],
2197 silly audit   zustand: [ '4.5.7' ],
2197 silly audit   'postcss-selector-parser': [ '6.0.10', '6.1.2' ],
2197 silly audit   '@types/prop-types': [ '15.7.15' ],
2197 silly audit   csstype: [ '3.2.3' ],
2197 silly audit   '@babel/core': [ '7.29.7' ],
2197 silly audit   '@babel/plugin-transform-react-jsx-self': [ '7.29.7' ],
2197 silly audit   '@babel/plugin-transform-react-jsx-source': [ '7.29.7' ],
2197 silly audit   '@rolldown/pluginutils': [ '1.0.0-beta.27' ],
2197 silly audit   '@types/babel__core': [ '7.20.5' ],
2197 silly audit   'react-refresh': [ '0.17.0' ],
2197 silly audit   '@babel/code-frame': [ '7.29.7' ],
2197 silly audit   '@babel/generator': [ '7.29.7' ],
2197 silly audit   '@babel/helper-compilation-targets': [ '7.29.7' ],
2197 silly audit   '@babel/helper-module-transforms': [ '7.29.7' ],
2197 silly audit   '@babel/helpers': [ '7.29.7' ],
2197 silly audit   '@babel/parser': [ '7.29.7' ],
2197 silly audit   '@babel/template': [ '7.29.7' ],
2197 silly audit   '@babel/traverse': [ '7.29.7' ],
2197 silly audit   '@babel/types': [ '7.29.7' ],
2197 silly audit   '@jridgewell/remapping': [ '2.3.5' ],
2197 silly audit   'convert-source-map': [ '2.0.0' ],
2197 silly audit   debug: [ '4.4.3' ],
2197 silly audit   gensync: [ '1.0.0-beta.2' ],
2197 silly audit   json5: [ '2.2.3' ],
2197 silly audit   semver: [ '6.3.1' ],
2197 silly audit   '@babel/helper-validator-identifier': [ '7.29.7' ],
2197 silly audit   'js-tokens': [ '4.0.0' ],
2197 silly audit   picocolors: [ '1.1.1' ],
2197 silly audit   '@jridgewell/gen-mapping': [ '0.3.13' ],
2197 silly audit   '@jridgewell/trace-mapping': [ '0.3.31' ],
2197 silly audit   jsesc: [ '3.1.0' ],
2197 silly audit   '@babel/compat-data': [ '7.29.7' ],
2197 silly audit   '@babel/helper-validator-option': [ '7.29.7' ],
2197 silly audit   browserslist: [ '4.28.2' ],
2197 silly audit   'lru-cache': [ '5.1.1', '11.5.0' ],
2197 silly audit   '@babel/helper-module-imports': [ '7.29.7' ],
2197 silly audit   '@babel/helper-plugin-utils': [ '7.29.7' ],
2197 silly audit   '@babel/helper-globals': [ '7.29.7' ],
2197 silly audit   '@babel/helper-string-parser': [ '7.29.7' ],
2197 silly audit   '@jridgewell/sourcemap-codec': [ '1.5.5' ],
2197 silly audit   '@jridgewell/resolve-uri': [ '3.1.2' ],
2197 silly audit   '@types/babel__generator': [ '7.27.0' ],
2197 silly audit   '@types/babel__template': [ '7.4.4' ],
2197 silly audit   '@types/babel__traverse': [ '7.28.0' ],
2197 silly audit   'caniuse-lite': [ '1.0.30001793' ],
2197 silly audit   'fraction.js': [ '5.3.4' ],
2197 silly audit   'postcss-value-parser': [ '4.2.0' ],
2197 silly audit   'follow-redirects': [ '1.16.0' ],
2197 silly audit   'form-data': [ '4.0.5' ],
2197 silly audit   'https-proxy-agent': [ '5.0.1' ],
2197 silly audit   'proxy-from-env': [ '2.1.0' ],
2197 silly audit   'baseline-browser-mapping': [ '2.10.32' ],
2197 silly audit   'electron-to-chromium': [ '1.5.361' ],
2197 silly audit   'node-releases': [ '2.0.46' ],
2197 silly audit   'update-browserslist-db': [ '1.2.3' ],
2197 silly audit   '@babel/runtime': [ '7.29.7' ],
2197 silly audit   ms: [ '2.1.3' ],
2197 silly audit   asynckit: [ '0.4.0' ],
2197 silly audit   'combined-stream': [ '1.0.8' ],
2197 silly audit   'es-set-tostringtag': [ '2.1.0' ],
2197 silly audit   hasown: [ '2.0.3' ],
2197 silly audit   'mime-types': [ '2.1.35' ],
2197 silly audit   'delayed-stream': [ '1.0.0' ],
2197 silly audit   'es-errors': [ '1.3.0' ],
2197 silly audit   'get-intrinsic': [ '1.3.0' ],
2197 silly audit   'has-tostringtag': [ '1.0.2' ],
2197 silly audit   '@emotion/is-prop-valid': [ '0.8.8' ],
2197 silly audit   tslib: [ '2.8.1' ],
2197 silly audit   '@emotion/memoize': [ '0.7.4' ],
2197 silly audit   'call-bind-apply-helpers': [ '1.0.2' ],
2197 silly audit   'es-define-property': [ '1.0.1' ],
2197 silly audit   'es-object-atoms': [ '1.1.2' ],
2197 silly audit   'function-bind': [ '1.1.2' ],
2197 silly audit   'get-proto': [ '1.0.1' ],
2197 silly audit   gopd: [ '1.2.0' ],
2197 silly audit   'has-symbols': [ '1.1.0' ],
2197 silly audit   'math-intrinsics': [ '1.1.0' ],
2197 silly audit   'dunder-proto': [ '1.0.1' ],
2197 silly audit   'agent-base': [ '6.0.2' ],
2197 silly audit   yallist: [ '3.1.1' ],
2197 silly audit   'mime-db': [ '1.52.0' ],
2197 silly audit   nanoid: [ '3.3.12' ],
2197 silly audit   'source-map-js': [ '1.2.1' ],
2197 silly audit   cssesc: [ '3.0.0' ],
2197 silly audit   'util-deprecate': [ '1.0.2' ],
2197 silly audit   'loose-envify': [ '1.4.0' ],
2197 silly audit   scheduler: [ '0.23.2' ],
2197 silly audit   goober: [ '2.1.19' ],
2197 silly audit   'broadcast-channel': [ '3.7.0' ],
2197 silly audit   'match-sorter': [ '6.3.4' ],
2197 silly audit   'detect-node': [ '2.1.0' ],
2197 silly audit   'js-sha3': [ '0.8.0' ],
2197 silly audit   microseconds: [ '0.2.0' ],
2197 silly audit   'nano-time': [ '1.0.0' ],
2197 silly audit   'oblivious-set': [ '1.0.0' ],
2197 silly audit   rimraf: [ '3.0.2' ],
2197 silly audit   unload: [ '2.2.0' ],
2197 silly audit   'remove-accents': [ '0.5.0' ],
2197 silly audit   'big-integer': [ '1.6.52' ],
2197 silly audit   '@remix-run/router': [ '1.23.2' ],
2197 silly audit   'react-router': [ '6.30.3' ],
2197 silly audit   clsx: [ '1.2.1' ],
2197 silly audit   'dom-helpers': [ '5.2.1' ],
2197 silly audit   'prop-types': [ '15.8.1' ],
2197 silly audit   'react-lifecycles-compat': [ '3.0.4' ],
2197 silly audit   'object-assign': [ '4.1.1' ],
2197 silly audit   'react-is': [ '16.13.1' ],
2197 silly audit   glob: [ '7.2.3', '11.1.0' ],
2197 silly audit   'fs.realpath': [ '1.0.0' ],
2197 silly audit   inflight: [ '1.0.6' ],
2197 silly audit   inherits: [ '2.0.4' ],
2197 silly audit   minimatch: [ '3.1.5', '5.1.9', '10.2.5' ],
2197 silly audit   once: [ '1.4.0' ],
2197 silly audit   'path-is-absolute': [ '1.0.1' ],
2197 silly audit   wrappy: [ '1.0.2' ],
2197 silly audit   'brace-expansion': [ '1.1.14', '2.1.1', '5.0.6' ],
2197 silly audit   'balanced-match': [ '1.0.2', '4.0.4' ],
2197 silly audit   'concat-map': [ '0.0.1' ],
2197 silly audit   '@socket.io/component-emitter': [ '3.1.2' ],
2197 silly audit   'engine.io-client': [ '6.6.5' ],
2197 silly audit   'socket.io-parser': [ '4.2.6' ],
2197 silly audit   'engine.io-parser': [ '5.2.3' ],
2197 silly audit   ws: [ '8.20.1' ],
2197 silly audit   'xmlhttprequest-ssl': [ '2.1.2' ],
2197 silly audit   '@alloc/quick-lru': [ '5.2.0' ],
2197 silly audit   arg: [ '5.0.2' ],
2197 silly audit   chokidar: [ '3.6.0' ],
2197 silly audit   didyoumean: [ '1.2.2' ],
2197 silly audit   dlv: [ '1.1.3' ],
2197 silly audit   'fast-glob': [ '3.3.3' ],
2197 silly audit   'glob-parent': [ '6.0.2', '5.1.2' ],
2197 silly audit   'is-glob': [ '4.0.3' ],
2197 silly audit   jiti: [ '1.21.7' ],
2197 silly audit   lilconfig: [ '3.1.3' ],
2197 silly audit   micromatch: [ '4.0.8' ],
2197 silly audit   'normalize-path': [ '3.0.0' ],
2197 silly audit   'object-hash': [ '3.0.0' ],
2197 silly audit   'postcss-import': [ '15.1.0' ],
2197 silly audit   'postcss-js': [ '4.1.0' ],
2197 silly audit   'postcss-load-config': [ '6.0.1' ],
2197 silly audit   'postcss-nested': [ '6.2.0' ],
2197 silly audit   resolve: [ '1.22.12' ],
2197 silly audit   sucrase: [ '3.35.1' ],
2197 silly audit   anymatch: [ '3.1.3' ],
2197 silly audit   braces: [ '3.0.3' ],
2197 silly audit   fsevents: [ '2.3.3' ],
2197 silly audit   'is-binary-path': [ '2.1.0' ],
2197 silly audit   readdirp: [ '3.6.0' ],
2197 silly audit   picomatch: [ '2.3.2', '4.0.4' ],
2197 silly audit   'fill-range': [ '7.1.1' ],
2197 silly audit   '@nodelib/fs.stat': [ '2.0.5' ],
2197 silly audit   '@nodelib/fs.walk': [ '1.2.8' ],
2197 silly audit   merge2: [ '1.4.1' ],
2197 silly audit   '@nodelib/fs.scandir': [ '2.1.5' ],
2197 silly audit   fastq: [ '1.20.1' ],
2197 silly audit   'run-parallel': [ '1.2.0' ],
2197 silly audit   reusify: [ '1.1.0' ],
2197 silly audit   'to-regex-range': [ '5.0.1' ],
2197 silly audit   'binary-extensions': [ '2.3.0' ],
2197 silly audit   'is-extglob': [ '2.1.1' ],
2197 silly audit   'read-cache': [ '1.0.0' ],
2197 silly audit   'camelcase-css': [ '2.0.1' ],
2197 silly audit   pify: [ '2.3.0' ],
2197 silly audit   'is-core-module': [ '2.16.2' ],
2197 silly audit   'path-parse': [ '1.0.7' ],
2197 silly audit   'supports-preserve-symlinks-flag': [ '1.0.0' ],
2197 silly audit   'queue-microtask': [ '1.2.3' ],
2197 silly audit   commander: [ '4.1.1', '2.20.3' ],
2197 silly audit   'lines-and-columns': [ '1.2.4' ],
2197 silly audit   mz: [ '2.7.0' ],
2197 silly audit   pirates: [ '4.0.7' ],
2197 silly audit   tinyglobby: [ '0.2.16' ],
2197 silly audit   'ts-interface-checker': [ '0.1.13' ],
2197 silly audit   'any-promise': [ '1.3.0' ],
2197 silly audit   'thenify-all': [ '1.6.0' ],
2197 silly audit   thenify: [ '3.3.1' ],
2197 silly audit   fdir: [ '6.5.0' ],
2197 silly audit   'is-number': [ '7.0.0' ],
2197 silly audit   escalade: [ '3.2.0' ],
2197 silly audit   esbuild: [ '0.21.5' ],
2197 silly audit   rollup: [ '4.60.4' ],
2197 silly audit   '@esbuild/aix-ppc64': [ '0.21.5' ],
2197 silly audit   '@esbuild/android-arm': [ '0.21.5' ],
2197 silly audit   '@esbuild/android-arm64': [ '0.21.5' ],
2197 silly audit   '@esbuild/android-x64': [ '0.21.5' ],
2197 silly audit   '@esbuild/darwin-arm64': [ '0.21.5' ],
2197 silly audit   '@esbuild/darwin-x64': [ '0.21.5' ],
2197 silly audit   '@esbuild/freebsd-arm64': [ '0.21.5' ],
2197 silly audit   '@esbuild/freebsd-x64': [ '0.21.5' ],
2197 silly audit   '@esbuild/linux-arm': [ '0.21.5' ],
2197 silly audit   '@esbuild/linux-arm64': [ '0.21.5' ],
2197 silly audit   '@esbuild/linux-ia32': [ '0.21.5' ],
2197 silly audit   '@esbuild/linux-loong64': [ '0.21.5' ],
2197 silly audit   '@esbuild/linux-mips64el': [ '0.21.5' ],
2197 silly audit   '@esbuild/linux-ppc64': [ '0.21.5' ],
2197 silly audit   '@esbuild/linux-riscv64': [ '0.21.5' ],
2197 silly audit   '@esbuild/linux-s390x': [ '0.21.5' ],
2197 silly audit   '@esbuild/linux-x64': [ '0.21.5' ],
2197 silly audit   '@esbuild/netbsd-x64': [ '0.21.5' ],
2197 silly audit   '@esbuild/openbsd-x64': [ '0.21.5' ],
2197 silly audit   '@esbuild/sunos-x64': [ '0.21.5' ],
2197 silly audit   '@esbuild/win32-arm64': [ '0.21.5' ],
2197 silly audit   '@esbuild/win32-ia32': [ '0.21.5' ],
2197 silly audit   '@esbuild/win32-x64': [ '0.21.5' ],
2197 silly audit   '@rollup/rollup-android-arm-eabi': [ '4.60.4' ],
2197 silly audit   '@rollup/rollup-android-arm64': [ '4.60.4' ],
2197 silly audit   '@rollup/rollup-darwin-arm64': [ '4.60.4' ],
2197 silly audit   '@rollup/rollup-darwin-x64': [ '4.60.4' ],
2197 silly audit   '@rollup/rollup-freebsd-arm64': [ '4.60.4' ],
2197 silly audit   '@rollup/rollup-freebsd-x64': [ '4.60.4' ],
2197 silly audit   '@rollup/rollup-linux-arm-gnueabihf': [ '4.60.4' ],
2197 silly audit   '@rollup/rollup-linux-arm-musleabihf': [ '4.60.4' ],
2197 silly audit   '@rollup/rollup-linux-arm64-gnu': [ '4.60.4' ],
2197 silly audit   '@rollup/rollup-linux-arm64-musl': [ '4.60.4' ],
2197 silly audit   '@rollup/rollup-linux-loong64-gnu': [ '4.60.4' ],
2197 silly audit   '@rollup/rollup-linux-loong64-musl': [ '4.60.4' ],
2197 silly audit   '@rollup/rollup-linux-ppc64-gnu': [ '4.60.4' ],
2197 silly audit   '@rollup/rollup-linux-ppc64-musl': [ '4.60.4' ],
2197 silly audit   '@rollup/rollup-linux-riscv64-gnu': [ '4.60.4' ],
2197 silly audit   '@rollup/rollup-linux-riscv64-musl': [ '4.60.4' ],
2197 silly audit   '@rollup/rollup-linux-s390x-gnu': [ '4.60.4' ],
2197 silly audit   '@rollup/rollup-linux-x64-gnu': [ '4.60.4' ],
2197 silly audit   '@rollup/rollup-linux-x64-musl': [ '4.60.4' ],
2197 silly audit   '@rollup/rollup-openbsd-x64': [ '4.60.4' ],
2197 silly audit   '@rollup/rollup-openharmony-arm64': [ '4.60.4' ],
2197 silly audit   '@rollup/rollup-win32-arm64-msvc': [ '4.60.4' ],
2197 silly audit   '@rollup/rollup-win32-ia32-msvc': [ '4.60.4' ],
2197 silly audit   '@rollup/rollup-win32-x64-gnu': [ '4.60.4' ],
2197 silly audit   '@rollup/rollup-win32-x64-msvc': [ '4.60.4' ],
2197 silly audit   '@types/estree': [ '1.0.8' ],
2197 silly audit   'pretty-bytes': [ '6.1.1', '5.6.0' ],
2197 silly audit   'workbox-build': [ '7.4.1' ],
2197 silly audit   'workbox-window': [ '7.4.1' ],
2197 silly audit   '@apideck/better-ajv-errors': [ '0.3.7' ],
2197 silly audit   ajv: [ '8.20.0' ],
2197 silly audit   '@babel/preset-env': [ '7.29.7' ],
2197 silly audit   '@rollup/plugin-babel': [ '6.1.0' ],
2197 silly audit   '@rollup/plugin-node-resolve': [ '16.0.3' ],
2197 silly audit   '@rollup/plugin-replace': [ '6.0.3' ],
2197 silly audit   '@rollup/plugin-terser': [ '1.0.0' ],
2197 silly audit   '@trickfilm400/rollup-plugin-off-main-thread': [ '3.0.0-pre1' ],
2197 silly audit   'common-tags': [ '1.8.2' ],
2197 silly audit   eta: [ '4.6.0' ],
2197 silly audit   'fast-json-stable-stringify': [ '2.1.0' ],
2197 silly audit   'fs-extra': [ '9.1.0' ],
2197 silly audit   'source-map': [ '0.8.0-beta.0', '0.6.1' ],
2197 silly audit   'stringify-object': [ '3.3.0' ],
2197 silly audit   'strip-comments': [ '2.0.1' ],
2197 silly audit   tempy: [ '0.6.0' ],
2197 silly audit   upath: [ '1.2.0' ],
2197 silly audit   'workbox-background-sync': [ '7.4.1' ],
2197 silly audit   'workbox-broadcast-update': [ '7.4.1' ],
2197 silly audit   'workbox-cacheable-response': [ '7.4.1' ],
2197 silly audit   'workbox-core': [ '7.4.1' ],
2197 silly audit   'workbox-expiration': [ '7.4.1' ],
2197 silly audit   'workbox-google-analytics': [ '7.4.1' ],
2197 silly audit   'workbox-navigation-preload': [ '7.4.1' ],
2197 silly audit   'workbox-precaching': [ '7.4.1' ],
2197 silly audit   'workbox-range-requests': [ '7.4.1' ],
2197 silly audit   'workbox-recipes': [ '7.4.1' ],
2197 silly audit   'workbox-routing': [ '7.4.1' ],
2197 silly audit   'workbox-strategies': [ '7.4.1' ],
2197 silly audit   'workbox-streams': [ '7.4.1' ],
2197 silly audit   'workbox-sw': [ '7.4.1' ],
2197 silly audit   jsonpointer: [ '5.0.1' ],
2197 silly audit   leven: [ '3.1.0' ],
2197 silly audit   '@babel/plugin-bugfix-firefox-class-in-computed-class-key': [ '7.29.7' ],
2197 silly audit   '@babel/plugin-bugfix-safari-class-field-initializer-scope': [ '7.29.7' ],
2197 silly audit   '@babel/plugin-bugfix-safari-id-destructuring-collision-in-function-expression': [ '7.29.7' ],
2197 silly audit   '@babel/plugin-bugfix-safari-rest-destructuring-rhs-array': [ '7.29.7' ],
2197 silly audit   '@babel/plugin-bugfix-v8-spread-parameters-in-optional-chaining': [ '7.29.7' ],
2197 silly audit   '@babel/plugin-bugfix-v8-static-class-fields-redefine-readonly': [ '7.29.7' ],
2197 silly audit   '@babel/plugin-proposal-private-property-in-object': [ '7.21.0-placeholder-for-preset-env.2' ],
2197 silly audit   '@babel/plugin-syntax-import-assertions': [ '7.29.7' ],
2197 silly audit   '@babel/plugin-syntax-import-attributes': [ '7.29.7' ],
2197 silly audit   '@babel/plugin-syntax-unicode-sets-regex': [ '7.18.6' ],
2197 silly audit   '@babel/plugin-transform-arrow-functions': [ '7.29.7' ],
2197 silly audit   '@babel/plugin-transform-async-generator-functions': [ '7.29.7' ],
2197 silly audit   '@babel/plugin-transform-async-to-generator': [ '7.29.7' ],
2197 silly audit   '@babel/plugin-transform-block-scoped-functions': [ '7.29.7' ],
2197 silly audit   '@babel/plugin-transform-block-scoping': [ '7.29.7' ],
2197 silly audit   '@babel/plugin-transform-class-properties': [ '7.29.7' ],
2197 silly audit   '@babel/plugin-transform-class-static-block': [ '7.29.7' ],
2197 silly audit   '@babel/plugin-transform-classes': [ '7.29.7' ],
2197 silly audit   '@babel/plugin-transform-computed-properties': [ '7.29.7' ],
2197 silly audit   '@babel/plugin-transform-destructuring': [ '7.29.7' ],
2197 silly audit   '@babel/plugin-transform-dotall-regex': [ '7.29.7' ],
2197 silly audit   '@babel/plugin-transform-duplicate-keys': [ '7.29.7' ],
2197 silly audit   '@babel/plugin-transform-duplicate-named-capturing-groups-regex': [ '7.29.7' ],
2197 silly audit   '@babel/plugin-transform-dynamic-import': [ '7.29.7' ],
2197 silly audit   '@babel/plugin-transform-explicit-resource-management': [ '7.29.7' ],
2197 silly audit   '@babel/plugin-transform-exponentiation-operator': [ '7.29.7' ],
2197 silly audit   '@babel/plugin-transform-export-namespace-from': [ '7.29.7' ],
2197 silly audit   '@babel/plugin-transform-for-of': [ '7.29.7' ],
2197 silly audit   '@babel/plugin-transform-function-name': [ '7.29.7' ],
2197 silly audit   '@babel/plugin-transform-json-strings': [ '7.29.7' ],
2197 silly audit   '@babel/plugin-transform-literals': [ '7.29.7' ],
2197 silly audit   '@babel/plugin-transform-logical-assignment-operators': [ '7.29.7' ],
2197 silly audit   '@babel/plugin-transform-member-expression-literals': [ '7.29.7' ],
2197 silly audit   '@babel/plugin-transform-modules-amd': [ '7.29.7' ],
2197 silly audit   '@babel/plugin-transform-modules-commonjs': [ '7.29.7' ],
2197 silly audit   '@babel/plugin-transform-modules-systemjs': [ '7.29.7' ],
2197 silly audit   '@babel/plugin-transform-modules-umd': [ '7.29.7' ],
2197 silly audit   '@babel/plugin-transform-named-capturing-groups-regex': [ '7.29.7' ],
2197 silly audit   '@babel/plugin-transform-new-target': [ '7.29.7' ],
2197 silly audit   '@babel/plugin-transform-nullish-coalescing-operator': [ '7.29.7' ],
2197 silly audit   '@babel/plugin-transform-numeric-separator': [ '7.29.7' ],
2197 silly audit   '@babel/plugin-transform-object-rest-spread': [ '7.29.7' ],
2197 silly audit   '@babel/plugin-transform-object-super': [ '7.29.7' ],
2197 silly audit   '@babel/plugin-transform-optional-catch-binding': [ '7.29.7' ],
2197 silly audit   '@babel/plugin-transform-optional-chaining': [ '7.29.7' ],
2197 silly audit   '@babel/plugin-transform-parameters': [ '7.29.7' ],
2197 silly audit   '@babel/plugin-transform-private-methods': [ '7.29.7' ],
2197 silly audit   '@babel/plugin-transform-private-property-in-object': [ '7.29.7' ],
2197 silly audit   '@babel/plugin-transform-property-literals': [ '7.29.7' ],
2197 silly audit   '@babel/plugin-transform-regenerator': [ '7.29.7' ],
2197 silly audit   '@babel/plugin-transform-regexp-modifiers': [ '7.29.7' ],
2197 silly audit   '@babel/plugin-transform-reserved-words': [ '7.29.7' ],
2197 silly audit   '@babel/plugin-transform-shorthand-properties': [ '7.29.7' ],
2197 silly audit   '@babel/plugin-transform-spread': [ '7.29.7' ],
2197 silly audit   '@babel/plugin-transform-sticky-regex': [ '7.29.7' ],
2197 silly audit   '@babel/plugin-transform-template-literals': [ '7.29.7' ],
2197 silly audit   '@babel/plugin-transform-typeof-symbol': [ '7.29.7' ],
2197 silly audit   '@babel/plugin-transform-unicode-escapes': [ '7.29.7' ],
2197 silly audit   '@babel/plugin-transform-unicode-property-regex': [ '7.29.7' ],
2197 silly audit   '@babel/plugin-transform-unicode-regex': [ '7.29.7' ],
2197 silly audit   '@babel/plugin-transform-unicode-sets-regex': [ '7.29.7' ],
2197 silly audit   '@babel/preset-modules': [ '0.1.6-no-external-plugins' ],
2197 silly audit   'babel-plugin-polyfill-corejs2': [ '0.4.17' ],
2197 silly audit   'babel-plugin-polyfill-corejs3': [ '0.14.2' ],
2197 silly audit   'babel-plugin-polyfill-regenerator': [ '0.6.8' ],
2197 silly audit   'core-js-compat': [ '3.49.0' ],
2197 silly audit   '@babel/helper-skip-transparent-expression-wrappers': [ '7.29.7' ],
2197 silly audit   '@babel/helper-create-regexp-features-plugin': [ '7.29.7' ],
2197 silly audit   '@babel/helper-annotate-as-pure': [ '7.29.7' ],
2197 silly audit   'regexpu-core': [ '6.4.0' ],
2197 silly audit   '@babel/helper-remap-async-to-generator': [ '7.29.7' ],
2197 silly audit   '@babel/helper-wrap-function': [ '7.29.7' ],
2197 silly audit   '@babel/helper-create-class-features-plugin': [ '7.29.7' ],
2197 silly audit   '@babel/helper-member-expression-to-functions': [ '7.29.7' ],
2197 silly audit   '@babel/helper-optimise-call-expression': [ '7.29.7' ],
2197 silly audit   '@babel/helper-replace-supers': [ '7.29.7' ],
2197 silly audit   esutils: [ '2.0.3' ],
2197 silly audit   '@rollup/pluginutils': [ '5.3.0' ],
2197 silly audit   '@types/resolve': [ '1.20.2' ],
2197 silly audit   deepmerge: [ '4.3.1' ],
2197 silly audit   'is-module': [ '1.0.0' ],
2197 silly audit   'magic-string': [ '0.30.21' ],
2197 silly audit   'serialize-javascript': [ '7.0.5' ],
2197 silly audit   smob: [ '1.6.2' ],
2197 silly audit   terser: [ '5.48.0' ],
2197 silly audit   'estree-walker': [ '2.0.2' ],
2197 silly audit   ejs: [ '3.1.10' ],
2197 silly audit   'string.prototype.matchall': [ '4.0.12' ],
2197 silly audit   'fast-deep-equal': [ '3.1.3' ],
2197 silly audit   'fast-uri': [ '3.1.2' ],
2197 silly audit   'json-schema-traverse': [ '1.0.0' ],
2197 silly audit   'require-from-string': [ '2.0.2' ],
2197 silly audit   '@babel/helper-define-polyfill-provider': [ '0.6.8' ],
2197 silly audit   'lodash.debounce': [ '4.0.8' ],
2197 silly audit   jake: [ '10.9.4' ],
2197 silly audit   'at-least-node': [ '1.0.0' ],
2197 silly audit   'graceful-fs': [ '4.2.11' ],
2197 silly audit   jsonfile: [ '6.2.1' ],
2197 silly audit   universalify: [ '2.0.1' ],
2197 silly audit   async: [ '3.2.6' ],
2197 silly audit   filelist: [ '1.0.6' ],
2197 silly audit   regenerate: [ '1.4.2' ],
2197 silly audit   'regenerate-unicode-properties': [ '10.2.2' ],
2197 silly audit   regjsgen: [ '0.8.0' ],
2197 silly audit   regjsparser: [ '0.13.1' ],
2197 silly audit   'unicode-match-property-ecmascript': [ '2.0.0' ],
2197 silly audit   'unicode-match-property-value-ecmascript': [ '2.2.1' ],
2197 silly audit   'whatwg-url': [ '7.1.0' ],
2197 silly audit   'call-bind': [ '1.0.9' ],
2197 silly audit   'call-bound': [ '1.0.4' ],
2197 silly audit   'define-properties': [ '1.2.1' ],
2197 silly audit   'es-abstract': [ '1.24.2' ],
2197 silly audit   'internal-slot': [ '1.1.0' ],
2197 silly audit   'regexp.prototype.flags': [ '1.5.4' ],
2197 silly audit   'set-function-name': [ '2.0.2' ],
2197 silly audit   'side-channel': [ '1.1.0' ],
2197 silly audit   'set-function-length': [ '1.2.2' ],
2197 silly audit   'define-data-property': [ '1.1.4' ],
2197 silly audit   'has-property-descriptors': [ '1.0.2' ],
2197 silly audit   'object-keys': [ '1.1.1' ],
2197 silly audit   'array-buffer-byte-length': [ '1.0.2' ],
2197 silly audit   'arraybuffer.prototype.slice': [ '1.0.4' ],
2197 silly audit   'available-typed-arrays': [ '1.0.7' ],
2197 silly audit   'data-view-buffer': [ '1.0.2' ],
2197 silly audit   'data-view-byte-length': [ '1.0.2' ],
2197 silly audit   'data-view-byte-offset': [ '1.0.1' ],
2197 silly audit   'es-to-primitive': [ '1.3.0' ],
2197 silly audit   'function.prototype.name': [ '1.1.8' ],
2197 silly audit   'get-symbol-description': [ '1.1.0' ],
2197 silly audit   globalthis: [ '1.0.4' ],
2197 silly audit   'has-proto': [ '1.2.0' ],
2197 silly audit   'is-array-buffer': [ '3.0.5' ],
2197 silly audit   'is-callable': [ '1.2.7' ],
2197 silly audit   'is-data-view': [ '1.0.2' ],
2197 silly audit   'is-negative-zero': [ '2.0.3' ],
2197 silly audit   'is-regex': [ '1.2.1' ],
2197 silly audit   'is-set': [ '2.0.3' ],
2197 silly audit   'is-shared-array-buffer': [ '1.0.4' ],
2197 silly audit   'is-string': [ '1.1.1' ],
2197 silly audit   'is-typed-array': [ '1.1.15' ],
2197 silly audit   'is-weakref': [ '1.1.1' ],
2197 silly audit   'object-inspect': [ '1.13.4' ],
2197 silly audit   'object.assign': [ '4.1.7' ],
2197 silly audit   'own-keys': [ '1.0.1' ],
2197 silly audit   'safe-array-concat': [ '1.1.4' ],
2197 silly audit   'safe-push-apply': [ '1.0.0' ],
2197 silly audit   'safe-regex-test': [ '1.1.0' ],
2197 silly audit   'set-proto': [ '1.0.0' ],
2197 silly audit   'stop-iteration-iterator': [ '1.1.0' ],
2197 silly audit   'string.prototype.trim': [ '1.2.10' ],
2197 silly audit   'string.prototype.trimend': [ '1.0.9' ],
2197 silly audit   'string.prototype.trimstart': [ '1.0.8' ],
2197 silly audit   'typed-array-buffer': [ '1.0.3' ],
2197 silly audit   'typed-array-byte-length': [ '1.0.3' ],
2197 silly audit   'typed-array-byte-offset': [ '1.0.4' ],
2197 silly audit   'typed-array-length': [ '1.0.7' ],
2197 silly audit   'unbox-primitive': [ '1.1.0' ],
2197 silly audit   'which-typed-array': [ '1.1.20' ],
2197 silly audit   'possible-typed-array-names': [ '1.1.0' ],
2197 silly audit   'is-date-object': [ '1.1.0' ],
2197 silly audit   'is-symbol': [ '1.1.1' ],
2197 silly audit   'functions-have-names': [ '1.2.3' ],
2197 silly audit   isarray: [ '2.0.5' ],
2197 silly audit   'side-channel-list': [ '1.0.1' ],
2197 silly audit   'side-channel-map': [ '1.0.1' ],
2197 silly audit   'side-channel-weakmap': [ '1.0.2' ],
2197 silly audit   'get-own-enumerable-property-symbols': [ '3.0.2' ],
2197 silly audit   'is-obj': [ '1.0.1' ],
2197 silly audit   'is-regexp': [ '1.0.0' ],
2197 silly audit   'is-stream': [ '2.0.1' ],
2197 silly audit   'temp-dir': [ '2.0.0' ],
2197 silly audit   'type-fest': [ '0.16.0' ],
2197 silly audit   'unique-string': [ '2.0.0' ],
2197 silly audit   '@jridgewell/source-map': [ '0.3.11' ],
2197 silly audit   acorn: [ '8.16.0' ],
2197 silly audit   'source-map-support': [ '0.5.21' ],
2197 silly audit   'buffer-from': [ '1.1.2' ],
2197 silly audit   'for-each': [ '0.3.5' ],
2197 silly audit   'reflect.getprototypeof': [ '1.0.10' ],
2197 silly audit   'which-builtin-type': [ '1.2.1' ],
2197 silly audit   'has-bigints': [ '1.1.0' ],
2197 silly audit   'which-boxed-primitive': [ '1.1.1' ],
2197 silly audit   'unicode-canonical-property-names-ecmascript': [ '2.0.1' ],
2197 silly audit   'unicode-property-aliases-ecmascript': [ '2.2.0' ],
2197 silly audit   'crypto-random-string': [ '2.0.0' ],
2197 silly audit   'lodash.sortby': [ '4.7.0' ],
2197 silly audit   tr46: [ '1.0.1' ],
2197 silly audit   'webidl-conversions': [ '4.0.2' ],
2197 silly audit   punycode: [ '2.3.1' ],
2197 silly audit   'is-bigint': [ '1.1.0' ],
2197 silly audit   'is-boolean-object': [ '1.2.2' ],
2197 silly audit   'is-number-object': [ '1.1.1' ],
2197 silly audit   'is-async-function': [ '2.1.1' ],
2197 silly audit   'is-finalizationregistry': [ '1.1.1' ],
2197 silly audit   'is-generator-function': [ '1.1.2' ],
2197 silly audit   'which-collection': [ '1.0.2' ],
2197 silly audit   'async-function': [ '1.0.0' ],
2197 silly audit   'generator-function': [ '2.0.1' ],
2197 silly audit   'is-map': [ '2.0.3' ],
2197 silly audit   'is-weakmap': [ '2.0.2' ],
2197 silly audit   'is-weakset': [ '2.0.4' ],
2197 silly audit   idb: [ '7.1.1' ],
2197 silly audit   '@types/trusted-types': [ '2.0.7' ],
2197 silly audit   'use-sync-external-store': [ '1.6.0' ],
2197 silly audit   'foreground-child': [ '3.3.1' ],
2197 silly audit   jackspeak: [ '4.2.3' ],
2197 silly audit   minipass: [ '7.1.3' ],
2197 silly audit   'package-json-from-dist': [ '1.0.1' ],
2197 silly audit   'path-scurry': [ '2.0.2' ],
2197 silly audit   'cross-spawn': [ '7.0.6' ],
2197 silly audit   'signal-exit': [ '4.1.0' ],
2197 silly audit   'path-key': [ '3.1.1' ],
2197 silly audit   'shebang-command': [ '2.0.0' ],
2197 silly audit   which: [ '2.0.2' ],
2197 silly audit   '@isaacs/cliui': [ '9.0.0' ],
2197 silly audit   'shebang-regex': [ '3.0.0' ],
2197 silly audit   isexe: [ '2.0.0' ]
2197 silly audit }
2198 verbose reify failed optional dependency /home/ubuntu/novel-master-frontend/node_modules/@rollup/rollup-win32-x64-msvc
2199 silly reify mark deleted [
2199 silly reify   '/home/ubuntu/novel-master-frontend/node_modules/@rollup/rollup-win32-x64-msvc'
2199 silly reify ]
2200 verbose reify failed optional dependency /home/ubuntu/novel-master-frontend/node_modules/@rollup/rollup-win32-x64-gnu
2201 silly reify mark deleted [
2201 silly reify   '/home/ubuntu/novel-master-frontend/node_modules/@rollup/rollup-win32-x64-gnu'
2201 silly reify ]
2202 verbose reify failed optional dependency /home/ubuntu/novel-master-frontend/node_modules/@rollup/rollup-win32-ia32-msvc
2203 silly reify mark deleted [
2203 silly reify   '/home/ubuntu/novel-master-frontend/node_modules/@rollup/rollup-win32-ia32-msvc'
2203 silly reify ]
2204 verbose reify failed optional dependency /home/ubuntu/novel-master-frontend/node_modules/@rollup/rollup-win32-arm64-msvc
2205 silly reify mark deleted [
2205 silly reify   '/home/ubuntu/novel-master-frontend/node_modules/@rollup/rollup-win32-arm64-msvc'
2205 silly reify ]
2206 verbose reify failed optional dependency /home/ubuntu/novel-master-frontend/node_modules/@rollup/rollup-openharmony-arm64
2207 silly reify mark deleted [
2207 silly reify   '/home/ubuntu/novel-master-frontend/node_modules/@rollup/rollup-openharmony-arm64'
2207 silly reify ]
2208 verbose reify failed optional dependency /home/ubuntu/novel-master-frontend/node_modules/@rollup/rollup-openbsd-x64
2209 silly reify mark deleted [
2209 silly reify   '/home/ubuntu/novel-master-frontend/node_modules/@rollup/rollup-openbsd-x64'
2209 silly reify ]
2210 verbose reify failed optional dependency /home/ubuntu/novel-master-frontend/node_modules/@rollup/rollup-linux-s390x-gnu
2211 silly reify mark deleted [
2211 silly reify   '/home/ubuntu/novel-master-frontend/node_modules/@rollup/rollup-linux-s390x-gnu'
2211 silly reify ]
2212 verbose reify failed optional dependency /home/ubuntu/novel-master-frontend/node_modules/@rollup/rollup-linux-riscv64-musl
2213 silly reify mark deleted [
2213 silly reify   '/home/ubuntu/novel-master-frontend/node_modules/@rollup/rollup-linux-riscv64-musl'
2213 silly reify ]
2214 verbose reify failed optional dependency /home/ubuntu/novel-master-frontend/node_modules/@rollup/rollup-linux-riscv64-gnu
2215 silly reify mark deleted [
2215 silly reify   '/home/ubuntu/novel-master-frontend/node_modules/@rollup/rollup-linux-riscv64-gnu'
2215 silly reify ]
2216 verbose reify failed optional dependency /home/ubuntu/novel-master-frontend/node_modules/@rollup/rollup-linux-ppc64-musl
2217 silly reify mark deleted [
2217 silly reify   '/home/ubuntu/novel-master-frontend/node_modules/@rollup/rollup-linux-ppc64-musl'
2217 silly reify ]
2218 verbose reify failed optional dependency /home/ubuntu/novel-master-frontend/node_modules/@rollup/rollup-linux-ppc64-gnu
2219 silly reify mark deleted [
2219 silly reify   '/home/ubuntu/novel-master-frontend/node_modules/@rollup/rollup-linux-ppc64-gnu'
2219 silly reify ]
2220 verbose reify failed optional dependency /home/ubuntu/novel-master-frontend/node_modules/@rollup/rollup-linux-loong64-musl
2221 silly reify mark deleted [
2221 silly reify   '/home/ubuntu/novel-master-frontend/node_modules/@rollup/rollup-linux-loong64-musl'
2221 silly reify ]
2222 verbose reify failed optional dependency /home/ubuntu/novel-master-frontend/node_modules/@rollup/rollup-linux-loong64-gnu
2223 silly reify mark deleted [
2223 silly reify   '/home/ubuntu/novel-master-frontend/node_modules/@rollup/rollup-linux-loong64-gnu'
2223 silly reify ]
2224 verbose reify failed optional dependency /home/ubuntu/novel-master-frontend/node_modules/@rollup/rollup-linux-arm64-musl
2225 silly reify mark deleted [
2225 silly reify   '/home/ubuntu/novel-master-frontend/node_modules/@rollup/rollup-linux-arm64-musl'
2225 silly reify ]
2226 verbose reify failed optional dependency /home/ubuntu/novel-master-frontend/node_modules/@rollup/rollup-linux-arm64-gnu
2227 silly reify mark deleted [
2227 silly reify   '/home/ubuntu/novel-master-frontend/node_modules/@rollup/rollup-linux-arm64-gnu'
2227 silly reify ]
2228 verbose reify failed optional dependency /home/ubuntu/novel-master-frontend/node_modules/@rollup/rollup-linux-arm-musleabihf
2229 silly reify mark deleted [
2229 silly reify   '/home/ubuntu/novel-master-frontend/node_modules/@rollup/rollup-linux-arm-musleabihf'
2229 silly reify ]
2230 verbose reify failed optional dependency /home/ubuntu/novel-master-frontend/node_modules/@rollup/rollup-linux-arm-gnueabihf
2231 silly reify mark deleted [
2231 silly reify   '/home/ubuntu/novel-master-frontend/node_modules/@rollup/rollup-linux-arm-gnueabihf'
2231 silly reify ]
2232 verbose reify failed optional dependency /home/ubuntu/novel-master-frontend/node_modules/@rollup/rollup-freebsd-x64
2233 silly reify mark deleted [
2233 silly reify   '/home/ubuntu/novel-master-frontend/node_modules/@rollup/rollup-freebsd-x64'
2233 silly reify ]
2234 verbose reify failed optional dependency /home/ubuntu/novel-master-frontend/node_modules/@rollup/rollup-freebsd-arm64
2235 silly reify mark deleted [
2235 silly reify   '/home/ubuntu/novel-master-frontend/node_modules/@rollup/rollup-freebsd-arm64'
2235 silly reify ]
2236 verbose reify failed optional dependency /home/ubuntu/novel-master-frontend/node_modules/@rollup/rollup-darwin-x64
2237 silly reify mark deleted [
2237 silly reify   '/home/ubuntu/novel-master-frontend/node_modules/@rollup/rollup-darwin-x64'
2237 silly reify ]
2238 verbose reify failed optional dependency /home/ubuntu/novel-master-frontend/node_modules/@rollup/rollup-darwin-arm64
2239 silly reify mark deleted [
2239 silly reify   '/home/ubuntu/novel-master-frontend/node_modules/@rollup/rollup-darwin-arm64'
2239 silly reify ]
2240 verbose reify failed optional dependency /home/ubuntu/novel-master-frontend/node_modules/@rollup/rollup-android-arm64
2241 silly reify mark deleted [
2241 silly reify   '/home/ubuntu/novel-master-frontend/node_modules/@rollup/rollup-android-arm64'
2241 silly reify ]
2242 verbose reify failed optional dependency /home/ubuntu/novel-master-frontend/node_modules/@rollup/rollup-android-arm-eabi
2243 silly reify mark deleted [
2243 silly reify   '/home/ubuntu/novel-master-frontend/node_modules/@rollup/rollup-android-arm-eabi'
2243 silly reify ]
2244 verbose reify failed optional dependency /home/ubuntu/novel-master-frontend/node_modules/@esbuild/win32-x64
2245 silly reify mark deleted [
2245 silly reify   '/home/ubuntu/novel-master-frontend/node_modules/@esbuild/win32-x64'
2245 silly reify ]
2246 verbose reify failed optional dependency /home/ubuntu/novel-master-frontend/node_modules/@esbuild/win32-ia32
2247 silly reify mark deleted [
2247 silly reify   '/home/ubuntu/novel-master-frontend/node_modules/@esbuild/win32-ia32'
2247 silly reify ]
2248 verbose reify failed optional dependency /home/ubuntu/novel-master-frontend/node_modules/@esbuild/win32-arm64
2249 silly reify mark deleted [
2249 silly reify   '/home/ubuntu/novel-master-frontend/node_modules/@esbuild/win32-arm64'
2249 silly reify ]
2250 verbose reify failed optional dependency /home/ubuntu/novel-master-frontend/node_modules/@esbuild/sunos-x64
2251 silly reify mark deleted [
2251 silly reify   '/home/ubuntu/novel-master-frontend/node_modules/@esbuild/sunos-x64'
2251 silly reify ]
2252 verbose reify failed optional dependency /home/ubuntu/novel-master-frontend/node_modules/@esbuild/openbsd-x64
2253 silly reify mark deleted [
2253 silly reify   '/home/ubuntu/novel-master-frontend/node_modules/@esbuild/openbsd-x64'
2253 silly reify ]
2254 verbose reify failed optional dependency /home/ubuntu/novel-master-frontend/node_modules/@esbuild/netbsd-x64
2255 silly reify mark deleted [
2255 silly reify   '/home/ubuntu/novel-master-frontend/node_modules/@esbuild/netbsd-x64'
2255 silly reify ]
2256 verbose reify failed optional dependency /home/ubuntu/novel-master-frontend/node_modules/@esbuild/linux-s390x
2257 silly reify mark deleted [
2257 silly reify   '/home/ubuntu/novel-master-frontend/node_modules/@esbuild/linux-s390x'
2257 silly reify ]
2258 verbose reify failed optional dependency /home/ubuntu/novel-master-frontend/node_modules/@esbuild/linux-riscv64
2259 silly reify mark deleted [
2259 silly reify   '/home/ubuntu/novel-master-frontend/node_modules/@esbuild/linux-riscv64'
2259 silly reify ]
2260 verbose reify failed optional dependency /home/ubuntu/novel-master-frontend/node_modules/@esbuild/linux-ppc64
2261 silly reify mark deleted [
2261 silly reify   '/home/ubuntu/novel-master-frontend/node_modules/@esbuild/linux-ppc64'
2261 silly reify ]
2262 verbose reify failed optional dependency /home/ubuntu/novel-master-frontend/node_modules/@esbuild/linux-mips64el
2263 silly reify mark deleted [
2263 silly reify   '/home/ubuntu/novel-master-frontend/node_modules/@esbuild/linux-mips64el'
2263 silly reify ]
2264 verbose reify failed optional dependency /home/ubuntu/novel-master-frontend/node_modules/@esbuild/linux-loong64
2265 silly reify mark deleted [
2265 silly reify   '/home/ubuntu/novel-master-frontend/node_modules/@esbuild/linux-loong64'
2265 silly reify ]
2266 verbose reify failed optional dependency /home/ubuntu/novel-master-frontend/node_modules/@esbuild/linux-ia32
2267 silly reify mark deleted [
2267 silly reify   '/home/ubuntu/novel-master-frontend/node_modules/@esbuild/linux-ia32'
2267 silly reify ]
2268 verbose reify failed optional dependency /home/ubuntu/novel-master-frontend/node_modules/@esbuild/linux-arm64
2269 silly reify mark deleted [
2269 silly reify   '/home/ubuntu/novel-master-frontend/node_modules/@esbuild/linux-arm64'
2269 silly reify ]
2270 verbose reify failed optional dependency /home/ubuntu/novel-master-frontend/node_modules/@esbuild/linux-arm
2271 silly reify mark deleted [
2271 silly reify   '/home/ubuntu/novel-master-frontend/node_modules/@esbuild/linux-arm'
2271 silly reify ]
2272 verbose reify failed optional dependency /home/ubuntu/novel-master-frontend/node_modules/@esbuild/freebsd-x64
2273 silly reify mark deleted [
2273 silly reify   '/home/ubuntu/novel-master-frontend/node_modules/@esbuild/freebsd-x64'
2273 silly reify ]
2274 verbose reify failed optional dependency /home/ubuntu/novel-master-frontend/node_modules/@esbuild/freebsd-arm64
2275 silly reify mark deleted [
2275 silly reify   '/home/ubuntu/novel-master-frontend/node_modules/@esbuild/freebsd-arm64'
2275 silly reify ]
2276 verbose reify failed optional dependency /home/ubuntu/novel-master-frontend/node_modules/@esbuild/darwin-x64
2277 silly reify mark deleted [
2277 silly reify   '/home/ubuntu/novel-master-frontend/node_modules/@esbuild/darwin-x64'
2277 silly reify ]
2278 verbose reify failed optional dependency /home/ubuntu/novel-master-frontend/node_modules/@esbuild/darwin-arm64
2279 silly reify mark deleted [
2279 silly reify   '/home/ubuntu/novel-master-frontend/node_modules/@esbuild/darwin-arm64'
2279 silly reify ]
2280 verbose reify failed optional dependency /home/ubuntu/novel-master-frontend/node_modules/@esbuild/android-x64
2281 silly reify mark deleted [
2281 silly reify   '/home/ubuntu/novel-master-frontend/node_modules/@esbuild/android-x64'
2281 silly reify ]
2282 verbose reify failed optional dependency /home/ubuntu/novel-master-frontend/node_modules/@esbuild/android-arm64
2283 silly reify mark deleted [
2283 silly reify   '/home/ubuntu/novel-master-frontend/node_modules/@esbuild/android-arm64'
2283 silly reify ]
2284 verbose reify failed optional dependency /home/ubuntu/novel-master-frontend/node_modules/@esbuild/android-arm
2285 silly reify mark deleted [
2285 silly reify   '/home/ubuntu/novel-master-frontend/node_modules/@esbuild/android-arm'
2285 silly reify ]
2286 verbose reify failed optional dependency /home/ubuntu/novel-master-frontend/node_modules/@esbuild/aix-ppc64
2287 silly reify mark deleted [
2287 silly reify   '/home/ubuntu/novel-master-frontend/node_modules/@esbuild/aix-ppc64'
2287 silly reify ]
2288 verbose reify failed optional dependency /home/ubuntu/novel-master-frontend/node_modules/fsevents
2289 silly reify mark deleted [ '/home/ubuntu/novel-master-frontend/node_modules/fsevents' ]
2290 timing reifyNode:node_modules/@rollup/rollup-win32-x64-msvc Completed in 93ms
2291 timing reifyNode:node_modules/@rollup/rollup-win32-x64-gnu Completed in 93ms
2292 timing reifyNode:node_modules/@rollup/rollup-win32-ia32-msvc Completed in 94ms
2293 timing reifyNode:node_modules/@rollup/rollup-win32-arm64-msvc Completed in 94ms
2294 timing reifyNode:node_modules/@rollup/rollup-openharmony-arm64 Completed in 94ms
2295 timing reifyNode:node_modules/@rollup/rollup-openbsd-x64 Completed in 94ms
2296 timing reifyNode:node_modules/@rollup/rollup-linux-s390x-gnu Completed in 94ms
2297 timing reifyNode:node_modules/@rollup/rollup-linux-riscv64-musl Completed in 94ms
2298 timing reifyNode:node_modules/@rollup/rollup-linux-riscv64-gnu Completed in 94ms
2299 timing reifyNode:node_modules/@rollup/rollup-linux-ppc64-musl Completed in 94ms
2300 timing reifyNode:node_modules/@rollup/rollup-linux-ppc64-gnu Completed in 94ms
2301 timing reifyNode:node_modules/@rollup/rollup-linux-loong64-musl Completed in 95ms
2302 timing reifyNode:node_modules/@rollup/rollup-linux-loong64-gnu Completed in 95ms
2303 timing reifyNode:node_modules/@rollup/rollup-linux-arm64-musl Completed in 95ms
2304 timing reifyNode:node_modules/@rollup/rollup-linux-arm64-gnu Completed in 95ms
2305 timing reifyNode:node_modules/@rollup/rollup-linux-arm-musleabihf Completed in 95ms
2306 timing reifyNode:node_modules/@rollup/rollup-linux-arm-gnueabihf Completed in 96ms
2307 timing reifyNode:node_modules/@rollup/rollup-freebsd-x64 Completed in 96ms
2308 timing reifyNode:node_modules/@rollup/rollup-freebsd-arm64 Completed in 96ms
2309 timing reifyNode:node_modules/@rollup/rollup-darwin-x64 Completed in 96ms
2310 timing reifyNode:node_modules/@rollup/rollup-darwin-arm64 Completed in 95ms
2311 timing reifyNode:node_modules/@rollup/rollup-android-arm64 Completed in 102ms
2312 timing reifyNode:node_modules/@rollup/rollup-android-arm-eabi Completed in 103ms
2313 timing reifyNode:node_modules/@esbuild/win32-x64 Completed in 103ms
2314 timing reifyNode:node_modules/@esbuild/win32-ia32 Completed in 103ms
2315 timing reifyNode:node_modules/@esbuild/win32-arm64 Completed in 103ms
2316 timing reifyNode:node_modules/@esbuild/sunos-x64 Completed in 103ms
2317 timing reifyNode:node_modules/@esbuild/openbsd-x64 Completed in 103ms
2318 timing reifyNode:node_modules/@esbuild/netbsd-x64 Completed in 103ms
2319 timing reifyNode:node_modules/@esbuild/linux-s390x Completed in 102ms
2320 timing reifyNode:node_modules/@esbuild/linux-riscv64 Completed in 102ms
2321 timing reifyNode:node_modules/@esbuild/linux-ppc64 Completed in 102ms
2322 timing reifyNode:node_modules/@esbuild/linux-mips64el Completed in 103ms
2323 timing reifyNode:node_modules/@esbuild/linux-loong64 Completed in 103ms
2324 timing reifyNode:node_modules/@esbuild/linux-ia32 Completed in 103ms
2325 timing reifyNode:node_modules/@esbuild/linux-arm64 Completed in 102ms
2326 timing reifyNode:node_modules/@esbuild/linux-arm Completed in 102ms
2327 timing reifyNode:node_modules/@esbuild/freebsd-x64 Completed in 102ms
2328 timing reifyNode:node_modules/@esbuild/freebsd-arm64 Completed in 102ms
2329 timing reifyNode:node_modules/@esbuild/darwin-x64 Completed in 102ms
2330 timing reifyNode:node_modules/@esbuild/darwin-arm64 Completed in 103ms
2331 timing reifyNode:node_modules/@esbuild/android-x64 Completed in 103ms
2332 timing reifyNode:node_modules/@esbuild/android-arm64 Completed in 103ms
2333 timing reifyNode:node_modules/@esbuild/android-arm Completed in 102ms
2334 timing reifyNode:node_modules/@esbuild/aix-ppc64 Completed in 102ms
2335 timing reifyNode:node_modules/fsevents Completed in 97ms
2336 http fetch POST 200 https://registry.npmjs.org/-/npm/v1/security/advisories/bulk 2377ms
2337 timing auditReport:getReport Completed in 2387ms
2338 silly audit report {
2338 silly audit report   vite: [
2338 silly audit report     {
2338 silly audit report       id: 1116229,
2338 silly audit report       url: 'https://github.com/advisories/GHSA-4w7w-66w2-5vf9',
2338 silly audit report       title: 'Vite Vulnerable to Path Traversal in Optimized Deps `.map` Handling',
2338 silly audit report       severity: 'moderate',
2338 silly audit report       vulnerable_versions: '<=6.4.1',
2338 silly audit report       cwe: [Array],
2338 silly audit report       cvss: [Object]
2338 silly audit report     }
2338 silly audit report   ],
2338 silly audit report   esbuild: [
2338 silly audit report     {
2338 silly audit report       id: 1102341,
2338 silly audit report       url: 'https://github.com/advisories/GHSA-67mh-4wv8-2f99',
2338 silly audit report       title: 'esbuild enables any website to send any requests to the development server and read the response',
2338 silly audit report       severity: 'moderate',
2338 silly audit report       vulnerable_versions: '<=0.24.2',
2338 silly audit report       cwe: [Array],
2338 silly audit report       cvss: [Object]
2338 silly audit report     }
2338 silly audit report   ]
2338 silly audit report }
2339 timing metavuln:packument:vite Completed in 1ms
2340 timing metavuln:packument:esbuild Completed in 0ms
2341 timing reifyNode:node_modules/is-regexp Completed in 2744ms
2342 timing reifyNode:node_modules/shebang-command Completed in 2806ms
2343 timing reifyNode:node_modules/unicode-property-aliases-ecmascript Completed in 2803ms
2344 timing reifyNode:node_modules/unicode-canonical-property-names-ecmascript Completed in 2802ms
2345 timing reifyNode:node_modules/buffer-from Completed in 2802ms
2346 timing reifyNode:node_modules/is-obj Completed in 2802ms
2347 timing reifyNode:node_modules/isarray Completed in 2802ms
2348 timing reifyNode:node_modules/unicode-match-property-ecmascript Completed in 2803ms
2349 timing reifyNode:node_modules/regjsgen Completed in 2803ms
2350 timing reifyNode:node_modules/universalify Completed in 2803ms
2351 timing reifyNode:node_modules/at-least-node Completed in 2803ms
2352 timing reifyNode:node_modules/require-from-string Completed in 2804ms
2353 timing reifyNode:node_modules/@types/resolve Completed in 2805ms
2354 timing reifyNode:node_modules/stringify-object Completed in 2802ms
2355 timing reifyNode:node_modules/is-number Completed in 2797ms
2356 timing reifyNode:node_modules/path-parse Completed in 2798ms
2357 timing reifyNode:node_modules/pify Completed in 2798ms
2358 timing reifyNode:node_modules/read-cache Completed in 2799ms
2359 timing reifyNode:node_modules/is-extglob Completed in 2799ms
2360 timing reifyNode:node_modules/run-parallel Completed in 2798ms
2361 timing reifyNode:node_modules/merge2 Completed in 2799ms
2362 timing reifyNode:node_modules/normalize-path Completed in 2796ms
2363 timing reifyNode:node_modules/glob-parent Completed in 2796ms
2364 timing reifyNode:node_modules/brace-expansion Completed in 2796ms
2365 timing reifyNode:node_modules/wrappy Completed in 2796ms
2366 timing reifyNode:node_modules/once Completed in 2796ms
2367 timing reifyNode:node_modules/path-is-absolute Completed in 2797ms
2368 warn deprecated inflight@1.0.6: This module is not supported, and leaks memory. Do not use it. Check out lru-cache if you want a good and tested way to coalesce async requests by a key value, which is much more comprehensive and powerful.
2369 timing reifyNode:node_modules/inflight Completed in 2798ms
2370 timing reifyNode:node_modules/object-assign Completed in 2798ms
2371 timing reifyNode:node_modules/nano-time Completed in 2800ms
2372 timing reifyNode:node_modules/ms Completed in 2801ms
2373 timing reifyNode:node_modules/@types/babel__template Completed in 2801ms
2374 timing reifyNode:node_modules/@types/babel__generator Completed in 2802ms
2375 timing reifyNode:node_modules/@types/prop-types Completed in 2803ms
2376 timing reifyNode:node_modules/shebang-regex Completed in 2865ms
2377 timing reifyNode:node_modules/path-key Completed in 2865ms
2378 timing reifyNode:node_modules/crypto-random-string Completed in 2861ms
2379 timing reifyNode:node_modules/unique-string Completed in 2859ms
2380 timing reifyNode:node_modules/temp-dir Completed in 2860ms
2381 timing reifyNode:node_modules/is-stream Completed in 2860ms
2382 timing reifyNode:node_modules/jsonfile Completed in 2859ms
2383 timing reifyNode:node_modules/lodash.debounce Completed in 2860ms
2384 timing reifyNode:node_modules/serialize-javascript Completed in 2860ms
2385 timing reifyNode:node_modules/is-module Completed in 2860ms
2386 timing reifyNode:node_modules/@babel/plugin-syntax-unicode-sets-regex Completed in 2856ms
2387 timing reifyNode:node_modules/jsonpointer Completed in 2856ms
2388 timing reifyNode:node_modules/tempy Completed in 2857ms
2389 timing reifyNode:node_modules/pretty-bytes Completed in 2856ms
2390 timing reifyNode:node_modules/thenify Completed in 2852ms
2391 timing reifyNode:node_modules/thenify-all Completed in 2852ms
2392 timing reifyNode:node_modules/leven Completed in 2861ms
2393 timing reifyNode:node_modules/queue-microtask Completed in 2852ms
2394 timing reifyNode:node_modules/camelcase-css Completed in 2853ms
2395 timing reifyNode:node_modules/to-regex-range Completed in 2853ms
2396 timing reifyNode:node_modules/fill-range Completed in 2853ms
2397 timing reifyNode:node_modules/is-binary-path Completed in 2853ms
2398 timing reifyNode:node_modules/postcss-nested Completed in 2850ms
2399 timing reifyNode:node_modules/anymatch Completed in 2850ms
2400 timing reifyNode:node_modules/is-glob Completed in 2850ms
2401 timing reifyNode:node_modules/didyoumean Completed in 2851ms
2402 timing reifyNode:node_modules/arg Completed in 2851ms
2403 timing reifyNode:node_modules/inherits Completed in 2851ms
2404 timing reifyNode:node_modules/lru-cache Completed in 2861ms
2405 timing reifyNode:node_modules/convert-source-map Completed in 2861ms
2406 timing reifyNode:node_modules/workbox-build/node_modules/pretty-bytes Completed in 2886ms
2407 timing reifyNode:node_modules/chokidar/node_modules/glob-parent Completed in 2875ms
2408 timing reifyNode:node_modules/fast-glob/node_modules/glob-parent Completed in 2876ms
2409 timing reifyNode:node_modules/@types/trusted-types Completed in 2918ms
2410 timing reifyNode:node_modules/webidl-conversions Completed in 2917ms
2411 timing metavuln:cache:get:security-advisory:vite:I1BdsVrQ8+F0Nz5pjiEY7gYSFBzvKNwOR8nQyg9euOprN34SC4VipJH1GMc8WCRl+e0xZWGr2QiYwiNwqO4gag== Completed in 565ms
2412 timing metavuln:load:security-advisory:vite:1116229 Completed in 7ms
2413 timing metavuln:calculate:security-advisory:vite:1116229 Completed in 572ms
2414 timing metavuln:cache:get:security-advisory:esbuild:jKdCIzePj7J1488qgRXvF8Srh9wutSuR1exB8YooNX62hT+qhtrUXYbArLNoIhgwbaCqKpmduh18syZU7BR9SA== Completed in 571ms
2415 timing metavuln:load:security-advisory:esbuild:1102341 Completed in 4ms
2416 timing metavuln:calculate:security-advisory:esbuild:1102341 Completed in 576ms
2417 timing metavuln:packument:@vitejs/plugin-react Completed in 1ms
2418 timing metavuln:packument:vite-plugin-pwa Completed in 0ms
2419 timing reifyNode:node_modules/@babel/helper-optimise-call-expression Completed in 2979ms
2420 timing reifyNode:node_modules/@babel/helper-remap-async-to-generator Completed in 2983ms
2421 timing reifyNode:node_modules/@babel/helper-annotate-as-pure Completed in 2984ms
2422 timing reifyNode:node_modules/@babel/helper-skip-transparent-expression-wrappers Completed in 2984ms
2423 timing reifyNode:node_modules/@babel/plugin-transform-unicode-sets-regex Completed in 2984ms
2424 timing reifyNode:node_modules/@babel/plugin-transform-unicode-regex Completed in 2984ms
2425 timing reifyNode:node_modules/@babel/plugin-transform-unicode-escapes Completed in 2984ms
2426 timing reifyNode:node_modules/@babel/plugin-transform-unicode-property-regex Completed in 2985ms
2427 timing reifyNode:node_modules/@babel/plugin-transform-typeof-symbol Completed in 2985ms
2428 timing reifyNode:node_modules/@babel/plugin-transform-sticky-regex Completed in 2985ms
2429 timing reifyNode:node_modules/@babel/plugin-transform-shorthand-properties Completed in 2985ms
2430 timing reifyNode:node_modules/@babel/plugin-transform-regexp-modifiers Completed in 2985ms
2431 timing reifyNode:node_modules/@babel/plugin-transform-property-literals Completed in 2985ms
2432 timing reifyNode:node_modules/@babel/plugin-transform-private-methods Completed in 2985ms
2433 timing reifyNode:node_modules/@babel/plugin-transform-optional-catch-binding Completed in 2986ms
2434 timing reifyNode:node_modules/@babel/plugin-transform-object-super Completed in 2986ms
2435 timing reifyNode:node_modules/@babel/plugin-transform-nullish-coalescing-operator Completed in 2986ms
2436 timing reifyNode:node_modules/@babel/plugin-transform-new-target Completed in 2984ms
2437 timing reifyNode:node_modules/@babel/plugin-transform-reserved-words Completed in 2988ms
2438 timing reifyNode:node_modules/@babel/plugin-transform-numeric-separator Completed in 2987ms
2439 timing reifyNode:node_modules/@babel/plugin-transform-named-capturing-groups-regex Completed in 2986ms
2440 timing reifyNode:node_modules/@babel/plugin-transform-logical-assignment-operators Completed in 2985ms
2441 timing reifyNode:node_modules/@babel/plugin-transform-member-expression-literals Completed in 2985ms
2442 timing reifyNode:node_modules/@babel/plugin-transform-json-strings Completed in 2985ms
2443 timing reifyNode:node_modules/@babel/plugin-transform-literals Completed in 2986ms
2444 timing reifyNode:node_modules/@babel/plugin-transform-function-name Completed in 2986ms
2445 timing reifyNode:node_modules/@babel/plugin-transform-exponentiation-operator Completed in 2986ms
2446 timing reifyNode:node_modules/@babel/plugin-transform-export-namespace-from Completed in 2986ms
2447 timing reifyNode:node_modules/@babel/plugin-transform-dynamic-import Completed in 2986ms
2448 timing reifyNode:node_modules/@babel/plugin-transform-duplicate-named-capturing-groups-regex Completed in 2985ms
2449 timing reifyNode:node_modules/@babel/plugin-transform-duplicate-keys Completed in 2986ms
2450 timing reifyNode:node_modules/@babel/plugin-transform-dotall-regex Completed in 2986ms
2451 timing reifyNode:node_modules/@babel/plugin-transform-class-properties Completed in 2986ms
2452 timing reifyNode:node_modules/@babel/plugin-transform-block-scoped-functions Completed in 2986ms
2453 timing reifyNode:node_modules/@babel/plugin-transform-arrow-functions Completed in 2987ms
2454 timing reifyNode:node_modules/@babel/plugin-syntax-import-attributes Completed in 2987ms
2455 timing reifyNode:node_modules/@babel/plugin-syntax-import-assertions Completed in 2986ms
2456 timing reifyNode:node_modules/@babel/plugin-bugfix-v8-spread-parameters-in-optional-chaining Completed in 2986ms
2457 timing reifyNode:node_modules/@babel/plugin-transform-async-to-generator Completed in 2987ms
2458 timing reifyNode:node_modules/@babel/plugin-bugfix-safari-class-field-initializer-scope Completed in 2987ms
2459 timing reifyNode:node_modules/@babel/plugin-bugfix-safari-id-destructuring-collision-in-function-expression Completed in 2987ms
2460 timing reifyNode:node_modules/pirates Completed in 2983ms
2461 timing reifyNode:node_modules/lines-and-columns Completed in 2984ms
2462 timing reifyNode:node_modules/lilconfig Completed in 2981ms
2463 timing reifyNode:node_modules/@alloc/quick-lru Completed in 2981ms
2464 timing reifyNode:node_modules/balanced-match Completed in 2981ms
2465 timing reifyNode:node_modules/fs.realpath Completed in 2981ms
2466 timing reifyNode:node_modules/microseconds Completed in 2982ms
2467 timing reifyNode:node_modules/detect-node Completed in 2981ms
2468 timing reifyNode:node_modules/util-deprecate Completed in 2982ms
2469 timing reifyNode:node_modules/yallist Completed in 2982ms
2470 timing reifyNode:node_modules/combined-stream Completed in 2983ms
2471 timing reifyNode:node_modules/proxy-from-env Completed in 2986ms
2472 timing reifyNode:node_modules/@babel/helper-plugin-utils Completed in 2988ms
2473 timing reifyNode:node_modules/js-tokens Completed in 2988ms
2474 timing reifyNode:node_modules/@types/babel__core Completed in 2988ms
2475 timing reifyNode:node_modules/@babel/plugin-transform-react-jsx-source Completed in 2988ms
2476 timing reifyNode:node_modules/@babel/plugin-transform-react-jsx-self Completed in 2988ms
2477 timing reifyNode:node_modules/filelist/node_modules/brace-expansion Completed in 3027ms
2478 timing reifyNode:node_modules/which Completed in 3047ms
2479 timing reifyNode:node_modules/filelist Completed in 3039ms
2480 timing reifyNode:node_modules/graceful-fs Completed in 3040ms
2481 timing reifyNode:node_modules/@babel/plugin-bugfix-firefox-class-in-computed-class-key Completed in 3032ms
2482 timing reifyNode:node_modules/@types/estree Completed in 3033ms
2483 timing reifyNode:node_modules/binary-extensions Completed in 3029ms
2484 timing reifyNode:node_modules/readdirp Completed in 3029ms
2485 timing reifyNode:node_modules/xmlhttprequest-ssl Completed in 3026ms
2486 timing reifyNode:node_modules/minimatch Completed in 3025ms
2487 timing reifyNode:node_modules/mime-types Completed in 3026ms
2488 timing reifyNode:node_modules/delayed-stream Completed in 3027ms
2489 timing reifyNode:node_modules/picocolors Completed in 3026ms
2490 timing reifyNode:node_modules/@rolldown/pluginutils Completed in 3026ms
2491 timing reifyNode:node_modules/lodash.sortby Completed in 3080ms
2492 timing reifyNode:node_modules/get-own-enumerable-property-symbols Completed in 3078ms
2493 timing reifyNode:node_modules/unicode-match-property-value-ecmascript Completed in 3075ms
2494 timing reifyNode:node_modules/regenerate Completed in 3076ms
2495 timing reifyNode:node_modules/@babel/helper-replace-supers Completed in 3075ms
2496 timing reifyNode:node_modules/@babel/helper-wrap-function Completed in 3077ms
2497 timing reifyNode:node_modules/babel-plugin-polyfill-regenerator Completed in 3080ms
2498 timing reifyNode:node_modules/@babel/plugin-transform-spread Completed in 3083ms
2499 timing reifyNode:node_modules/@babel/plugin-transform-template-literals Completed in 3083ms
2500 timing reifyNode:node_modules/@babel/plugin-transform-private-property-in-object Completed in 3085ms
2501 timing reifyNode:node_modules/@babel/plugin-transform-optional-chaining Completed in 3085ms
2502 timing reifyNode:node_modules/@babel/plugin-transform-modules-umd Completed in 3087ms
2503 timing reifyNode:node_modules/@babel/plugin-transform-modules-amd Completed in 3089ms
2504 timing reifyNode:node_modules/@babel/plugin-transform-explicit-resource-management Completed in 3090ms
2505 timing reifyNode:node_modules/@babel/plugin-transform-computed-properties Completed in 3089ms
2506 timing reifyNode:node_modules/@babel/plugin-transform-class-static-block Completed in 3096ms
2507 timing reifyNode:node_modules/@babel/plugin-transform-async-generator-functions Completed in 3097ms
2508 timing reifyNode:node_modules/@babel/plugin-proposal-private-property-in-object Completed in 3096ms
2509 timing reifyNode:node_modules/@babel/plugin-bugfix-v8-static-class-fields-redefine-readonly Completed in 3103ms
2510 timing reifyNode:node_modules/@babel/plugin-bugfix-safari-rest-destructuring-rhs-array Completed in 3103ms
2511 timing reifyNode:node_modules/micromatch Completed in 3109ms
2512 timing reifyNode:node_modules/clsx Completed in 3109ms
2513 warn deprecated rimraf@3.0.2: Rimraf versions prior to v4 are no longer supported
2514 timing reifyNode:node_modules/rimraf Completed in 3111ms
2515 timing reifyNode:node_modules/loose-envify Completed in 3112ms
2516 timing reifyNode:node_modules/@babel/helper-string-parser Completed in 3113ms
2517 timing reifyNode:node_modules/@babel/code-frame Completed in 3113ms
2518 timing reifyNode:node_modules/punycode Completed in 3165ms
2519 timing reifyNode:node_modules/upath Completed in 3160ms
2520 timing reifyNode:node_modules/concat-map Completed in 3152ms
2521 timing reifyNode:node_modules/@babel/helper-globals Completed in 3163ms
2522 timing reifyNode:node_modules/debug Completed in 3168ms
2523 timing reifyNode:node_modules/filelist/node_modules/minimatch Completed in 3206ms
2524 timing reifyNode:node_modules/isexe Completed in 3229ms
2525 timing reifyNode:node_modules/@babel/helper-member-expression-to-functions Completed in 3224ms
2526 timing reifyNode:node_modules/tinyglobby Completed in 3218ms
2527 timing reifyNode:node_modules/postcss-js Completed in 3215ms
2528 timing reifyNode:node_modules/object-hash Completed in 3215ms
2529 timing reifyNode:node_modules/dlv Completed in 3215ms
2530 timing reifyNode:node_modules/remove-accents Completed in 3217ms
2531 timing reifyNode:node_modules/cssesc Completed in 3217ms
2532 timing reifyNode:node_modules/update-browserslist-db Completed in 3218ms
2533 timing reifyNode:node_modules/follow-redirects Completed in 3221ms
2534 timing reifyNode:node_modules/@types/babel__traverse Completed in 3223ms
2535 timing reifyNode:node_modules/cross-spawn Completed in 3282ms
2536 timing reifyNode:node_modules/regjsparser Completed in 3273ms
2537 timing reifyNode:node_modules/workbox-sw Completed in 3268ms
2538 timing reifyNode:node_modules/mz Completed in 3260ms
2539 timing reifyNode:node_modules/postcss-load-config Completed in 3257ms
2540 warn deprecated glob@7.2.3: Old versions of glob are not supported, and contain widely publicized security vulnerabilities, which have been fixed in the current version. Please update. Support for old versions may be purchased (at exorbitant rates) by contacting i@izs.me
2541 timing reifyNode:node_modules/glob Completed in 3256ms
2542 timing reifyNode:node_modules/react-is Completed in 3256ms
2543 timing reifyNode:node_modules/react-lifecycles-compat Completed in 3255ms
2544 timing reifyNode:node_modules/hasown Completed in 3255ms
2545 timing reifyNode:node_modules/gensync Completed in 3254ms
2546 timing reifyNode:node_modules/@types/react-dom Completed in 3250ms
2547 timing reifyNode:node_modules/possible-typed-array-names Completed in 3303ms
2548 timing reifyNode:node_modules/set-function-name Completed in 3301ms
2549 timing reifyNode:node_modules/define-properties Completed in 3300ms
2550 timing reifyNode:node_modules/@babel/helper-create-regexp-features-plugin Completed in 3299ms
2551 timing reifyNode:node_modules/@babel/plugin-transform-object-rest-spread Completed in 3298ms
2552 timing reifyNode:node_modules/@babel/plugin-transform-modules-systemjs Completed in 3294ms
2553 timing reifyNode:node_modules/@babel/plugin-transform-for-of Completed in 3295ms
2554 timing reifyNode:node_modules/@babel/plugin-transform-destructuring Completed in 3294ms
2555 timing reifyNode:node_modules/supports-preserve-symlinks-flag Completed in 3287ms
2556 timing reifyNode:node_modules/@jridgewell/resolve-uri Completed in 3279ms
2557 timing reifyNode:node_modules/@babel/helper-validator-option Completed in 3290ms
2558 timing reifyNode:node_modules/jsesc Completed in 3290ms
2559 timing reifyNode:node_modules/semver Completed in 3290ms
2560 timing reifyNode:node_modules/terser/node_modules/commander Completed in 3325ms
2561 timing reifyNode:node_modules/typed-array-byte-length Completed in 3340ms
2562 timing reifyNode:node_modules/typed-array-buffer Completed in 3343ms
2563 timing reifyNode:node_modules/typed-array-length Completed in 3343ms
2564 timing reifyNode:node_modules/safe-regex-test Completed in 3343ms
2565 timing reifyNode:node_modules/stop-iteration-iterator Completed in 3344ms
2566 timing reifyNode:node_modules/safe-push-apply Completed in 3345ms
2567 timing reifyNode:node_modules/has-property-descriptors Completed in 3341ms
2568 timing reifyNode:node_modules/call-bound Completed in 3341ms
2569 timing reifyNode:node_modules/strip-comments Completed in 3332ms
2570 timing reifyNode:node_modules/escalade Completed in 3327ms
2571 timing reifyNode:node_modules/commander Completed in 3327ms
2572 timing reifyNode:node_modules/postcss-value-parser Completed in 3323ms
2573 timing reifyNode:node_modules/es-set-tostringtag Completed in 3325ms
2574 timing reifyNode:node_modules/is-async-function Completed in 3383ms
2575 timing reifyNode:node_modules/source-map-support Completed in 3380ms
2576 timing reifyNode:node_modules/side-channel-weakmap Completed in 3379ms
2577 timing reifyNode:node_modules/functions-have-names Completed in 3379ms
2578 timing reifyNode:node_modules/is-typed-array Completed in 3378ms
2579 timing reifyNode:node_modules/is-negative-zero Completed in 3377ms
2580 timing reifyNode:node_modules/is-regex Completed in 3377ms
2581 timing reifyNode:node_modules/fast-deep-equal Completed in 3373ms
2582 timing reifyNode:node_modules/esutils Completed in 3373ms
2583 timing reifyNode:node_modules/is-core-module Completed in 3360ms
2584 timing reifyNode:node_modules/@socket.io/component-emitter Completed in 3355ms
2585 timing reifyNode:node_modules/js-sha3 Completed in 3355ms
2586 timing reifyNode:node_modules/node-releases Completed in 3354ms
2587 timing reifyNode:node_modules/@babel/helper-validator-identifier Completed in 3354ms
2588 timing reifyNode:node_modules/tinyglobby/node_modules/fdir Completed in 3373ms
2589 timing reifyNode:node_modules/which-collection Completed in 3408ms
2590 timing reifyNode:node_modules/is-finalizationregistry Completed in 3407ms
2591 timing reifyNode:node_modules/is-bigint Completed in 3407ms
2592 timing reifyNode:node_modules/which-builtin-type Completed in 3405ms
2593 timing reifyNode:node_modules/has-bigints Completed in 3406ms
2594 timing reifyNode:node_modules/typed-array-byte-offset Completed in 3405ms
2595 timing reifyNode:node_modules/safe-array-concat Completed in 3405ms
2596 timing reifyNode:node_modules/own-keys Completed in 3404ms
2597 timing reifyNode:node_modules/is-shared-array-buffer Completed in 3404ms
2598 timing reifyNode:node_modules/is-weakref Completed in 3405ms
2599 timing reifyNode:node_modules/is-array-buffer Completed in 3403ms
2600 timing reifyNode:node_modules/data-view-byte-offset Completed in 3403ms
2601 timing reifyNode:node_modules/data-view-buffer Completed in 3403ms
2602 timing reifyNode:node_modules/available-typed-arrays Completed in 3404ms
2603 timing reifyNode:node_modules/array-buffer-byte-length Completed in 3404ms
2604 timing reifyNode:node_modules/set-function-length Completed in 3403ms
2605 timing reifyNode:node_modules/data-view-byte-length Completed in 3405ms
2606 timing metavuln:cache:get:security-advisory:@vitejs/plugin-react:9Gy9+ze27G1us6B+W8biV10fSWWlbvxdqXOWR2dOcacJriijvaJSB375JaNqMBMF4g4ZE1YqsyqGPI5D0gHDqQ== Completed in 430ms
2607 timing metavuln:load:security-advisory:@vitejs/plugin-react:I1BdsVrQ8+F0Nz5pjiEY7gYSFBzvKNwOR8nQyg9euOprN34SC4VipJH1GMc8WCRl+e0xZWGr2QiYwiNwqO4gag== Completed in 0ms
2608 timing metavuln:calculate:security-advisory:@vitejs/plugin-react:I1BdsVrQ8+F0Nz5pjiEY7gYSFBzvKNwOR8nQyg9euOprN34SC4VipJH1GMc8WCRl+e0xZWGr2QiYwiNwqO4gag== Completed in 431ms
2609 timing metavuln:cache:get:security-advisory:vite-plugin-pwa:tlB8Hq2WonxqQm+sn18tR++g4F82HC7LjkZqgboA29XOETB41i0e0qC8gTMhbEl4prEuNHv46MtoWdO8cnfOkg== Completed in 441ms
2610 timing metavuln:load:security-advisory:vite-plugin-pwa:I1BdsVrQ8+F0Nz5pjiEY7gYSFBzvKNwOR8nQyg9euOprN34SC4VipJH1GMc8WCRl+e0xZWGr2QiYwiNwqO4gag== Completed in 8ms
2611 timing metavuln:calculate:security-advisory:vite-plugin-pwa:I1BdsVrQ8+F0Nz5pjiEY7gYSFBzvKNwOR8nQyg9euOprN34SC4VipJH1GMc8WCRl+e0xZWGr2QiYwiNwqO4gag== Completed in 449ms
2612 timing reifyNode:node_modules/@rollup/plugin-replace Completed in 3414ms
2613 timing reifyNode:node_modules/braces Completed in 3404ms
2614 timing reifyNode:node_modules/postcss-import Completed in 3404ms
2615 timing reifyNode:node_modules/es-define-property Completed in 3402ms
2616 timing reifyNode:node_modules/browserslist Completed in 3407ms
2617 timing reifyNode:node_modules/is-weakmap Completed in 3460ms
2618 timing reifyNode:node_modules/is-generator-function Completed in 3459ms
2619 timing reifyNode:node_modules/is-number-object Completed in 3460ms
2620 timing reifyNode:node_modules/which-boxed-primitive Completed in 3458ms
2621 timing reifyNode:node_modules/side-channel-map Completed in 3456ms
2622 timing reifyNode:node_modules/is-symbol Completed in 3455ms
2623 timing reifyNode:node_modules/is-date-object Completed in 3455ms
2624 timing reifyNode:node_modules/unbox-primitive Completed in 3456ms
2625 timing reifyNode:node_modules/is-string Completed in 3455ms
2626 timing reifyNode:node_modules/is-callable Completed in 3454ms
2627 timing reifyNode:node_modules/is-data-view Completed in 3455ms
2628 timing reifyNode:node_modules/object-keys Completed in 3453ms
2629 timing reifyNode:node_modules/side-channel Completed in 3453ms
2630 timing reifyNode:node_modules/internal-slot Completed in 3453ms
2631 timing reifyNode:node_modules/call-bind Completed in 3453ms
2632 timing reifyNode:node_modules/smob Completed in 3453ms
2633 timing reifyNode:node_modules/deepmerge Completed in 3453ms
2634 timing reifyNode:node_modules/@babel/plugin-transform-classes Completed in 3447ms
2635 timing reifyNode:node_modules/ts-interface-checker Completed in 3443ms
2636 timing reifyNode:node_modules/gopd Completed in 3437ms
2637 timing reifyNode:node_modules/https-proxy-agent Completed in 3440ms
2638 timing reifyNode:node_modules/@vitejs/plugin-react Completed in 3435ms
2639 timing reifyNode:node_modules/is-weakset Completed in 3496ms
2640 timing reifyNode:node_modules/is-map Completed in 3495ms
2641 timing reifyNode:node_modules/async-function Completed in 3496ms
2642 timing reifyNode:node_modules/reflect.getprototypeof Completed in 3493ms
2643 timing reifyNode:node_modules/side-channel-list Completed in 3490ms
2644 timing reifyNode:node_modules/string.prototype.trimstart Completed in 3489ms
2645 timing reifyNode:node_modules/is-set Completed in 3488ms
2646 timing reifyNode:node_modules/get-symbol-description Completed in 3487ms
2647 timing reifyNode:node_modules/define-data-property Completed in 3485ms
2648 timing reifyNode:node_modules/babel-plugin-polyfill-corejs2 Completed in 3482ms
2649 timing reifyNode:node_modules/@babel/plugin-transform-modules-commonjs Completed in 3478ms
2650 timing reifyNode:node_modules/picomatch Completed in 3470ms
2651 timing reifyNode:node_modules/dunder-proto Completed in 3463ms
2652 timing reifyNode:node_modules/agent-base Completed in 3463ms
2653 timing reifyNode:node_modules/get-intrinsic Completed in 3463ms
2654 timing reifyNode:node_modules/form-data Completed in 3463ms
2655 timing reifyNode:node_modules/react-refresh Completed in 3462ms
2656 timing reifyNode:node_modules/package-json-from-dist Completed in 3518ms
2657 timing reifyNode:node_modules/is-boolean-object Completed in 3514ms
2658 timing reifyNode:node_modules/has-proto Completed in 3505ms
2659 timing reifyNode:node_modules/arraybuffer.prototype.slice Completed in 3504ms
2660 timing reifyNode:node_modules/esbuild Completed in 3487ms
2661 timing reifyNode:node_modules/chokidar Completed in 3482ms
2662 timing reifyNode:node_modules/function-bind Completed in 3480ms
2663 timing reifyNode:node_modules/@emotion/memoize Completed in 3481ms
2664 timing reifyNode:node_modules/@babel/helper-module-imports Completed in 3479ms
2665 timing reifyNode:node_modules/@rollup/pluginutils/node_modules/picomatch Completed in 3512ms
2666 timing reifyNode:node_modules/tinyglobby/node_modules/picomatch Completed in 3497ms
2667 timing reifyNode:node_modules/generator-function Completed in 3531ms
2668 timing reifyNode:node_modules/for-each Completed in 3527ms
2669 timing reifyNode:node_modules/@jridgewell/source-map Completed in 3528ms
2670 timing reifyNode:node_modules/string.prototype.trimend Completed in 3524ms
2671 timing reifyNode:node_modules/set-proto Completed in 3524ms
2672 timing reifyNode:node_modules/@rollup/pluginutils Completed in 3518ms
2673 timing reifyNode:node_modules/get-proto Completed in 3496ms
2674 timing reifyNode:node_modules/@tailwindcss/typography Completed in 3490ms
2675 timing reifyNode:node_modules/which-typed-array Completed in 3541ms
2676 timing reifyNode:node_modules/globalthis Completed in 3538ms
2677 timing reifyNode:node_modules/json-schema-traverse Completed in 3534ms
2678 timing reifyNode:node_modules/@babel/plugin-transform-parameters Completed in 3531ms
2679 timing reifyNode:node_modules/@babel/plugin-transform-block-scoping Completed in 3527ms
2680 timing reifyNode:node_modules/@rollup/plugin-babel Completed in 3526ms
2681 timing reifyNode:node_modules/prop-types Completed in 3513ms
2682 timing reifyNode:node_modules/mime-db Completed in 3514ms
2683 timing reifyNode:node_modules/es-object-atoms Completed in 3513ms
2684 timing reifyNode:node_modules/@babel/compat-data Completed in 3517ms
2685 timing reifyNode:node_modules/workbox-build/node_modules/balanced-match Completed in 3540ms
2686 timing reifyNode:node_modules/string.prototype.trim Completed in 3563ms
2687 timing reifyNode:node_modules/whatwg-url Completed in 3558ms
2688 timing reifyNode:node_modules/regexpu-core Completed in 3556ms
2689 timing reifyNode:node_modules/reusify Completed in 3541ms
2690 timing reifyNode:node_modules/fastq Completed in 3541ms
2691 timing reifyNode:node_modules/big-integer Completed in 3536ms
2692 timing reifyNode:node_modules/has-tostringtag Completed in 3535ms
2693 timing reifyNode:node_modules/asynckit Completed in 3535ms
2694 timing reifyNode:node_modules/regexp.prototype.flags Completed in 3574ms
2695 timing reifyNode:node_modules/string.prototype.matchall Completed in 3571ms
2696 timing reifyNode:node_modules/ejs Completed in 3572ms
2697 timing reifyNode:node_modules/@rollup/plugin-terser Completed in 3563ms
2698 timing reifyNode:node_modules/fast-json-stable-stringify Completed in 3564ms
2699 timing reifyNode:node_modules/use-sync-external-store Completed in 3602ms
2700 timing reifyNode:node_modules/has-symbols Completed in 3564ms
2701 timing reifyNode:node_modules/tslib Completed in 3564ms
2702 timing reifyNode:node_modules/@babel/helper-compilation-targets Completed in 3561ms
2703 timing metavuln:cache:get:security-advisory:vite:tMBsdAS7JBTyRORp0YaJR984WAAsOxgmReSLBN0Nd41GhzEakjROICqAJ31iOdYG5Ijo/MlJ01p3ig1iN88+Tw== Completed in 178ms
2704 timing metavuln:load:security-advisory:vite:jKdCIzePj7J1488qgRXvF8Srh9wutSuR1exB8YooNX62hT+qhtrUXYbArLNoIhgwbaCqKpmduh18syZU7BR9SA== Completed in 5ms
2705 timing metavuln:calculate:security-advisory:vite:jKdCIzePj7J1488qgRXvF8Srh9wutSuR1exB8YooNX62hT+qhtrUXYbArLNoIhgwbaCqKpmduh18syZU7BR9SA== Completed in 184ms
2706 timing auditReport:init Completed in 1260ms
2707 timing reify:audit Completed in 3649ms
2708 timing reifyNode:node_modules/@emotion/is-prop-valid Completed in 3593ms
2709 timing reifyNode:node_modules/workbox-build/node_modules/brace-expansion Completed in 3612ms
2710 timing reifyNode:node_modules/@nodelib/fs.stat Completed in 3611ms
2711 timing reifyNode:node_modules/match-sorter Completed in 3605ms
2712 timing reifyNode:node_modules/oblivious-set Completed in 3606ms
2713 timing reifyNode:node_modules/call-bind-apply-helpers Completed in 3605ms
2714 timing reifyNode:node_modules/electron-to-chromium Completed in 3604ms
2715 timing reifyNode:node_modules/tr46 Completed in 3653ms
2716 timing reifyNode:node_modules/function.prototype.name Completed in 3645ms
2717 timing reifyNode:node_modules/es-errors Completed in 3618ms
2718 timing reifyNode:node_modules/estree-walker Completed in 3652ms
2719 timing reifyNode:node_modules/unload Completed in 3631ms
2720 timing reifyNode:node_modules/baseline-browser-mapping Completed in 3640ms
2721 timing reifyNode:node_modules/@rollup/plugin-node-resolve Completed in 3667ms
2722 timing reifyNode:node_modules/idb Completed in 3701ms
2723 timing reifyNode:node_modules/object.assign Completed in 3691ms
2724 timing reifyNode:node_modules/@babel/template Completed in 3657ms
2725 timing reifyNode:node_modules/scheduler Completed in 3670ms
2726 timing reifyNode:node_modules/react-intersection-observer Completed in 3665ms
2727 timing reifyNode:node_modules/es-to-primitive Completed in 3708ms
2728 timing reifyNode:node_modules/@nodelib/fs.scandir Completed in 3688ms
2729 timing reifyNode:node_modules/ws Completed in 3684ms
2730 timing reifyNode:node_modules/@babel/helper-module-transforms Completed in 3677ms
2731 timing reifyNode:node_modules/workbox-cacheable-response Completed in 3705ms
2732 timing reifyNode:node_modules/nanoid Completed in 3697ms
2733 timing reifyNode:node_modules/source-map-js Completed in 3698ms
2734 timing reifyNode:node_modules/babel-plugin-polyfill-corejs3 Completed in 3728ms
2735 timing reifyNode:node_modules/workbox-navigation-preload Completed in 3721ms
2736 timing reifyNode:node_modules/eta Completed in 3721ms
2737 warn deprecated source-map@0.8.0-beta.0: The work that was done in this beta branch won't be included in future versions
2738 timing reifyNode:node_modules/source-map Completed in 3742ms
2739 timing reifyNode:node_modules/@babel/plugin-transform-regenerator Completed in 3756ms
2740 timing reifyNode:node_modules/@apideck/better-ajv-errors Completed in 3751ms
2741 timing reifyNode:node_modules/@nodelib/fs.walk Completed in 3743ms
2742 timing reifyNode:node_modules/fraction.js Completed in 3734ms
2743 timing reifyNode:node_modules/type-fest Completed in 3780ms
2744 timing reifyNode:node_modules/workbox-google-analytics Completed in 3761ms
2745 timing reifyNode:node_modules/any-promise Completed in 3756ms
2746 timing reifyNode:node_modules/socket.io-parser Completed in 3765ms
2747 timing reifyNode:node_modules/@jridgewell/sourcemap-codec Completed in 3760ms
2748 timing reifyNode:node_modules/math-intrinsics Completed in 3772ms
2749 timing reifyNode:node_modules/@jridgewell/remapping Completed in 3769ms
2750 timing reifyNode:node_modules/signal-exit Completed in 3826ms
2751 timing reifyNode:node_modules/json5 Completed in 3784ms
2752 timing reifyNode:node_modules/react Completed in 3782ms
2753 timing reifyNode:node_modules/minipass Completed in 3837ms
2754 timing reifyNode:node_modules/magic-string Completed in 3820ms
2755 timing reifyNode:node_modules/workbox-range-requests Completed in 3819ms
2756 timing reifyNode:node_modules/@babel/helper-define-polyfill-provider Completed in 3837ms
2757 timing reifyNode:node_modules/@jridgewell/gen-mapping Completed in 3808ms
2758 timing reifyNode:node_modules/object-inspect Completed in 3849ms
2759 timing reifyNode:node_modules/@types/react Completed in 3810ms
2760 timing reifyNode:node_modules/workbox-broadcast-update Completed in 3848ms
2761 timing reifyNode:node_modules/vite-plugin-pwa Completed in 3827ms
2762 timing reifyNode:node_modules/acorn Completed in 3875ms
2763 timing reifyNode:node_modules/workbox-recipes Completed in 3855ms
2764 timing reifyNode:node_modules/foreground-child Completed in 3887ms
2765 timing reifyNode:node_modules/@babel/helper-create-class-features-plugin Completed in 3882ms
2766 timing reifyNode:node_modules/workbox-expiration Completed in 3873ms
2767 timing reifyNode:node_modules/engine.io-parser Completed in 3861ms
2768 timing reifyNode:node_modules/react-hot-toast Completed in 3852ms
2769 timing reifyNode:node_modules/path-scurry Completed in 3909ms
2770 timing reifyNode:node_modules/workbox-streams Completed in 3920ms
2771 timing reifyNode:node_modules/fast-uri Completed in 3938ms
2772 timing reifyNode:node_modules/postcss-selector-parser Completed in 3941ms
2773 timing reifyNode:node_modules/jackspeak Completed in 3994ms
2774 timing reifyNode:node_modules/postcss-nested/node_modules/postcss-selector-parser Completed in 3960ms
2775 timing reifyNode:node_modules/tailwindcss/node_modules/postcss-selector-parser Completed in 3943ms
2776 timing reifyNode:node_modules/@babel/preset-modules Completed in 3982ms
2777 timing reifyNode:node_modules/@babel/preset-env Completed in 3979ms
2778 timing reifyNode:node_modules/fs-extra Completed in 3985ms
2779 timing reifyNode:node_modules/@jridgewell/trace-mapping Completed in 3972ms
2780 timing reifyNode:node_modules/core-js-compat Completed in 4029ms
2781 timing reifyNode:node_modules/workbox-background-sync Completed in 4021ms
2782 timing reifyNode:node_modules/source-map-support/node_modules/source-map Completed in 4076ms
2783 timing reifyNode:node_modules/jake Completed in 4066ms
2784 timing reifyNode:node_modules/postcss Completed in 4041ms
2785 timing reifyNode:node_modules/react-router Completed in 4062ms
2786 timing reifyNode:node_modules/workbox-routing Completed in 4083ms
2787 timing reifyNode:node_modules/csstype Completed in 4066ms
2788 timing reifyNode:node_modules/fast-glob Completed in 4079ms
2789 timing reifyNode:node_modules/workbox-strategies Completed in 4110ms
2790 timing reifyNode:node_modules/workbox-window Completed in 4125ms
2791 timing reifyNode:node_modules/react-router-dom Completed in 4104ms
2792 timing reifyNode:node_modules/@babel/generator Completed in 4114ms
2793 timing reifyNode:node_modules/broadcast-channel Completed in 4128ms
2794 timing reifyNode:node_modules/workbox-build/node_modules/minimatch Completed in 4150ms
2795 timing reifyNode:node_modules/goober Completed in 4213ms
2796 timing reifyNode:node_modules/autoprefixer Completed in 4245ms
2797 warn deprecated glob@11.1.0: Old versions of glob are not supported, and contain widely publicized security vulnerabilities, which have been fixed in the current version. Please update. Support for old versions may be purchased (at exorbitant rates) by contacting i@izs.me
2798 timing reifyNode:node_modules/workbox-build/node_modules/glob Completed in 4276ms
2799 timing reifyNode:node_modules/@rollup/rollup-linux-x64-gnu Completed in 4324ms
2800 timing reifyNode:node_modules/@rollup/rollup-linux-x64-musl Completed in 4334ms
2801 timing reifyNode:node_modules/@babel/traverse Completed in 4333ms
2802 timing reifyNode:node_modules/@babel/parser Completed in 4345ms
2803 timing reifyNode:node_modules/workbox-precaching Completed in 4374ms
2804 timing reifyNode:node_modules/jiti Completed in 4366ms
2805 timing reifyNode:node_modules/workbox-core Completed in 4475ms
2806 timing reifyNode:node_modules/workbox-build Completed in 4508ms
2807 timing reifyNode:node_modules/socket.io-client Completed in 4503ms
2808 timing reifyNode:node_modules/@isaacs/cliui Completed in 4583ms
2809 timing reifyNode:node_modules/@remix-run/router Completed in 4563ms
2810 timing reifyNode:node_modules/terser Completed in 4603ms
2811 timing reifyNode:node_modules/common-tags Completed in 4599ms
2812 timing reifyNode:node_modules/zustand Completed in 4583ms
2813 timing reifyNode:node_modules/async Completed in 4626ms
2814 timing reifyNode:node_modules/engine.io-client Completed in 4610ms
2815 timing reifyNode:node_modules/rollup Completed in 4633ms
2816 timing reifyNode:node_modules/resolve Completed in 4636ms
2817 timing reifyNode:node_modules/@babel/core Completed in 4662ms
2818 timing reifyNode:node_modules/vite Completed in 4693ms
2819 timing reifyNode:node_modules/@babel/runtime Completed in 4769ms
2820 timing reifyNode:node_modules/path-scurry/node_modules/lru-cache Completed in 4891ms
2821 timing reifyNode:node_modules/axios Completed in 4849ms
2822 timing reifyNode:node_modules/react-dom Completed in 4869ms
2823 timing reifyNode:node_modules/@babel/helpers Completed in 4890ms
2824 timing reifyNode:node_modules/dom-helpers Completed in 4937ms
2825 timing reifyNode:node_modules/@trickfilm400/rollup-plugin-off-main-thread Completed in 4981ms
2826 timing reifyNode:node_modules/sucrase Completed in 4974ms
2827 timing reifyNode:node_modules/@babel/types Completed in 5054ms
2828 timing reifyNode:node_modules/react-query Completed in 5104ms
2829 timing reifyNode:node_modules/regenerate-unicode-properties Completed in 5195ms
2830 timing reifyNode:node_modules/@esbuild/linux-x64 Completed in 5282ms
2831 timing reifyNode:node_modules/react-virtualized Completed in 5311ms
2832 timing reifyNode:node_modules/ajv Completed in 5350ms
2833 timing reifyNode:node_modules/framer-motion Completed in 5353ms
2834 timing reifyNode:node_modules/tailwindcss Completed in 5357ms
2835 timing reifyNode:node_modules/caniuse-lite Completed in 5606ms
2836 timing reifyNode:node_modules/typescript Completed in 5907ms
2837 timing reifyNode:node_modules/es-abstract Completed in 6525ms
2838 timing reifyNode:node_modules/lucide-react Completed in 7109ms
2839 timing reifyNode:node_modules/date-fns Completed in 12847ms
2840 timing reify:unpack Completed in 12910ms
2841 timing reify:unretire Completed in 1ms
2842 timing build:queue Completed in 24ms
2843 timing build:link:node_modules/@babel/parser Completed in 16ms
2844 timing build:link:node_modules/acorn Completed in 15ms
2845 timing build:link:node_modules/autoprefixer Completed in 15ms
2846 timing build:link:node_modules/baseline-browser-mapping Completed in 15ms
2847 timing build:link:node_modules/workbox-build/node_modules/glob Completed in 12ms
2848 timing build:link:node_modules/ejs Completed in 14ms
2849 timing build:link:node_modules/browserslist Completed in 15ms
2850 timing build:link:node_modules/cssesc Completed in 14ms
2851 timing build:link:node_modules/esbuild Completed in 14ms
2852 timing build:link:node_modules/jiti Completed in 14ms
2853 timing build:link:node_modules/json5 Completed in 14ms
2854 timing build:link:node_modules/jsesc Completed in 14ms
2855 timing build:link:node_modules/jake Completed in 14ms
2856 timing build:link:node_modules/loose-envify Completed in 14ms
2857 timing build:link:node_modules/nanoid Completed in 13ms
2858 timing build:link:node_modules/regjsparser Completed in 13ms
2859 timing build:link:node_modules/resolve Completed in 14ms
2860 timing build:link:node_modules/rimraf Completed in 14ms
2861 timing build:link:node_modules/rollup Completed in 14ms
2862 timing build:link:node_modules/semver Completed in 14ms
2863 timing build:link:node_modules/sucrase Completed in 14ms
2864 timing build:link:node_modules/tailwindcss Completed in 14ms
2865 timing build:link:node_modules/terser Completed in 14ms
2866 timing build:link:node_modules/typescript Completed in 14ms
2867 timing build:link:node_modules/update-browserslist-db Completed in 13ms
2868 timing build:link:node_modules/vite Completed in 13ms
2869 timing build:link:node_modules/which Completed in 13ms
2870 timing build:link Completed in 17ms
2871 info run esbuild@0.21.5 postinstall node_modules/esbuild node install.js
2872 info run esbuild@0.21.5 postinstall { code: 0, signal: null }
2873 timing build:run:postinstall:node_modules/esbuild Completed in 300ms
2874 timing build:run:postinstall Completed in 301ms
2875 timing build:deps Completed in 342ms
2876 timing build Completed in 343ms
2877 timing reify:build Completed in 344ms
2878 timing reify:trash Completed in 3ms
2879 timing reify:save Completed in 209ms
2880 timing reify Completed in 24031ms
2881 silly ADD node_modules/isexe
2882 silly ADD node_modules/shebang-regex
2883 silly ADD node_modules/@isaacs/cliui
2884 silly ADD node_modules/which
2885 silly ADD node_modules/shebang-command
2886 silly ADD node_modules/path-key
2887 silly ADD node_modules/signal-exit
2888 silly ADD node_modules/cross-spawn
2889 silly ADD node_modules/path-scurry
2890 silly ADD node_modules/path-scurry/node_modules/lru-cache
2891 silly ADD node_modules/package-json-from-dist
2892 silly ADD node_modules/minipass
2893 silly ADD node_modules/jackspeak
2894 silly ADD node_modules/foreground-child
2895 silly ADD node_modules/use-sync-external-store
2896 silly ADD node_modules/@types/trusted-types
2897 silly ADD node_modules/idb
2898 silly ADD node_modules/is-weakset
2899 silly ADD node_modules/is-weakmap
2900 silly ADD node_modules/is-map
2901 silly ADD node_modules/generator-function
2902 silly ADD node_modules/async-function
2903 silly ADD node_modules/which-collection
2904 silly ADD node_modules/is-generator-function
2905 silly ADD node_modules/is-finalizationregistry
2906 silly ADD node_modules/is-async-function
2907 silly ADD node_modules/is-number-object
2908 silly ADD node_modules/is-boolean-object
2909 silly ADD node_modules/is-bigint
2910 silly ADD node_modules/punycode
2911 silly ADD node_modules/webidl-conversions
2912 silly ADD node_modules/tr46
2913 silly ADD node_modules/lodash.sortby
2914 silly ADD node_modules/crypto-random-string
2915 silly ADD node_modules/unicode-property-aliases-ecmascript
2916 silly ADD node_modules/unicode-canonical-property-names-ecmascript
2917 silly ADD node_modules/which-boxed-primitive
2918 silly ADD node_modules/has-bigints
2919 silly ADD node_modules/which-builtin-type
2920 silly ADD node_modules/reflect.getprototypeof
2921 silly ADD node_modules/for-each
2922 silly ADD node_modules/buffer-from
2923 silly ADD node_modules/source-map-support
2924 silly ADD node_modules/source-map-support/node_modules/source-map
2925 silly ADD node_modules/acorn
2926 silly ADD node_modules/@jridgewell/source-map
2927 silly ADD node_modules/unique-string
2928 silly ADD node_modules/type-fest
2929 silly ADD node_modules/temp-dir
2930 silly ADD node_modules/is-stream
2931 silly ADD node_modules/is-regexp
2932 silly ADD node_modules/is-obj
2933 silly ADD node_modules/get-own-enumerable-property-symbols
2934 silly ADD node_modules/side-channel-weakmap
2935 silly ADD node_modules/side-channel-map
2936 silly ADD node_modules/side-channel-list
2937 silly ADD node_modules/isarray
2938 silly ADD node_modules/functions-have-names
2939 silly ADD node_modules/is-symbol
2940 silly ADD node_modules/is-date-object
2941 silly ADD node_modules/possible-typed-array-names
2942 silly ADD node_modules/which-typed-array
2943 silly ADD node_modules/unbox-primitive
2944 silly ADD node_modules/typed-array-length
2945 silly ADD node_modules/typed-array-byte-offset
2946 silly ADD node_modules/typed-array-byte-length
2947 silly ADD node_modules/typed-array-buffer
2948 silly ADD node_modules/string.prototype.trimstart
2949 silly ADD node_modules/string.prototype.trimend
2950 silly ADD node_modules/string.prototype.trim
2951 silly ADD node_modules/stop-iteration-iterator
2952 silly ADD node_modules/set-proto
2953 silly ADD node_modules/safe-regex-test
2954 silly ADD node_modules/safe-push-apply
2955 silly ADD node_modules/safe-array-concat
2956 silly ADD node_modules/own-keys
2957 silly ADD node_modules/object.assign
2958 silly ADD node_modules/object-inspect
2959 silly ADD node_modules/is-weakref
2960 silly ADD node_modules/is-typed-array
2961 silly ADD node_modules/is-string
2962 silly ADD node_modules/is-shared-array-buffer
2963 silly ADD node_modules/is-set
2964 silly ADD node_modules/is-regex
2965 silly ADD node_modules/is-negative-zero
2966 silly ADD node_modules/is-data-view
2967 silly ADD node_modules/is-callable
2968 silly ADD node_modules/is-array-buffer
2969 silly ADD node_modules/has-proto
2970 silly ADD node_modules/globalthis
2971 silly ADD node_modules/get-symbol-description
2972 silly ADD node_modules/function.prototype.name
2973 silly ADD node_modules/es-to-primitive
2974 silly ADD node_modules/data-view-byte-offset
2975 silly ADD node_modules/data-view-byte-length
2976 silly ADD node_modules/data-view-buffer
2977 silly ADD node_modules/available-typed-arrays
2978 silly ADD node_modules/arraybuffer.prototype.slice
2979 silly ADD node_modules/array-buffer-byte-length
2980 silly ADD node_modules/object-keys
2981 silly ADD node_modules/has-property-descriptors
2982 silly ADD node_modules/define-data-property
2983 silly ADD node_modules/set-function-length
2984 silly ADD node_modules/side-channel
2985 silly ADD node_modules/set-function-name
2986 silly ADD node_modules/regexp.prototype.flags
2987 silly ADD node_modules/internal-slot
2988 silly ADD node_modules/es-abstract
2989 silly ADD node_modules/define-properties
2990 silly ADD node_modules/call-bound
2991 silly ADD node_modules/call-bind
2992 silly ADD node_modules/whatwg-url
2993 silly ADD node_modules/unicode-match-property-value-ecmascript
2994 silly ADD node_modules/unicode-match-property-ecmascript
2995 silly ADD node_modules/regjsparser
2996 silly ADD node_modules/regjsgen
2997 silly ADD node_modules/regenerate-unicode-properties
2998 silly ADD node_modules/regenerate
2999 silly ADD node_modules/filelist
3000 silly ADD node_modules/filelist/node_modules/brace-expansion
3001 silly ADD node_modules/filelist/node_modules/minimatch
3002 silly ADD node_modules/async
3003 silly ADD node_modules/universalify
3004 silly ADD node_modules/jsonfile
3005 silly ADD node_modules/graceful-fs
3006 silly ADD node_modules/at-least-node
3007 silly ADD node_modules/jake
3008 silly ADD node_modules/lodash.debounce
3009 silly ADD node_modules/@babel/helper-define-polyfill-provider
3010 silly ADD node_modules/require-from-string
3011 silly ADD node_modules/json-schema-traverse
3012 silly ADD node_modules/fast-uri
3013 silly ADD node_modules/fast-deep-equal
3014 silly ADD node_modules/string.prototype.matchall
3015 silly ADD node_modules/ejs
3016 silly ADD node_modules/estree-walker
3017 silly ADD node_modules/terser
3018 silly ADD node_modules/terser/node_modules/commander
3019 silly ADD node_modules/smob
3020 silly ADD node_modules/serialize-javascript
3021 silly ADD node_modules/magic-string
3022 silly ADD node_modules/is-module
3023 silly ADD node_modules/deepmerge
3024 silly ADD node_modules/@types/resolve
3025 silly ADD node_modules/@rollup/pluginutils
3026 silly ADD node_modules/@rollup/pluginutils/node_modules/picomatch
3027 silly ADD node_modules/esutils
3028 silly ADD node_modules/@babel/helper-replace-supers
3029 silly ADD node_modules/@babel/helper-optimise-call-expression
3030 silly ADD node_modules/@babel/helper-member-expression-to-functions
3031 silly ADD node_modules/@babel/helper-create-class-features-plugin
3032 silly ADD node_modules/@babel/helper-wrap-function
3033 silly ADD node_modules/@babel/helper-remap-async-to-generator
3034 silly ADD node_modules/regexpu-core
3035 silly ADD node_modules/@babel/helper-annotate-as-pure
3036 silly ADD node_modules/@babel/helper-create-regexp-features-plugin
3037 silly ADD node_modules/@babel/helper-skip-transparent-expression-wrappers
3038 silly ADD node_modules/core-js-compat
3039 silly ADD node_modules/babel-plugin-polyfill-regenerator
3040 silly ADD node_modules/babel-plugin-polyfill-corejs3
3041 silly ADD node_modules/babel-plugin-polyfill-corejs2
3042 silly ADD node_modules/@babel/preset-modules
3043 silly ADD node_modules/@babel/plugin-transform-unicode-sets-regex
3044 silly ADD node_modules/@babel/plugin-transform-unicode-regex
3045 silly ADD node_modules/@babel/plugin-transform-unicode-property-regex
3046 silly ADD node_modules/@babel/plugin-transform-unicode-escapes
3047 silly ADD node_modules/@babel/plugin-transform-typeof-symbol
3048 silly ADD node_modules/@babel/plugin-transform-template-literals
3049 silly ADD node_modules/@babel/plugin-transform-sticky-regex
3050 silly ADD node_modules/@babel/plugin-transform-spread
3051 silly ADD node_modules/@babel/plugin-transform-shorthand-properties
3052 silly ADD node_modules/@babel/plugin-transform-reserved-words
3053 silly ADD node_modules/@babel/plugin-transform-regexp-modifiers
3054 silly ADD node_modules/@babel/plugin-transform-regenerator
3055 silly ADD node_modules/@babel/plugin-transform-property-literals
3056 silly ADD node_modules/@babel/plugin-transform-private-property-in-object
3057 silly ADD node_modules/@babel/plugin-transform-private-methods
3058 silly ADD node_modules/@babel/plugin-transform-parameters
3059 silly ADD node_modules/@babel/plugin-transform-optional-chaining
3060 silly ADD node_modules/@babel/plugin-transform-optional-catch-binding
3061 silly ADD node_modules/@babel/plugin-transform-object-super
3062 silly ADD node_modules/@babel/plugin-transform-object-rest-spread
3063 silly ADD node_modules/@babel/plugin-transform-numeric-separator
3064 silly ADD node_modules/@babel/plugin-transform-nullish-coalescing-operator
3065 silly ADD node_modules/@babel/plugin-transform-new-target
3066 silly ADD node_modules/@babel/plugin-transform-named-capturing-groups-regex
3067 silly ADD node_modules/@babel/plugin-transform-modules-umd
3068 silly ADD node_modules/@babel/plugin-transform-modules-systemjs
3069 silly ADD node_modules/@babel/plugin-transform-modules-commonjs
3070 silly ADD node_modules/@babel/plugin-transform-modules-amd
3071 silly ADD node_modules/@babel/plugin-transform-member-expression-literals
3072 silly ADD node_modules/@babel/plugin-transform-logical-assignment-operators
3073 silly ADD node_modules/@babel/plugin-transform-literals
3074 silly ADD node_modules/@babel/plugin-transform-json-strings
3075 silly ADD node_modules/@babel/plugin-transform-function-name
3076 silly ADD node_modules/@babel/plugin-transform-for-of
3077 silly ADD node_modules/@babel/plugin-transform-export-namespace-from
3078 silly ADD node_modules/@babel/plugin-transform-exponentiation-operator
3079 silly ADD node_modules/@babel/plugin-transform-explicit-resource-management
3080 silly ADD node_modules/@babel/plugin-transform-dynamic-import
3081 silly ADD node_modules/@babel/plugin-transform-duplicate-named-capturing-groups-regex
3082 silly ADD node_modules/@babel/plugin-transform-duplicate-keys
3083 silly ADD node_modules/@babel/plugin-transform-dotall-regex
3084 silly ADD node_modules/@babel/plugin-transform-destructuring
3085 silly ADD node_modules/@babel/plugin-transform-computed-properties
3086 silly ADD node_modules/@babel/plugin-transform-classes
3087 silly ADD node_modules/@babel/plugin-transform-class-static-block
3088 silly ADD node_modules/@babel/plugin-transform-class-properties
3089 silly ADD node_modules/@babel/plugin-transform-block-scoping
3090 silly ADD node_modules/@babel/plugin-transform-block-scoped-functions
3091 silly ADD node_modules/@babel/plugin-transform-async-to-generator
3092 silly ADD node_modules/@babel/plugin-transform-async-generator-functions
3093 silly ADD node_modules/@babel/plugin-transform-arrow-functions
3094 silly ADD node_modules/@babel/plugin-syntax-unicode-sets-regex
3095 silly ADD node_modules/@babel/plugin-syntax-import-attributes
3096 silly ADD node_modules/@babel/plugin-syntax-import-assertions
3097 silly ADD node_modules/@babel/plugin-proposal-private-property-in-object
3098 silly ADD node_modules/@babel/plugin-bugfix-v8-static-class-fields-redefine-readonly
3099 silly ADD node_modules/@babel/plugin-bugfix-v8-spread-parameters-in-optional-chaining
3100 silly ADD node_modules/@babel/plugin-bugfix-safari-rest-destructuring-rhs-array
3101 silly ADD node_modules/@babel/plugin-bugfix-safari-id-destructuring-collision-in-function-expression
3102 silly ADD node_modules/@babel/plugin-bugfix-safari-class-field-initializer-scope
3103 silly ADD node_modules/@babel/plugin-bugfix-firefox-class-in-computed-class-key
3104 silly ADD node_modules/leven
3105 silly ADD node_modules/jsonpointer
3106 silly ADD node_modules/workbox-sw
3107 silly ADD node_modules/workbox-streams
3108 silly ADD node_modules/workbox-strategies
3109 silly ADD node_modules/workbox-routing
3110 silly ADD node_modules/workbox-recipes
3111 silly ADD node_modules/workbox-range-requests
3112 silly ADD node_modules/workbox-precaching
3113 silly ADD node_modules/workbox-navigation-preload
3114 silly ADD node_modules/workbox-google-analytics
3115 silly ADD node_modules/workbox-expiration
3116 silly ADD node_modules/workbox-core
3117 silly ADD node_modules/workbox-cacheable-response
3118 silly ADD node_modules/workbox-broadcast-update
3119 silly ADD node_modules/workbox-background-sync
3120 silly ADD node_modules/upath
3121 silly ADD node_modules/tempy
3122 silly ADD node_modules/strip-comments
3123 silly ADD node_modules/stringify-object
3124 silly ADD node_modules/source-map
3125 silly ADD node_modules/fs-extra
3126 silly ADD node_modules/fast-json-stable-stringify
3127 silly ADD node_modules/eta
3128 silly ADD node_modules/common-tags
3129 silly ADD node_modules/@trickfilm400/rollup-plugin-off-main-thread
3130 silly ADD node_modules/@rollup/plugin-terser
3131 silly ADD node_modules/@rollup/plugin-replace
3132 silly ADD node_modules/@rollup/plugin-node-resolve
3133 silly ADD node_modules/@rollup/plugin-babel
3134 silly ADD node_modules/@babel/preset-env
3135 silly ADD node_modules/ajv
3136 silly ADD node_modules/@apideck/better-ajv-errors
3137 silly ADD node_modules/workbox-window
3138 silly ADD node_modules/workbox-build
3139 silly ADD node_modules/workbox-build/node_modules/balanced-match
3140 silly ADD node_modules/workbox-build/node_modules/brace-expansion
3141 silly ADD node_modules/workbox-build/node_modules/minimatch
3142 silly ADD node_modules/workbox-build/node_modules/pretty-bytes
3143 silly ADD node_modules/workbox-build/node_modules/glob
3144 silly ADD node_modules/pretty-bytes
3145 silly ADD node_modules/@types/estree
3146 silly ADD
3147 silly ADD
3148 silly ADD
3149 silly ADD
3150 silly ADD
3151 silly ADD
3152 silly ADD node_modules/@rollup/rollup-linux-x64-musl
3153 silly ADD node_modules/@rollup/rollup-linux-x64-gnu
3154 silly ADD
3155 silly ADD
3156 silly ADD
3157 silly ADD
3158 silly ADD
3159 silly ADD
3160 silly ADD
3161 silly ADD
3162 silly ADD
3163 silly ADD
3164 silly ADD
3165 silly ADD
3166 silly ADD
3167 silly ADD
3168 silly ADD
3169 silly ADD
3170 silly ADD
3171 silly ADD
3172 silly ADD
3173 silly ADD
3174 silly ADD
3175 silly ADD
3176 silly ADD
3177 silly ADD node_modules/@esbuild/linux-x64
3178 silly ADD
3179 silly ADD
3180 silly ADD
3181 silly ADD
3182 silly ADD
3183 silly ADD
3184 silly ADD
3185 silly ADD
3186 silly ADD
3187 silly ADD
3188 silly ADD
3189 silly ADD
3190 silly ADD
3191 silly ADD
3192 silly ADD
3193 silly ADD
3194 silly ADD node_modules/rollup
3195 silly ADD node_modules/esbuild
3196 silly ADD node_modules/escalade
3197 silly ADD node_modules/is-number
3198 silly ADD node_modules/thenify
3199 silly ADD node_modules/thenify-all
3200 silly ADD node_modules/any-promise
3201 silly ADD node_modules/ts-interface-checker
3202 silly ADD node_modules/tinyglobby
3203 silly ADD node_modules/tinyglobby/node_modules/picomatch
3204 silly ADD node_modules/tinyglobby/node_modules/fdir
3205 silly ADD node_modules/pirates
3206 silly ADD node_modules/mz
3207 silly ADD node_modules/lines-and-columns
3208 silly ADD node_modules/commander
3209 silly ADD node_modules/queue-microtask
3210 silly ADD node_modules/supports-preserve-symlinks-flag
3211 silly ADD node_modules/path-parse
3212 silly ADD node_modules/is-core-module
3213 silly ADD node_modules/pify
3214 silly ADD node_modules/camelcase-css
3215 silly ADD node_modules/read-cache
3216 silly ADD node_modules/is-extglob
3217 silly ADD node_modules/binary-extensions
3218 silly ADD node_modules/to-regex-range
3219 silly ADD node_modules/reusify
3220 silly ADD node_modules/run-parallel
3221 silly ADD node_modules/fastq
3222 silly ADD node_modules/@nodelib/fs.scandir
3223 silly ADD node_modules/merge2
3224 silly ADD node_modules/@nodelib/fs.walk
3225 silly ADD node_modules/@nodelib/fs.stat
3226 silly ADD node_modules/fill-range
3227 silly ADD node_modules/picomatch
3228 silly ADD node_modules/readdirp
3229 silly ADD node_modules/is-binary-path
3230 silly ADD
3231 silly ADD node_modules/braces
3232 silly ADD node_modules/anymatch
3233 silly ADD node_modules/sucrase
3234 silly ADD node_modules/resolve
3235 silly ADD node_modules/postcss-nested
3236 silly ADD node_modules/postcss-nested/node_modules/postcss-selector-parser
3237 silly ADD node_modules/postcss-load-config
3238 silly ADD node_modules/postcss-js
3239 silly ADD node_modules/postcss-import
3240 silly ADD node_modules/object-hash
3241 silly ADD node_modules/normalize-path
3242 silly ADD node_modules/micromatch
3243 silly ADD node_modules/lilconfig
3244 silly ADD node_modules/jiti
3245 silly ADD node_modules/is-glob
3246 silly ADD node_modules/glob-parent
3247 silly ADD node_modules/fast-glob
3248 silly ADD node_modules/fast-glob/node_modules/glob-parent
3249 silly ADD node_modules/dlv
3250 silly ADD node_modules/didyoumean
3251 silly ADD node_modules/chokidar
3252 silly ADD node_modules/chokidar/node_modules/glob-parent
3253 silly ADD node_modules/arg
3254 silly ADD node_modules/@alloc/quick-lru
3255 silly ADD node_modules/xmlhttprequest-ssl
3256 silly ADD node_modules/ws
3257 silly ADD node_modules/engine.io-parser
3258 silly ADD node_modules/socket.io-parser
3259 silly ADD node_modules/engine.io-client
3260 silly ADD node_modules/@socket.io/component-emitter
3261 silly ADD node_modules/concat-map
3262 silly ADD node_modules/balanced-match
3263 silly ADD node_modules/brace-expansion
3264 silly ADD node_modules/wrappy
3265 silly ADD node_modules/path-is-absolute
3266 silly ADD node_modules/once
3267 silly ADD node_modules/minimatch
3268 silly ADD node_modules/inherits
3269 silly ADD node_modules/inflight
3270 silly ADD node_modules/fs.realpath
3271 silly ADD node_modules/glob
3272 silly ADD node_modules/react-is
3273 silly ADD node_modules/object-assign
3274 silly ADD node_modules/react-lifecycles-compat
3275 silly ADD node_modules/prop-types
3276 silly ADD node_modules/dom-helpers
3277 silly ADD node_modules/clsx
3278 silly ADD node_modules/react-router
3279 silly ADD node_modules/@remix-run/router
3280 silly ADD node_modules/big-integer
3281 silly ADD node_modules/remove-accents
3282 silly ADD node_modules/unload
3283 silly ADD node_modules/rimraf
3284 silly ADD node_modules/oblivious-set
3285 silly ADD node_modules/nano-time
3286 silly ADD node_modules/microseconds
3287 silly ADD node_modules/js-sha3
3288 silly ADD node_modules/detect-node
3289 silly ADD node_modules/match-sorter
3290 silly ADD node_modules/broadcast-channel
3291 silly ADD node_modules/goober
3292 silly ADD node_modules/scheduler
3293 silly ADD node_modules/loose-envify
3294 silly ADD node_modules/util-deprecate
3295 silly ADD node_modules/cssesc
3296 silly ADD node_modules/source-map-js
3297 silly ADD node_modules/nanoid
3298 silly ADD node_modules/mime-db
3299 silly ADD node_modules/yallist
3300 silly ADD node_modules/agent-base
3301 silly ADD node_modules/dunder-proto
3302 silly ADD node_modules/math-intrinsics
3303 silly ADD node_modules/has-symbols
3304 silly ADD node_modules/gopd
3305 silly ADD node_modules/get-proto
3306 silly ADD node_modules/function-bind
3307 silly ADD node_modules/es-object-atoms
3308 silly ADD node_modules/es-define-property
3309 silly ADD node_modules/call-bind-apply-helpers
3310 silly ADD node_modules/@emotion/memoize
3311 silly ADD node_modules/tslib
3312 silly ADD node_modules/@emotion/is-prop-valid
3313 silly ADD node_modules/has-tostringtag
3314 silly ADD node_modules/get-intrinsic
3315 silly ADD node_modules/es-errors
3316 silly ADD node_modules/delayed-stream
3317 silly ADD node_modules/mime-types
3318 silly ADD node_modules/hasown
3319 silly ADD node_modules/es-set-tostringtag
3320 silly ADD node_modules/combined-stream
3321 silly ADD node_modules/asynckit
3322 silly ADD node_modules/ms
3323 silly ADD node_modules/@babel/runtime
3324 silly ADD node_modules/update-browserslist-db
3325 silly ADD node_modules/node-releases
3326 silly ADD node_modules/electron-to-chromium
3327 silly ADD node_modules/baseline-browser-mapping
3328 silly ADD node_modules/proxy-from-env
3329 silly ADD node_modules/https-proxy-agent
3330 silly ADD node_modules/form-data
3331 silly ADD node_modules/follow-redirects
3332 silly ADD node_modules/postcss-value-parser
3333 silly ADD node_modules/fraction.js
3334 silly ADD node_modules/caniuse-lite
3335 silly ADD node_modules/@types/babel__traverse
3336 silly ADD node_modules/@types/babel__template
3337 silly ADD node_modules/@types/babel__generator
3338 silly ADD node_modules/@jridgewell/resolve-uri
3339 silly ADD node_modules/@jridgewell/sourcemap-codec
3340 silly ADD node_modules/@babel/helper-string-parser
3341 silly ADD node_modules/@babel/helper-globals
3342 silly ADD node_modules/@babel/helper-plugin-utils
3343 silly ADD node_modules/@babel/helper-module-imports
3344 silly ADD node_modules/lru-cache
3345 silly ADD node_modules/browserslist
3346 silly ADD node_modules/@babel/helper-validator-option
3347 silly ADD node_modules/@babel/compat-data
3348 silly ADD node_modules/jsesc
3349 silly ADD node_modules/@jridgewell/trace-mapping
3350 silly ADD node_modules/@jridgewell/gen-mapping
3351 silly ADD node_modules/picocolors
3352 silly ADD node_modules/js-tokens
3353 silly ADD node_modules/@babel/helper-validator-identifier
3354 silly ADD node_modules/semver
3355 silly ADD node_modules/json5
3356 silly ADD node_modules/gensync
3357 silly ADD node_modules/debug
3358 silly ADD node_modules/convert-source-map
3359 silly ADD node_modules/@jridgewell/remapping
3360 silly ADD node_modules/@babel/types
3361 silly ADD node_modules/@babel/traverse
3362 silly ADD node_modules/@babel/template
3363 silly ADD node_modules/@babel/parser
3364 silly ADD node_modules/@babel/helpers
3365 silly ADD node_modules/@babel/helper-module-transforms
3366 silly ADD node_modules/@babel/helper-compilation-targets
3367 silly ADD node_modules/@babel/generator
3368 silly ADD node_modules/@babel/code-frame
3369 silly ADD node_modules/react-refresh
3370 silly ADD node_modules/@types/babel__core
3371 silly ADD node_modules/@rolldown/pluginutils
3372 silly ADD node_modules/@babel/plugin-transform-react-jsx-source
3373 silly ADD node_modules/@babel/plugin-transform-react-jsx-self
3374 silly ADD node_modules/@babel/core
3375 silly ADD node_modules/csstype
3376 silly ADD node_modules/@types/prop-types
3377 silly ADD node_modules/postcss-selector-parser
3378 silly ADD node_modules/zustand
3379 silly ADD node_modules/vite-plugin-pwa
3380 silly ADD node_modules/typescript
3381 silly ADD node_modules/socket.io-client
3382 silly ADD node_modules/react-virtualized
3383 silly ADD node_modules/react-router-dom
3384 silly ADD node_modules/react-query
3385 silly ADD node_modules/react-intersection-observer
3386 silly ADD node_modules/react-hot-toast
3387 silly ADD node_modules/react-dom
3388 silly ADD node_modules/react
3389 silly ADD node_modules/lucide-react
3390 silly ADD node_modules/framer-motion
3391 silly ADD node_modules/date-fns
3392 silly ADD node_modules/axios
3393 silly ADD node_modules/postcss
3394 silly ADD node_modules/autoprefixer
3395 silly ADD node_modules/vite
3396 silly ADD node_modules/@vitejs/plugin-react
3397 silly ADD node_modules/@types/react-dom
3398 silly ADD node_modules/@types/react
3399 silly ADD node_modules/tailwindcss
3400 silly ADD node_modules/tailwindcss/node_modules/postcss-selector-parser
3401 silly ADD node_modules/@tailwindcss/typography
3402 timing command:install Completed in 24198ms
3403 verbose exit 0
3404 timing npm Completed in 24279ms
3405 info ok
